series_name,series_slug_tr,series_slug_en,release_date,figure_name,figure_slug_tr,figure_slug_en,figure_number,figure_code,character_name,short_description_tr,short_description_en,figure_role,figure_type,min_price,max_price,avg_price,price_updated_at,rarity_level,rarity_score,series_score,value_score,demand_score,view_count_30d,collection_count_30d,favorite_count_30d,rating_count,piece_count,accessory_count,main_color,image_url,thumbnail_url,is_featured,is_active,is_published
LEGO® Minifigürler Serisi 1,lego-minifigurler-serisi-1,lego-minifigures-series-1,2010-05-01,Tribal Hunter,tribal-hunter,tribal-hunter,1,col01-1,Tribal Hunter,"Tribal Hunter, ormanın derinliklerinde yaşayan iz sürme ustasıdır. Hayvan postlarından yaptığı kıyafetleriyle gizlenir, avını sessizce takip eder. Duyuları son derece gelişmiştir, en küçük izleri bile fark eder.",,Avcı,İz Sürücü,12,12,12,,Yaygın,,,,,0,0,0,0,6,,,,,FALSE,TRUE,TRUE
LEGO® Minifigürler Serisi 1,lego-minifigurler-serisi-1,lego-minifigures-series-1,2010-05-01,Cheerleader,cheerleader,cheerleader,2,col01-2,Cheerleader,"Cheerleader, enerjisi ve neşesiyle her ortamı canlandırır. Takımını motive eden tezahüratlarıyla herkesin moralini yükseltir. Asla pes etmez, her zaman “Go Team!” diye bağırmaya hazırdır.",,Destekçi,Neşeli / Motive Edici,10,10,10,,Yaygın,,,,,0,0,0,0,5,,,,,FALSE,TRUE,TRUE
LEGO® Minifigürler Serisi 1,lego-minifigurler-serisi-1,lego-minifigures-series-1,2010-05-01,Caveman,caveman,caveman,3,col01-3,Caveman,"Caveman, taş devrinin güçlü ve sevecen savaşçısıdır. Elindeki büyük sopayla avlanır ama dost canlısıdır. Yeni şeyler keşfetmeyi sever, her zaman ilkel ama içten bir kahkahası vardır.",,Savaşçı,İlkel / Güçlü,9,9,9,,Yaygın,,,,,0,0,0,0,5,,,,,FALSE,TRUE,TRUE
LEGO® Minifigürler Serisi 1,lego-minifigurler-serisi-1,lego-minifigures-series-1,2010-05-01,Circus Clown,circus-clown,circus-clown,4,col01-4,Circus Clown,"Circus Clown, sihirli sirk arenasında neşenin simgesidir. Renkli kostümü ve abartılı mimikleriyle herkesi güldürür. Bazen şapkasından tavşan çıkarır, bazen de seyircileri şaşkına çevirir.",,Eğlendirici,Komik,11,11,11,,Yaygın,,,,,0,0,0,0,6,,,,,FALSE,TRUE,TRUE
LEGO® Minifigürler Serisi 1,lego-minifigurler-serisi-1,lego-minifigures-series-1,2010-05-01,Zombie,zombie,zombie,5,col01-5,Zombie,"Zombie, sessiz adımlarla geceleri dolaşan bir gölgedir. Eski kıyafetleriyle hâlâ geçmiş yaşamının izlerini taşır. Korkutucu görünse de, aslında sadece arkadaş arayan yalnız bir ruhtur.",,Korku Karakteri,Ölü / Gizemli,25,25,25,,Çok Nadir,,,,,0,0,0,0,5,,,,,FALSE,TRUE,TRUE
LEGO® Minifigürler Serisi 1,lego-minifigurler-serisi-1,lego-minifigures-series-1,2010-05-01,Skater,skater,skater,6,col01-6,Skater,"Skater, şehir sokaklarının özgür ruhudur. Kaykayını altına alır, engelleri aşar, yeni numaralar dener. Asla durağan kalmaz; her düşüş, onun için yeni bir denge dersi olur.",,Sporcu,Özgür Ruh,8,8,8,,Yaygın,,,,,0,0,0,0,5,,,,,FALSE,TRUE,TRUE
LEGO® Minifigürler Serisi 1,lego-minifigurler-serisi-1,lego-minifigures-series-1,2010-05-01,Robot,robot,robot,7,col01-7,Robot,"Robot, geleceğin soğukkanlı yardımcısıdır. Programı kusursuz çalışır ama içinde küçük bir merak devresi vardır. İnsanlara yardım etmeyi sever, ama bazen “neden?” sorusuna kendi yanıtını arar.",,Teknolojik Varlık,Mekanik / Meraklı,9,9,9,,Yaygın,,,,,0,0,0,0,5,,,,,FALSE,TRUE,TRUE
LEGO® Minifigürler Serisi 1,lego-minifigurler-serisi-1,lego-minifigures-series-1,2010-05-01,Demolition Dummy,demolition-dummy,demolition-dummy,8,col01-8,Demolition Dummy,"Demolition Dummy, test dünyasının yıldızıdır. Her darbeyi soğukkanlılıkla karşılar, hiçbir kazadan yılmaz. Parçalansa bile tekrar birleştirilir; çünkü onun görevi dayanıklılığı kanıtlamaktır.",,Test Karakteri,Dayanıklı / Deneysel,7,7,7,,Yaygın,,,,,0,0,0,0,5,,,,,FALSE,TRUE,TRUE
LEGO® Minifigürler Serisi 1,lego-minifigurler-serisi-1,lego-minifigures-series-1,2010-05-01,Cowboy,cowboy,cowboy,9,col01-9,Cowboy,"Cowboy, vahşi batının cesur silahşorudur. Kovboy şapkasını takar, atını sürer ve adaleti savunur. Dürüstlüğüyle tanınır; bazen yalnız, ama her zaman doğru olanın peşindedir.",,Kahraman,Adalet Savunucusu,10,10,10,,Nadir,,,,,0,0,0,0,4,,,,,FALSE,TRUE,TRUE
LEGO® Minifigürler Serisi 1,lego-minifigurler-serisi-1,lego-minifigures-series-1,2010-05-01,Ninja,ninja,ninja,10,col01-10,Ninja,"Ninja, gölgelerin içinden sessizce süzülür. Kılıcıyla hızlı, zekasıyla keskindir. Onu fark ettiğin an, çoktan işini bitirmiştir. Onur ve sadakat, onun en güçlü silahlarıdır.",,Savaşçı,Gölge / Onurlu,15,15,15,,Nadir,,,,,0,0,0,0,5,,,,,FALSE,TRUE,TRUE
LEGO® Minifigürler Serisi 1,lego-minifigurler-serisi-1,lego-minifigures-series-1,2010-05-01,Nurse,nurse,nurse,11,col01-11,Nurse,"Nurse, herkesin iyileşmesini isteyen şefkatli bir kahramandır. Elinde stetoskopu, kalbinde sonsuz sabrı vardır. Her hastasına umut aşılar, küçük bir gülümsemenin bile gücüne inanır.",,Destekçi,Şefkatli / Yardımsever,9,9,9,,Yaygın,,,,,0,0,0,0,4,,,,,FALSE,TRUE,TRUE
LEGO® Minifigürler Serisi 1,lego-minifigurler-serisi-1,lego-minifigures-series-1,2010-05-01,Magician,magician,magician,12,col01-12,Magician,"Magician, illüzyonun efendisidir. Şapkasından tavşan, cebinden gizem çıkarır. Gerçekle hayali harmanlar; seyircisini büyülerken kendi sırlarını asla açık etmez. Her gösteri, küçük bir mucizedir.",,Sanatçı,Büyücü / İllüzyonist,10,10,10,,Yaygın,,,,,0,0,0,0,5,,,,,FALSE,TRUE,TRUE
LEGO® Minifigürler Serisi 1,lego-minifigurler-serisi-1,lego-minifigures-series-1,2010-05-01,Wrestler,wrestler,wrestler,13,col01-13,Wrestler,"Wrestler, ringin güçlü devi ve kalabalığın sevgilisidir. Renkli maskesiyle sahneye çıkar, seyircileri coşturur. Her hareketinde cesaret vardır; rakiplerine saygı duyar ama asla geri adım atmaz.",,Sporcu,Güçlü / Cesur,9,9,9,,Yaygın,,,,,0,0,0,0,5,,,,,FALSE,TRUE,TRUE
LEGO® Minifigürler Serisi 1,lego-minifigurler-serisi-1,lego-minifigures-series-1,2010-05-01,Spaceman,spaceman,spaceman,14,col01-14,Spaceman,"Spaceman, bilinmeyen galaksilerin keşifçisidir. Sonsuz uzayda maceraya atılır, yeni dünyalar arar. Cesaretiyle karanlığı yarar, yıldızlar arasında kaybolmak yerine ışık olur.",,Kaşif,Uzay Yolcusu,11,11,11,,Nadir,,,,,0,0,0,0,5,,,,,FALSE,TRUE,TRUE
LEGO® Minifigürler Serisi 1,lego-minifigurler-serisi-1,lego-minifigures-series-1,2010-05-01,Forestman,forestman,forestman,15,col01-15,Forestman,"Forestman, ormanın adaletini savunan gizli bir kahramandır. Oklarıyla keskin, kalbiyle merhametlidir. Haksızlığa karşı savaşır, doğayı korur ve dostlarına asla sırtını dönmez.",,Koruyucu,Doğa Savunucusu,12,12,12,,Yaygın,,,,,0,0,0,0,5,,,,,FALSE,TRUE,TRUE
LEGO® Minifigürler Serisi 1,lego-minifigurler-serisi-1,lego-minifigures-series-1,2010-05-01,Deep Sea Diver,deep-sea-diver,deep-sea-diver,16,col01-16,Deep Sea Diver,"Deep Sea Diver, okyanusun derinliklerine dalan cesur bir kaşiftir. Sualtının gizemli yaratıklarını inceler, kayıp hazinelerin peşine düşer. Karanlık sularda bile merakıyla yolunu bulur.",,Kaşif,Cesur / Meraklı,13,13,13,,Nadir,,,,,0,0,0,0,5,,,,,FALSE,TRUE,TRUE
LEGO® Minifigürler Serisi 2,lego-minifigurler-serisi-2,lego-minifigures-series-2,2010-09-01,Traffic Cop,traffic-cop,traffic-cop,1,col02-1,Traffic Cop,"Traffic Cop, şehirde düzenin koruyucusudur. Her an tetikte, elinde düdüğüyle trafiği yönlendirir. Kuralları uygularken adaletli ama serttir. Herkesin güvenliği onun için birincil önceliktir.",,Büyücü,Kötü Karakter,10,10,10,,Yaygın,,,,,0,0,0,0,5,,,,,FALSE,TRUE,TRUE
LEGO® Minifigürler Serisi 2,lego-minifigurler-serisi-2,lego-minifigures-series-2,2010-09-01,Witch,witch,witch,2,col02-2,Witch,"Witch, gizemli ormanların karanlık büyücüsüdür. Kazanında iksirler kaynatır, büyüleriyle kaderleri değiştirir. Siyah şapkasının altında bin yıllık sırlar saklıdır. Geceleri süpürgesiyle gökyüzünde uçar.",,Sporcu,Güçlü / Kararlı,9,9,9,,Yaygın,,,,,0,0,0,0,6,,,,,FALSE,TRUE,TRUE
LEGO® Minifigürler Serisi 2,lego-minifigurler-serisi-2,lego-minifigures-series-2,2010-09-01,Weightlifter,weightlifter,weightlifter,3,col02-3,Weightlifter,"Weightlifter, gücün vücut bulmuş halidir. Her yarışmada limitleri zorlar, asla pes etmez. Kaldırdığı ağırlıklarla sınırlarını aşar, seyircilerden alkış toplar. Azmiyle örnek bir sporcu olmuştur.",,Savaşçı,Onurlu / Cesur,15,15,15,,Nadir,,,,,0,0,0,0,5,,,,,FALSE,TRUE,TRUE
LEGO® Minifigürler Serisi 2,lego-minifigurler-serisi-2,lego-minifigures-series-2,2010-09-01,Spartan Warrior,spartan-warrior,spartan-warrior,4,col02-4,Spartan Warrior,"Spartan Warrior, antik çağların onurlu savaşçısıdır. Kalkanı ve mızrağıyla düşmanlarının önünde dimdik durur. Cesaretiyle bilinir, asla geri çekilmez. Onur onun için her şeyden önemlidir.",,Eğlendirici,Sunucu / Karizmatik,11,11,11,,Yaygın,,,,,0,0,0,0,6,,,,,FALSE,TRUE,TRUE
LEGO® Minifigürler Serisi 2,lego-minifigurler-serisi-2,lego-minifigures-series-2,2010-09-01,Ringmaster,ringmaster,ringmaster,5,col02-5,Ringmaster,"Ringmaster, sirkin büyüleyici sunucusudur. Elinde kırbaç, başında şapka, ağzında kusursuz kelimelerle seyircileri büyüler. Kaosun içinde düzen kurar, her gösterinin kalbidir.",,Sanatçı,Şarkıcı / Parlak Ruh,8,8,8,,Yaygın,,,,,0,0,0,0,5,,,,,FALSE,TRUE,TRUE
LEGO® Minifigürler Serisi 2,lego-minifigurler-serisi-2,lego-minifigures-series-2,2010-09-01,Pop Star,pop-star,pop-star,6,col02-6,Pop Star,"Pop Star, sahnelerin ışıltılı yıldızıdır. Mikrofonu eline aldığında tüm gözler onda olur. Dans eder, söyler, parıldar. Müzik onun damarlarında akar; hayranları onun enerjisine hayrandır.",,Korku Karakteri,Karanlık / Efsanevi,20,20,20,,Çok Nadir,,,,,0,0,0,0,5,,,,,FALSE,TRUE,TRUE
LEGO® Minifigürler Serisi 2,lego-minifigurler-serisi-2,lego-minifigures-series-2,2010-09-01,Vampire,vampire,vampire,7,col02-7,Vampire,"Vampire, gecenin efendisi, karanlığın soylusudur. Pelerinini savurarak avını büyüler, dişleriyle efsanelere konu olur. Asaletle hareket eder, sonsuz yaşamında yalnızlığına gömülmüştür.",,Lider,Tarihi / Hükümdar,14,14,14,,Nadir,,,,,0,0,0,0,5,,,,,FALSE,TRUE,TRUE
LEGO® Minifigürler Serisi 2,lego-minifigurler-serisi-2,lego-minifigures-series-2,2010-09-01,Pharaoh,pharaoh,pharaoh,8,col02-8,Pharaoh,"Pharaoh, antik Mısır’ın tanrısal hükümdarıdır. Altın tacıyla hükmeder, zamana meydan okur. Mezarında bile görkemi sürer. Efsaneler onun adını fısıldar, ölümsüzlüğüyle anılır.",,Kaşif,Meraklı / Cesur,10,10,10,,Yaygın,,,,,0,0,0,0,5,,,,,FALSE,TRUE,TRUE
LEGO® Minifigürler Serisi 2,lego-minifigurler-serisi-2,lego-minifigures-series-2,2010-09-01,Explorer,explorer,explorer,9,col02-9,Explorer,"Explorer, keşfetmenin tutkusuyla yaşayan cesur bir maceracıdır. Elinde haritası, sırtında çantasıyla bilinmeyen diyarlara yol alır. Her yeni bulgu, onun için bir hikaye başlangıcıdır.",,Savaşçı,Disiplinli / Dövüş Ustası,12,12,12,,Yaygın,,,,,0,0,0,0,5,,,,,FALSE,TRUE,TRUE
LEGO® Minifigürler Serisi 2,lego-minifigurler-serisi-2,lego-minifigures-series-2,2010-09-01,Karate Master,karate-master,karate-master,10,col02-10,Karate Master,"Karate Master, disiplin ve sabrın simgesidir. Ustalaşmış hareketleriyle her darbede dengeyi yakalar. Mütevazı ama güçlüdür. Gerçek zaferin içsel dinginlikte olduğunu öğretir.",,Dansçı,Neşeli / Enerjik,8,8,8,,Yaygın,,,,,0,0,0,0,5,,,,,FALSE,TRUE,TRUE
LEGO® Minifigürler Serisi 2,lego-minifigurler-serisi-2,lego-minifigures-series-2,2010-09-01,Disco Dude,disco-dude,disco-dude,11,col02-11,Disco Dude,"Disco Dude, müziğin ritmiyle yaşayan ışıltılı bir figürdür. Renkli kıyafetiyle sahnede parlar, her hareketiyle geçmişin enerjisini bugüne taşır. Dans pistinde zamanı durdurur.",,Sporcu,Macera Tutkunu,9,9,9,,Yaygın,,,,,0,0,0,0,5,,,,,FALSE,TRUE,TRUE
LEGO® Minifigürler Serisi 2,lego-minifigurler-serisi-2,lego-minifigures-series-2,2010-09-01,Surfer,surfer,surfer,12,col02-12,Surfer,"Surfer, dalgaların efendisidir. Denizin çağrısına kulak verir, tahtasıyla özgürlüğün sınırlarını zorlar. Her dalga, onun için yeni bir maceradır. Güneş ve tuz, hayatının parçasıdır.",,Sanatçı,Sessiz / Duygusal,7,7,7,,Yaygın,,,,,0,0,0,0,4,,,,,FALSE,TRUE,TRUE
LEGO® Minifigürler Serisi 2,lego-minifigurler-serisi-2,lego-minifigures-series-2,2010-09-01,Mime,mime,mime,13,col02-13,Mime,"Mime, sessizliğin ustasıdır. Hiç konuşmaz ama her hareketiyle duyguları anlatır. Görünmeyen duvarların arasında hayal kurar, seyircinin kalbine sessizce dokunur.",,Sporcu,Hız Tutkunu,8,8,8,,Yaygın,,,,,0,0,0,0,5,,,,,FALSE,TRUE,TRUE
LEGO® Minifigürler Serisi 2,lego-minifigurler-serisi-2,lego-minifigures-series-2,2010-09-01,Skier,skier,skier,14,col02-14,Skier,"Skier, karlı dağların hız tutkunudur. Rüzgar yüzüne çarparken içindeki özgürlüğü hisseder. Soğuk onu durduramaz, zirveye tırmandıkça kendini bulur. Her iniş bir zaferdir.",,Kahraman,Cesur / Fedakar,9,9,9,,Yaygın,,,,,0,0,0,0,5,,,,,FALSE,TRUE,TRUE
LEGO® Minifigürler Serisi 2,lego-minifigurler-serisi-2,lego-minifigures-series-2,2010-09-01,Lifeguard,lifeguard,lifeguard,15,col02-15,Lifeguard,"Lifeguard, sahillerin gözcüsüdür. Dalgaların ve güneşin ortasında her an tetiktedir. Kurtardığı her hayatla kahraman olur. Gülümsemesiyle güven verir, cesaretiyle örnek olur.",,Sanatçı,Müzisyen / Neşeli,8,8,8,,Yaygın,,,,,0,0,0,0,5,,,,,FALSE,TRUE,TRUE
LEGO® Minifigürler Serisi 2,lego-minifigurler-serisi-2,lego-minifigures-series-2,2010-09-01,Mariachi,mariachi,mariachi,16,col02-16,Mariachi,"Mariachi, Meksika müziğinin neşeli temsilcisidir. Gitarını eline alır, ritmiyle herkesi dansa davet eder. Her notada tutku vardır; şarkılarıyla kalpleri ısıtır, sokaklara mutluluk saçar.",,Eğlendirici,Sahne Sanatçısı,10,10,10,,Nadir,,,,,0,0,0,0,5,,,,,FALSE,TRUE,TRUE
LEGO® Minifigürler Serisi 3,lego-minifigurler-serisi-3,lego-minifigures-series-3,2011-01-01,Gorilla Suit Guy,gorilla-suit-guy,gorilla-suit-guy,1,col03-1,Gorilla Suit Guy,"Gorilla Suit Guy, eğlenceli gösterilerin vazgeçilmez maskotudur. Devasa goril kostümüyle kalabalıkları güldürür. Sahne arkasında sessiz bir kahramandır; insanları eğlendirmeyi sever ama kostümün içindeki kim olduğunu kimse bilmez.",,Eğlendirici,Maskot / Komik Karakter,10,10,10,,Yaygın,,,,,0,0,0,0,5,,,,,FALSE,TRUE,TRUE
LEGO® Minifigürler Serisi 3,lego-minifigurler-serisi-3,lego-minifigures-series-3,2011-01-01,Pilot,pilot,pilot,2,col03-2,Pilot,"Pilot, gökyüzünün özgür ruhudur. Uçağını bulutların arasından ustalıkla geçirir. Yeni ufuklar keşfetmeyi sever, her iniş onun için bir zaferdir. Cesareti ve disipliniyle ekibine güven verir.",,Pilot,Cesur / Maceraperest,8,8,8,,Yaygın,,,,,0,0,0,0,5,,,,,FALSE,TRUE,TRUE
LEGO® Minifigürler Serisi 3,lego-minifigurler-serisi-3,lego-minifigures-series-3,2011-01-01,Baseball Player,baseball-player,baseball-player,3,col03-3,Baseball Player,"Baseball Player, sahaların yıldızıdır. Sopasını kaldırdığında herkes nefesini tutar. Her vuruşta takımını zafere taşır. Kararlılığı ve hırsıyla sporda başarıya ulaşmanın sembolüdür.",,Sporcu,Takım Oyuncusu / Kararlı,9,9,9,,Yaygın,,,,,0,0,0,0,5,,,,,FALSE,TRUE,TRUE
LEGO® Minifigürler Serisi 3,lego-minifigurler-serisi-3,lego-minifigures-series-3,2011-01-01,Samurai Warrior,samurai-warrior,samurai-warrior,4,col03-4,Samurai Warrior,"Samurai Warrior, onur ve disiplinle yaşayan bir savaşçıdır. Kılıcını sadece adalet için çeker. Antik geleneklere bağlı, ruhu saf bir dövüşçüdür. Savaşta sessiz ama ölümcül derecede etkilidir.",,Savaşçı,Onurlu / Disiplinli,15,15,15,,Nadir,,,,,0,0,0,0,6,,,,,FALSE,TRUE,TRUE
LEGO® Minifigürler Serisi 3,lego-minifigurler-serisi-3,lego-minifigures-series-3,2011-01-01,Space Villain,space-villain,space-villain,5,col03-5,Space Villain,"Space Villain, galaksiler arası kötülüğün temsilcisidir. Parlayan gözleriyle düşmanlarını korkutur. Teknolojiye hükmeden zekasıyla evreni ele geçirmeye çalışır. Onunla karşılaşanlar cesaret testinden geçer.",,Kötü Karakter,Uzaylı / Teknolojik,12,12,12,,Nadir,,,,,0,0,0,0,5,,,,,FALSE,TRUE,TRUE
LEGO® Minifigürler Serisi 3,lego-minifigurler-serisi-3,lego-minifigures-series-3,2011-01-01,Hula Dancer,hula-dancer,hula-dancer,6,col03-6,Hula Dancer,"Hula Dancer, tropik adaların ritmini bedeninde taşır. Her dönüşüyle rüzgarı dansa davet eder. Neşeli ve sıcak kalplidir. Sahildeki her festivalde enerjisiyle büyüler.",,Dansçı,Neşeli / Tropik Ruh,8,8,8,,Yaygın,,,,,0,0,0,0,5,,,,,FALSE,TRUE,TRUE
LEGO® Minifigürler Serisi 3,lego-minifigurler-serisi-3,lego-minifigures-series-3,2011-01-01,Race Car Driver,race-car-driver,race-car-driver,7,col03-7,Race Car Driver,"Race Car Driver, hızın ve rekabetin tutkunudur. Kaskını takar, pistte adeta rüzgar olur. Her yarışta limitleri zorlar. Kazanmak için doğmuştur; motorun sesi onun kalp atışıdır.",,Sporcu,Yarışçı / Hız Tutkunu,9,9,9,,Yaygın,,,,,0,0,0,0,5,,,,,FALSE,TRUE,TRUE
LEGO® Minifigürler Serisi 3,lego-minifigurler-serisi-3,lego-minifigures-series-3,2011-01-01,Elf,elf,elf,8,col03-8,Elf,"Elf, doğanın kadim koruyucusudur. Uzun ömrü boyunca ormanları ve büyüyü korur. Yayındaki her ok, adalet için atılır. Sessizdir ama gerektiğinde yıldırım gibi hızlı davranır.",,Fantastik Karakter,Doğa Koruyucusu / Efsanevi,20,20,20,,Çok Nadir,,,,,0,0,0,0,6,,,,,FALSE,TRUE,TRUE
LEGO® Minifigürler Serisi 3,lego-minifigurler-serisi-3,lego-minifigures-series-3,2011-01-01,Fisherman,fisherman,fisherman,9,col03-9,Fisherman,"Fisherman, sabrın ve huzurun sembolüdür. Gün doğumunda göle çıkar, oltasını sessizce suya bırakır. Balık tutmak onun için bir meditasyondur. Doğayla uyum içinde yaşar.",,Kaşif,Sakin / Doğa Dostu,10,10,10,,Yaygın,,,,,0,0,0,0,5,,,,,FALSE,TRUE,TRUE
LEGO® Minifigürler Serisi 3,lego-minifigurler-serisi-3,lego-minifigures-series-3,2011-01-01,Sumo Wrestler,sumo-wrestler,sumo-wrestler,10,col03-10,Sumo Wrestler,"Sumo Wrestler, gücün ve denge sanatının ustasıdır. Her rakibini saygıyla karşılar. Geleneksel kıyafetiyle ringe çıkar, her adımında disiplini hissedilir. Onun için her maç bir onur mücadelesidir.",,Savaşçı,Güçlü / Geleneksel,9,9,9,,Yaygın,,,,,0,0,0,0,5,,,,,FALSE,TRUE,TRUE
LEGO® Minifigürler Serisi 3,lego-minifigurler-serisi-3,lego-minifigures-series-3,2011-01-01,Snowboarder,snowboarder,snowboarder,11,col03-11,Snowboarder,"Snowboarder, karla kaplı dağların özgür ruhudur. Tahtasının üzerinde kayarken rüzgarla yarışır. Her atlayışta adrenalin zirveye ulaşır. Soğuk hava bile onun enerjisini dindiremez.",,Sporcu,Maceraperest / Genç Ruh,8,8,8,,Yaygın,,,,,0,0,0,0,5,,,,,FALSE,TRUE,TRUE
LEGO® Minifigürler Serisi 3,lego-minifigurler-serisi-3,lego-minifigures-series-3,2011-01-01,Tennis Player,tennis-player,tennis-player,12,col03-12,Tennis Player,"Tennis Player, kortun dinamosudur. Raketiyle topu ustaca yönlendirir, her vuruşunda zaferi hedefler. Disiplinli, rekabetçi ve tutkulu bir sporcudur. Her maç onun için yeni bir mücadeledir.",,Sporcu,Disiplinli / Dikkatli,7,7,7,,Yaygın,,,,,0,0,0,0,4,,,,,FALSE,TRUE,TRUE
LEGO® Minifigürler Serisi 3,lego-minifigurler-serisi-3,lego-minifigures-series-3,2011-01-01,Rapper,rapper,rapper,13,col03-13,Rapper,"Rapper, ritimle konuşur, kelimeleriyle dünyayı şekillendirir. Mikrofonu eline aldığında sahne alev alır. Sokak kültürünü ve özgürlüğü temsil eder. Her sözü bir hikaye taşır.",,Sanatçı,Müzisyen / Özgür Ruh,8,8,8,,Yaygın,,,,,0,0,0,0,5,,,,,FALSE,TRUE,TRUE
LEGO® Minifigürler Serisi 3,lego-minifigurler-serisi-3,lego-minifigures-series-3,2011-01-01,Mummy,mummy,mummy,14,col03-14,Mummy,"Mummy, bin yıllık uykusundan uyanan gizemli bir varlıktır. Sarılı bezleri arasında eski sırlar saklar. Ne tam canlıdır ne ölü. Mezarlardan gelen fısıltılar onun hikayesini anlatır.",,Korku Karakteri,Gizemli / Efsanevi,11,11,11,,Nadir,,,,,0,0,0,0,5,,,,,FALSE,TRUE,TRUE
LEGO® Minifigürler Serisi 3,lego-minifigurler-serisi-3,lego-minifigures-series-3,2011-01-01,Alien,alien,alien,15,col03-15,Alien,"Alien, bilinmeyen gezegenlerden gelen gizemli bir yaratıktır. Parlayan gözleriyle yıldızların ötesini görür. Barışçıl mı yoksa istilacı mı olduğu bilinmez. Evrende yalnız olmadığımızın kanıtıdır.",,Uzaylı,Bilinmeyen / Gizemli,10,10,10,,Yaygın,,,,,0,0,0,0,5,,,,,FALSE,TRUE,TRUE
LEGO® Minifigürler Serisi 3,lego-minifigurler-serisi-3,lego-minifigures-series-3,2011-01-01,Tribal Chief,tribal-chief,tribal-chief,16,col03-16,Tribal Chief,"Tribal Chief, kabilesinin bilge lideridir. Halkını korur, doğaya saygı duyar. Her kararı tecrübe ve adaletle verir. Cesur ama merhametlidir; sözleriyle bile savaşları bitirebilir.",,Lider,Bilge / Adaletli,13,13,13,,Nadir,,,,,0,0,0,0,6,,,,,FALSE,TRUE,TRUE
LEGO® Minifigürler Serisi 4,lego-minifigurler-serisi-4,lego-minifigures-series-4,2011-04-01,The Monster,the-monster,the-monster,1,col04-1,The Monster,"The Monster, laboratuvardan kaçan güçlü bir yaratık. Bilim adamının deneyinden doğdu ama kalbi kötü değil. Gücü sınırsız, ama dost arıyor. Her adımında yer sarsılıyor.",,Yaratık,Korku Karakteri / Güçlü,10,10,10,,Yaygın,,,,,0,0,0,0,5,,,,,FALSE,TRUE,TRUE
LEGO® Minifigürler Serisi 4,lego-minifigurler-serisi-4,lego-minifigures-series-4,2011-04-01,Surfer Girl,surfer-girl,surfer-girl,2,col04-2,Surfer Girl,"Surfer Girl, dalgaların cesur savaşçısı. Denizin enerjisini hisseder, her dalgada sınırlarını zorlar. Güneş, deniz ve özgürlük onun yaşam tarzı. Dalgalarla yarışırken mutlulukla gülümser.",,Sporcu,Maceraperest / Cesur,9,9,9,,Yaygın,,,,,0,0,0,0,5,,,,,FALSE,TRUE,TRUE
LEGO® Minifigürler Serisi 4,lego-minifigurler-serisi-4,lego-minifigures-series-4,2011-04-01,Sailor,sailor,sailor,3,col04-3,Sailor,"Sailor, denizlerin kahramanı. Ufukta yeni maceralar arar. Dürüst, disiplinli ve cesurdur. Fırtınalarla savaşır ama pes etmez. Denizin dilini anlar, her dalgada bir hikaye bulur.",,Denizci,Kahraman / Cesur,8,8,8,,Yaygın,,,,,0,0,0,0,5,,,,,FALSE,TRUE,TRUE
LEGO® Minifigürler Serisi 4,lego-minifigurler-serisi-4,lego-minifigures-series-4,2011-04-01,Viking,viking,viking,4,col04-4,Viking,"Viking, kuzeyin korkusuz savaşçısı. Kalkanı ve baltasıyla zafere yürür. Onur, cesaret ve sadakat onun yaşam ilkeleridir. Efsanelerde adı geçen savaşlardan sağ çıkan az kişiden biridir.",,Savaşçı,Efsanevi / Onurlu,14,14,14,,Nadir,,,,,0,0,0,0,6,,,,,FALSE,TRUE,TRUE
LEGO® Minifigürler Serisi 4,lego-minifigurler-serisi-4,lego-minifigures-series-4,2011-04-01,The Artist,the-artist,the-artist,5,col04-5,The Artist,"The Artist, yaratıcılığın vücut bulmuş halidir. Fırçasını kaldırdığında renkler dile gelir. Her tablosu farklı bir hikaye anlatır. Sanat onun için bir yaşam biçimidir.",,Sanatçı,Yaratıcı / Hayalperest,9,9,9,,Yaygın,,,,,0,0,0,0,5,,,,,FALSE,TRUE,TRUE
LEGO® Minifigürler Serisi 4,lego-minifigurler-serisi-4,lego-minifigures-series-4,2011-04-01,Hockey Player,hockey-player,hockey-player,6,col04-6,Hockey Player,"Hockey Player, buz üstünde hızla süzülen güçlü bir sporcudur. Takımı için her şeyi göze alır. Disiplinli, çevik ve kararlıdır. Her maçta zafer için mücadele eder.",,Sporcu,Takım Oyuncusu / Hırslı,8,8,8,,Yaygın,,,,,0,0,0,0,5,,,,,FALSE,TRUE,TRUE
LEGO® Minifigürler Serisi 4,lego-minifigurler-serisi-4,lego-minifigures-series-4,2011-04-01,Hazmat Guy,hazmat-guy,hazmat-guy,7,col04-7,Hazmat Guy,"Hazmat Guy, tehlikeli bölgelerin sessiz kahramanıdır. Koruyucu kıyafetiyle her riske göğüs gerer. Zehirli ortamlarda bile sakin kalır. Cesaretiyle hayat kurtarır.",,Kahraman,Koruyucu / Fedakar,25,25,25,,Çok Nadir,,,,,0,0,0,0,5,,,,,FALSE,TRUE,TRUE
LEGO® Minifigürler Serisi 4,lego-minifigurler-serisi-4,lego-minifigures-series-4,2011-04-01,Werewolf,werewolf,werewolf,8,col04-8,Werewolf,"Werewolf, gecenin yaratığıdır. Dolunay çıktığında içindeki canavar uyanır. Güçlü, hızlı ve korkutucudur ama yalnızdır. İnsan yanıyla canavar doğası arasında sıkışmıştır.",,Yaratık,Efsanevi / Karanlık,12,12,12,,Nadir,,,,,0,0,0,0,5,,,,,FALSE,TRUE,TRUE
LEGO® Minifigürler Serisi 4,lego-minifigurler-serisi-4,lego-minifigures-series-4,2011-04-01,Soccer Player,soccer-player,soccer-player,9,col04-9,Soccer Player,"Soccer Player, sahaların yıldızıdır. Her maçta enerjisiyle izleyenleri büyüler. Takım oyununu sever, attığı gollerle taraftarları coşturur. Disiplin ve azimle başarıya ulaşır.",,Sporcu,Takım Oyuncusu / Azimli,8,8,8,,Yaygın,,,,,0,0,0,0,5,,,,,FALSE,TRUE,TRUE
LEGO® Minifigürler Serisi 4,lego-minifigurler-serisi-4,lego-minifigures-series-4,2011-04-01,Kimono Girl,kimono-girl,kimono-girl,10,col04-10,Kimono Girl,"Kimono Girl, zarafetin ve geleneğin simgesidir. Sessiz adımlarla yürür, her hareketiyle bir sanat eseri gibidir. Kültürünü gururla taşır, huzur ve güzellik yayar.",,Geleneksel Karakter,Zarif / Sakin,10,10,10,,Yaygın,,,,,0,0,0,0,4,,,,,FALSE,TRUE,TRUE
LEGO® Minifigürler Serisi 4,lego-minifigurler-serisi-4,lego-minifigures-series-4,2011-04-01,The Musketeer,the-musketeer,the-musketeer,11,col04-11,The Musketeer,"The Musketeer, onuruna düşkün bir şövalyedir. Kılıcını sadece adalet için çeker. Dostlarına sadıktır, düşmanlarına merhametlidir. Cesaretiyle tarih kitaplarına geçmiştir.",,Savaşçı,Kahraman / Disiplinli,13,13,13,,Nadir,,,,,0,0,0,0,6,,,,,FALSE,TRUE,TRUE
LEGO® Minifigürler Serisi 4,lego-minifigurler-serisi-4,lego-minifigures-series-4,2011-04-01,The Punk Rocker,the-punk-rocker,the-punk-rocker,12,col04-12,The Punk Rocker,"The Punk Rocker, müziğiyle duvarları yıkar. Gitarı elinde, sesi özgürlüğü haykırır. Kuralları sevmez, kendi yolunu çizer. Asi ruhuyla sahnede fırtına gibi eser.",,Sanatçı,Müzisyen / Asi,9,9,9,,Yaygın,,,,,0,0,0,0,5,,,,,FALSE,TRUE,TRUE
LEGO® Minifigürler Serisi 4,lego-minifigurler-serisi-4,lego-minifigures-series-4,2011-04-01,The Lawn Gnome,the-lawn-gnome,the-lawn-gnome,13,col04-13,The Lawn Gnome,"The Lawn Gnome, bahçelerin gizli koruyucusudur. Şapkasını takar, gece boyunca nöbet tutar. Küçük ama cesurdur. Doğayı ve dostlarını korumak onun görevdir.",,Fantastik Karakter,Doğa Koruyucusu / Neşeli,10,10,10,,Yaygın,,,,,0,0,0,0,5,,,,,FALSE,TRUE,TRUE
LEGO® Minifigürler Serisi 4,lego-minifigurler-serisi-4,lego-minifigures-series-4,2011-04-01,The Crazy Scientist,the-crazy-scientist,the-crazy-scientist,14,col04-14,The Crazy Scientist,"The Crazy Scientist, bilimin sınırlarını zorlayan bir dahidir. Deneylerinde bazen kaos yaratır ama amacı hep keşiftir. Çılgın fikirleriyle dünyayı değiştirmek ister.",,Bilim İnsanı,Dahi / Çılgın,11,11,11,,Nadir,,,,,0,0,0,0,5,,,,,FALSE,TRUE,TRUE
LEGO® Minifigürler Serisi 4,lego-minifigurler-serisi-4,lego-minifigures-series-4,2011-04-01,The Skateboarder,the-skateboarder,the-skateboarder,15,col04-15,The Skateboarder,"The Skateboarder, sokakların özgür ruhudur. Tahtasının üzerinde denge kurarken dünyayı unutur. Her düşüş yeni bir denge dersi, her dönüş bir özgürlük ifadesidir.",,Sporcu,Genç Ruh / Özgür,8,8,8,,Yaygın,,,,,0,0,0,0,5,,,,,FALSE,TRUE,TRUE
LEGO® Minifigürler Serisi 4,lego-minifigurler-serisi-4,lego-minifigures-series-4,2011-04-01,The Ice Skater,the-ice-skater,the-ice-skater,16,col04-16,The Ice Skater,"The Ice Skater, zarafetiyle buz üzerinde süzülür. Her hareketi bir sanat eseridir. Disiplini ve estetiği birleştirir. Patenleriyle buzda iz bırakır, kalplerde hayranlık uyandırır.",,Sanatçı,Zarif / Estetik,10,10,10,,Yaygın,,,,,0,0,0,0,5,,,,,FALSE,TRUE,TRUE
LEGO® Minifigürler Serisi 5,lego-minifigurler-serisi-5,lego-minifigures-series-5,2011-09-01,Graduate,graduate,graduate,1,col05-1,Graduate,"Graduate, hayatta yeni bir sayfa açan gururlu bir öğrencidir. Kepini fırlatırken içi umutla dolar. Yılların emeğini taşır; geleceğe güvenle bakar, bilgiyle dünyayı değiştireceğine inanır.",,Öğrenci,Mezun / Gururlu,8,8,8,,Yaygın,,,,,0,0,0,0,5,,,,,FALSE,TRUE,TRUE
LEGO® Minifigürler Serisi 5,lego-minifigurler-serisi-5,lego-minifigures-series-5,2011-09-01,Gladiator,gladiator,gladiator,2,col05-2,Gladiator,"Gladiator, arenanın korkusuz savaşçısıdır. Kılıcıyla onurunu savunur, her dövüşte zafer için mücadele eder. Cesaretiyle efsanelere konu olur, adalet için savaşmaktan asla vazgeçmez.",,Savaşçı,Kahraman / Onurlu,15,15,15,,Nadir,,,,,0,0,0,0,6,,,,,FALSE,TRUE,TRUE
LEGO® Minifigürler Serisi 5,lego-minifigurler-serisi-5,lego-minifigures-series-5,2011-09-01,Egyptian Queen,egyptian-queen,egyptian-queen,3,col05-3,Egyptian Queen,"Egyptian Queen, antik dünyanın zarif hükümdarıdır. Altın tacı ve asaletiyle hükmeder. Halkı onu hem korkuyla hem hayranlıkla anar. Sonsuz güzelliğiyle zamanın ötesinde bir figürdür.",,Lider,Kraliçe / Zarif,12,12,12,,Nadir,,,,,0,0,0,0,5,,,,,FALSE,TRUE,TRUE
LEGO® Minifigürler Serisi 5,lego-minifigurler-serisi-5,lego-minifigures-series-5,2011-09-01,Gangster,gangster,gangster,4,col05-4,Gangster,"Gangster, 1930’ların karanlık sokaklarında hüküm süren kurnaz bir liderdir. Şapkasını takar, planlarını sessizce yapar. Sadakat onun için her şeydir. Kuralları kendisi koyar.",,Suçlu,Stratejist / Kurnaz,9,9,9,,Yaygın,,,,,0,0,0,0,5,,,,,FALSE,TRUE,TRUE
LEGO® Minifigürler Serisi 5,lego-minifigurler-serisi-5,lego-minifigures-series-5,2011-09-01,Fitness Instructor,fitness-instructor,fitness-instructor,5,col05-5,Fitness Instructor,"Fitness Instructor, enerjisiyle çevresindekilere ilham verir. Müzik açıldığında ritimle hareket eder, pes etmek kelimesi sözlüğünde yoktur. Sağlıklı yaşamın neşeli temsilcisidir.",,Eğitmen,Enerjik / İlham Verici,8,8,8,,Yaygın,,,,,0,0,0,0,5,,,,,FALSE,TRUE,TRUE
LEGO® Minifigürler Serisi 5,lego-minifigurler-serisi-5,lego-minifigures-series-5,2011-09-01,Lumberjack,lumberjack,lumberjack,6,col05-6,Lumberjack,"Lumberjack, doğanın güçlü dostudur. Baltasını kaldırır, ormanda yankılanan sesiyle ağaçları biçer. Gücünün yanında doğaya saygılıdır. Her işini özenle yapar, emeğin simgesidir.",,Emekçi,Doğa Dostu / Güçlü,9,9,9,,Yaygın,,,,,0,0,0,0,5,,,,,FALSE,TRUE,TRUE
LEGO® Minifigürler Serisi 5,lego-minifigurler-serisi-5,lego-minifigures-series-5,2011-09-01,Small Clown,small-clown,small-clown,7,col05-7,Small Clown,"Small Clown, neşenin minik temsilcisidir. Yüzündeki boyalarla herkesi güldürür. Şakaları ve neşesiyle karanlık günleri aydınlatır. Gülmenin gücüne inanır, kalplere mutluluk saçar.",,Eğlendirici,Komik / Neşeli,8,8,8,,Yaygın,,,,,0,0,0,0,5,,,,,FALSE,TRUE,TRUE
LEGO® Minifigürler Serisi 5,lego-minifigurler-serisi-5,lego-minifigures-series-5,2011-09-01,Detective,detective,detective,8,col05-8,Detective,"Detective, gizemlerin peşinden giden keskin zekalı bir araştırmacıdır. Her ipucunu dikkatle inceler, gerçeğe ulaşana kadar pes etmez. Dedektiflik onun için bir sanattır.",,Dedektif,Araştırmacı / Zeki,10,10,10,,Yaygın,,,,,0,0,0,0,5,,,,,FALSE,TRUE,TRUE
LEGO® Minifigürler Serisi 5,lego-minifigurler-serisi-5,lego-minifigures-series-5,2011-09-01,Snowboarder Girl,snowboarder-girl,snowboarder-girl,9,col05-9,Snowboarder Girl,"Snowboarder Girl, karla kaplı dağların özgür ruhudur. Tahtasının üzerinde kayarken rüzgarla yarışır. Cesur, dengeli ve tutkuludur. Her atlayışta yeni bir heyecan yaşar.",,Sporcu,Maceraperest / Cesur,8,8,8,,Yaygın,,,,,0,0,0,0,5,,,,,FALSE,TRUE,TRUE
LEGO® Minifigürler Serisi 5,lego-minifigurler-serisi-5,lego-minifigures-series-5,2011-09-01,Zookeeper,zookeeper,zookeeper,10,col05-10,Zookeeper,"Zookeeper, hayvanların sadık dostudur. Her sabah onları sevgiyle besler, yaralı olanları iyileştirir. Sabırlı ve şefkatlidir. Doğanın dengesini korumayı bir görev bilir.",,Doğa Koruyucusu,Hayvansever / Şefkatli,10,10,10,,Yaygın,,,,,0,0,0,0,5,,,,,FALSE,TRUE,TRUE
LEGO® Minifigürler Serisi 5,lego-minifigurler-serisi-5,lego-minifigures-series-5,2011-09-01,Lizard Man,lizard-man,lizard-man,11,col05-11,Lizard Man,"Lizard Man, gizemli bir yaratığın kostümünü giymiş cesur bir eğlendiricidir. Kalabalıkları şaşırtmayı sever. Kostümün içinde kim olduğunu kimse bilmez ama herkes onu konuşur.",,Eğlendirici,Kostümlü Karakter / Cesur,14,14,14,,Nadir,,,,,0,0,0,0,5,,,,,FALSE,TRUE,TRUE
LEGO® Minifigürler Serisi 5,lego-minifigurler-serisi-5,lego-minifigures-series-5,2011-09-01,Royal Guard,royal-guard,royal-guard,12,col05-12,Royal Guard,"Royal Guard, krallığın sessiz koruyucusudur. Asla görev yerinden ayrılmaz, sarsılmaz bir disiplini vardır. Gururla nöbet tutar, krallığın güvenliği onun sorumluluğundadır.",,Koruyucu,Disiplinli / Gururlu,9,9,9,,Yaygın,,,,,0,0,0,0,4,,,,,FALSE,TRUE,TRUE
LEGO® Minifigürler Serisi 5,lego-minifigurler-serisi-5,lego-minifigures-series-5,2011-09-01,Evil Dwarf,evil-dwarf,evil-dwarf,13,col05-13,Evil Dwarf,"Evil Dwarf, yeraltının güçlü savaşçısıdır. Balta kullanmadaki ustalığı dillere destandır. Karanlıkta yaşasa da onurludur. Düşmanlarına karşı acımasız ama halkına sadıktır.",,Savaşçı,Yeraltı Kahramanı / Karanlık,13,13,13,,Nadir,,,,,0,0,0,0,6,,,,,FALSE,TRUE,TRUE
LEGO® Minifigürler Serisi 5,lego-minifigurler-serisi-5,lego-minifigures-series-5,2011-09-01,Cave Woman,cave-woman,cave-woman,14,col05-14,Cave Woman,"Cave Woman, taş devrinin güçlü kadınıdır. Avcılıkta ustadır, kabilesini korur. Gücü kadar sezgileriyle de öne çıkar. İlkel ama cesur bir liderdir.",,İlkel Karakter,Güçlü Kadın / Cesur,11,11,11,,Nadir,,,,,0,0,0,0,5,,,,,FALSE,TRUE,TRUE
LEGO® Minifigürler Serisi 5,lego-minifigurler-serisi-5,lego-minifigures-series-5,2011-09-01,Boxer,boxer,boxer,15,col05-15,Boxer,"Boxer, ringin hırslı dövüşçüsüdür. Yumrukları kadar kalbi de güçlüdür. Her raundda pes etmeyip ayağa kalkar. Zafer için ter döker, rakiplerine saygı duyar.",,Sporcu,Dövüşçü / Azimli,9,9,9,,Yaygın,,,,,0,0,0,0,5,,,,,FALSE,TRUE,TRUE
LEGO® Minifigürler Serisi 5,lego-minifigurler-serisi-5,lego-minifigures-series-5,2011-09-01,Eskimo,eskimo,eskimo,16,col05-16,Eskimo,"Eskimo, kuzeyin soğuk diyarlarında yaşayan sıcak kalpli bir kaşiftir. Kar fırtınaları onu durduramaz. Balık tutar, iglosunda huzuru bulur. Soğukta bile dost canlısıdır.",,Kaşif,Dayanıklı / Dost Canlısı,10,10,10,,Yaygın,,,,,0,0,0,0,5,,,,,FALSE,TRUE,TRUE
LEGO® Minifigürler Serisi 6,lego-minifigurler-serisi-6,lego-minifigures-series-6,2012-01-01,Mechanic,mechanic,mechanic,1,col06-1,Mechanic,"Mechanic, motorların ustasıdır. Ellerinden çıkan her araç yeniden hayat bulur. Yağ lekeleri umursamaz; onun için önemli olan çalıştırdığı makinelerin sesidir. Emeğiyle gurur duyar, tamir onun için sanattır.",,Emekçi,Usta / Çalışkan,8,8,8,,Yaygın,,,,,0,0,0,0,5,,,,,FALSE,TRUE,TRUE
LEGO® Minifigürler Serisi 6,lego-minifigurler-serisi-6,lego-minifigures-series-6,2012-01-01,Butcher,butcher,butcher,2,col06-2,Butcher,"Butcher, kasap dükkanının güler yüzlü sahibidir. Etleri ustalıkla keser, bıçağı onun uzantısı gibidir. Hijyen ve titizlik onun işinin temelidir. Müşterileri onun güvenilirliğini bilir.",,Esnaf,Güvenilir / Titiz,8,8,8,,Yaygın,,,,,0,0,0,0,5,,,,,FALSE,TRUE,TRUE
LEGO® Minifigürler Serisi 6,lego-minifigurler-serisi-6,lego-minifigures-series-6,2012-01-01,Genie,genie,genie,3,col06-3,Genie,"Genie, sihirli lambasından çıkan dilek ustasıdır. Üç dilek hakkı sunar ama her isteğin bir bedeli vardır. Mizahi, güçlü ve bilgedir. Kaderle oyun oynamayı sever.",,Büyülü Varlık,Mizahi / Bilge,10,10,10,,Nadir,,,,,0,0,0,0,5,,,,,FALSE,TRUE,TRUE
LEGO® Minifigürler Serisi 6,lego-minifigurler-serisi-6,lego-minifigures-series-6,2012-01-01,Minotaur,minotaur,minotaur,4,col06-4,Minotaur,"Minotaur, labirentin korkulan yaratığıdır. Gücüyle duvarları yıkar. Korkutucu görünse de adaletlidir. Kendisini anlamayan dünyada yalnızdır ama savaşta rakipsizdir.",,Yaratık,Güçlü / Yalnız,14,14,14,,Nadir,,,,,0,0,0,0,6,,,,,FALSE,TRUE,TRUE
LEGO® Minifigürler Serisi 6,lego-minifigurler-serisi-6,lego-minifigures-series-6,2012-01-01,Leprechaun,leprechaun,leprechaun,5,col06-5,Leprechaun,"Leprechaun, şansın küçük koruyucusudur. Altın dolu kazanını saklar, gökkuşağının sonunda yaşar. Neşelidir ama kurnazdır. Herkes onu yakalamaya çalışır ama kimse başaramaz.",,Efsanevi Karakter,Şans Getiren / Kurnaz,9,9,9,,Yaygın,,,,,0,0,0,0,4,,,,,FALSE,TRUE,TRUE
LEGO® Minifigürler Serisi 6,lego-minifigurler-serisi-6,lego-minifigures-series-6,2012-01-01,Bandit,bandit,bandit,6,col06-6,Bandit,"Bandit, vahşi batının gölgelerinde yaşayan kurnaz bir kanun kaçağıdır. Hızlı, çevik ve zeki hareket eder. Risk almayı sever ama her zaman kendi kurallarına göre oynar.",,Suçlu,Hızlı / Stratejik,8,8,8,,Yaygın,,,,,0,0,0,0,5,,,,,FALSE,TRUE,TRUE
LEGO® Minifigürler Serisi 6,lego-minifigurler-serisi-6,lego-minifigures-series-6,2012-01-01,Sleepyhead,sleepyhead,sleepyhead,7,col06-7,Sleepyhead,"Sleepyhead, uykunun sembolüdür. Her zaman elinde oyuncağıyla dolaşır, uykulu gözlerle dünyayı seyreder. Tatlı, saf ve huzurludur. Hayal gücü rüyalarında yaşar.",,Çocuk Karakter,Uykulu / Hayalperest,9,9,9,,Yaygın,,,,,0,0,0,0,4,,,,,FALSE,TRUE,TRUE
LEGO® Minifigürler Serisi 6,lego-minifigurler-serisi-6,lego-minifigures-series-6,2012-01-01,Surgeon,surgeon,surgeon,8,col06-8,Surgeon,"Surgeon, hayat kurtaran soğukkanlı bir kahramandır. Ameliyat masasında zamanla yarışır. Konsantrasyonu tam, elleri titremez. Her kesik, bir yaşam umududur.",,Kahraman,Soğukkanlı / Hayat Kurtaran,10,10,10,,Nadir,,,,,0,0,0,0,5,,,,,FALSE,TRUE,TRUE
LEGO® Minifigürler Serisi 6,lego-minifigurler-serisi-6,lego-minifigures-series-6,2012-01-01,Lady Liberty,lady-liberty,lady-liberty,9,col06-9,Lady Liberty,"Lady Liberty, özgürlüğün simgesidir. Meşalesiyle karanlıkta umut ışığı olur. Güçlü, asil ve adaletlidir. İnsanlara ilham verir, her duruşu gurur ve cesaret yansıtır.",,Sembol Karakter,Özgür / İlham Verici,13,13,13,,Çok Nadir,,,,,0,0,0,0,5,,,,,FALSE,TRUE,TRUE
LEGO® Minifigürler Serisi 6,lego-minifigurler-serisi-6,lego-minifigures-series-6,2012-01-01,Intergalactic Girl,intergalactic-girl,intergalactic-girl,10,col06-10,Intergalactic Girl,"Intergalactic Girl, uzayın derinliklerinde savaşan cesur bir askerdir. Teknolojik silahlarıyla galaksiyi korur. Cesur, disiplinli ve fedakardır. Evrenin barışı için mücadele eder.",,Asker,Teknolojik / Cesur,9,9,9,,Yaygın,,,,,0,0,0,0,5,,,,,FALSE,TRUE,TRUE
LEGO® Minifigürler Serisi 6,lego-minifigurler-serisi-6,lego-minifigures-series-6,2012-01-01,Clockwork Robot,clockwork-robot,clockwork-robot,11,col06-11,Clockwork Robot,"Clockwork Robot, mekanik ama duygulu bir varlıktır. Dişlileriyle çalışır, zaman onun için her şeydir. Görevine sadıktır ama kalbinde özgürlük arzusu taşır.",,Robotik Karakter,Mekanik / Duygulu,8,8,8,,Yaygın,,,,,0,0,0,0,5,,,,,FALSE,TRUE,TRUE
LEGO® Minifigürler Serisi 6,lego-minifigurler-serisi-6,lego-minifigures-series-6,2012-01-01,Highland Battler,highland-battler,highland-battler,12,col06-12,Highland Battler,"Highland Battler, dağların savaşçısıdır. Kiltini gururla taşır, kılıcını onur için çeker. Cesur, asil ve kararlıdır. Savaşta korkusuz, dostlarına karşı sadıktır.",,Savaşçı,Onurlu / Dağlı,12,12,12,,Nadir,,,,,0,0,0,0,6,,,,,FALSE,TRUE,TRUE
LEGO® Minifigürler Serisi 6,lego-minifigurler-serisi-6,lego-minifigures-series-6,2012-01-01,Roman Soldier,roman-soldier,roman-soldier,13,col06-13,Roman Soldier,"Roman Soldier, imparatorluğun gururlu askeridir. Disipliniyle tanınır, emirleri sorgulamadan uygular. Zırhı parlak, duruşu sarsılmazdır. Roma’nın kudretini temsil eder.",,Asker,Disiplinli / Sadık,15,15,15,,Nadir,,,,,0,0,0,0,6,,,,,FALSE,TRUE,TRUE
LEGO® Minifigürler Serisi 6,lego-minifigurler-serisi-6,lego-minifigures-series-6,2012-01-01,Skater Girl,skater-girl,skater-girl,14,col06-14,Skater Girl,"Skater Girl, özgür ruhuyla sokaklarda süzülür. Tahtasıyla denge kurar, her hareketinde ritim vardır. Cesur, genç ve yaratıcıdır. Düştüğünde bile gülümsemeyi bilir.",,Sporcu,Özgür Ruh / Yaratıcı,8,8,8,,Yaygın,,,,,0,0,0,0,5,,,,,FALSE,TRUE,TRUE
LEGO® Minifigürler Serisi 6,lego-minifigurler-serisi-6,lego-minifigures-series-6,2012-01-01,Alien,alien,alien,15,col06-15,Alien,"Alien, yıldızlar ötesinden gelen gizemli bir varlıktır. Teknolojiyle iç içedir, zihin gücüyle iletişim kurar. Amaçları bilinmez; barış mı getirecek, yoksa keşif mi yapacak bilinmez.",,Uzaylı,Gizemli / Bilinmeyen,9,9,9,,Yaygın,,,,,0,0,0,0,5,,,,,FALSE,TRUE,TRUE
LEGO® Minifigürler Serisi 6,lego-minifigurler-serisi-6,lego-minifigures-series-6,2012-01-01,Flamenco Dancer,flamenco-dancer,flamenco-dancer,16,col06-16,Flamenco Dancer,"Flamenco Dancer, tutkunun vücut bulmuş halidir. Her adımıyla sahneyi ateşe verir. Zarif ama güçlüdür. Ritmini duyan herkes onunla birlikte dans etmek ister.",,Dansçı,Tutkulu / Zarif,10,10,10,,Yaygın,,,,,0,0,0,0,5,,,,,FALSE,TRUE,TRUE
LEGO® Minifigürler Serisi 7,lego-minifigurler-serisi-7,lego-minifigures-series-7,2012-05-01,Aztec Warrior,aztec-warrior,aztec-warrior,1,col07-1,Aztec Warrior,"Aztec Warrior, antik uygarlıkların onurlu savaşçısıdır. Tüylerle süslü zırhı ve mızrağıyla savaş meydanlarında cesurca dövüşür. Onur, sadakat ve tanrılara olan inancı onun en büyük gücüdür.",,Savaşçı,Onurlu / Antik,14,14,14,,Nadir,,,,,0,0,0,0,6,,,,,FALSE,TRUE,TRUE
LEGO® Minifigürler Serisi 7,lego-minifigurler-serisi-7,lego-minifigures-series-7,2012-05-01,Bagpiper,bagpiper,bagpiper,2,col07-2,Bagpiper,"Bagpiper, İskoç yaylalarının müzikal ruhudur. Kiltini gururla taşır, gaydasıyla dağları yankılar. Melodileriyle geçmişin hikayelerini anlatır, halkına cesaret ve umut verir.",,Sanatçı,Müzisyen / Geleneksel,9,9,9,,Yaygın,,,,,0,0,0,0,5,,,,,FALSE,TRUE,TRUE
LEGO® Minifigürler Serisi 7,lego-minifigurler-serisi-7,lego-minifigures-series-7,2012-05-01,Bunny Suit Guy,bunny-suit-guy,bunny-suit-guy,3,col07-3,Bunny Suit Guy,"Bunny Suit Guy, neşenin ve eğlencenin maskesini takan sevimli bir karakterdir. Tavşan kostümüyle herkesi güldürür. İçinde saklı çocuk ruhuyla dünyayı daha neşeli bir yer yapar.",,Eğlendirici,Komik / Kostümlü,11,11,11,,Yaygın,,,,,0,0,0,0,5,,,,,FALSE,TRUE,TRUE
LEGO® Minifigürler Serisi 7,lego-minifigurler-serisi-7,lego-minifigures-series-7,2012-05-01,Bride,bride,bride,4,col07-4,Bride,"Bride, aşkın ve sadakatin sembolüdür. Dantelli elbisesiyle zarafet saçar. Hayalindeki güne kavuştuğu için mutluluktan ışıldar. Sevgisiyle herkese umut verir.",,Lider,Zarif / Romantik,8,8,8,,Yaygın,,,,,0,0,0,0,5,,,,,FALSE,TRUE,TRUE
LEGO® Minifigürler Serisi 7,lego-minifigurler-serisi-7,lego-minifigures-series-7,2012-05-01,Computer Programmer,computer-programmer,computer-programmer,5,col07-5,Computer Programmer,"Computer Programmer, teknolojinin sessiz dehasıdır. Kod satırlarıyla dünyalar kurar. Analitik zekası ve sabrıyla problemleri çözer. Mükemmelliğe giden yolda detayların ustasıdır.",,Bilim İnsanı,Teknolojik / Zeki,8,8,8,,Yaygın,,,,,0,0,0,0,5,,,,,FALSE,TRUE,TRUE
LEGO® Minifigürler Serisi 7,lego-minifigurler-serisi-7,lego-minifigures-series-7,2012-05-01,Daredevil,daredevil,daredevil,6,col07-6,Daredevil,"Daredevil, korkusuzluğun vücut bulmuş halidir. Tehlikeli numaralarıyla izleyenleri büyüler. Cesur, enerjik ve risk almayı sever. Her düşüşten sonra yeniden ayağa kalkar.",,Sporcu,Cesur / Risk Alan,9,9,9,,Yaygın,,,,,0,0,0,0,5,,,,,FALSE,TRUE,TRUE
LEGO® Minifigürler Serisi 7,lego-minifigurler-serisi-7,lego-minifigures-series-7,2012-05-01,Evil Knight,evil-knight,evil-knight,7,col07-7,Evil Knight,"Evil Knight, karanlığın ordularından gelen acımasız bir savaşçıdır. Gücü ve zırhıyla rakiplerine korku salar. Onurdan çok zaferle ilgilenir. Karanlığın kurallarına sadıktır.",,Savaşçı,Karanlık / Acımasız,13,13,13,,Nadir,,,,,0,0,0,0,6,,,,,FALSE,TRUE,TRUE
LEGO® Minifigürler Serisi 7,lego-minifigurler-serisi-7,lego-minifigures-series-7,2012-05-01,Galaxy Patrol,galaxy-patrol,galaxy-patrol,8,col07-8,Galaxy Patrol,"Galaxy Patrol, uzayın bilinmeyen bölgelerini koruyan cesur bir askerdir. Zırhı ve lazer silahıyla galaksiyi savunur. Disiplinli ve fedakardır, görevini asla bırakmaz.",,Asker,Uzay Koruyucusu / Fedakar,12,12,12,,Nadir,,,,,0,0,0,0,6,,,,,FALSE,TRUE,TRUE
LEGO® Minifigürler Serisi 7,lego-minifigurler-serisi-7,lego-minifigures-series-7,2012-05-01,Grandma Visitor,grandma-visitor,grandma-visitor,9,col07-9,Grandma Visitor,"Grandma Visitor, sıcak kalpli bir büyükanne figürüdür. Sepetinde tatlılar taşır, gülümsemesiyle herkese huzur verir. Şefkatli, bilge ve sabırlıdır. Herkesi torunu gibi sever.",,Aile Karakteri,Şefkatli / Bilge,8,8,8,,Yaygın,,,,,0,0,0,0,5,,,,,FALSE,TRUE,TRUE
LEGO® Minifigürler Serisi 7,lego-minifigurler-serisi-7,lego-minifigures-series-7,2012-05-01,Hippie,hippie,hippie,10,col07-10,Hippie,"Hippie, barış ve özgürlük akımının renkli temsilcisidir. Çiçeklerle süslü kıyafetleriyle pozitif enerji saçar. Sevgiye ve doğaya inanır. Dünyayı güzelleştirmek için müzikle konuşur.",,Sanatçı,Özgür Ruh / Barışçıl,9,9,9,,Yaygın,,,,,0,0,0,0,5,,,,,FALSE,TRUE,TRUE
LEGO® Minifigürler Serisi 7,lego-minifigurler-serisi-7,lego-minifigures-series-7,2012-05-01,Lifeguard,lifeguard,lifeguard,11,col07-11,Lifeguard,"Lifeguard, sahillerin kahramanıdır. Dalgaların arasında cesurca yüzer, hayat kurtarır. Sorumluluk bilinci yüksek, dikkatli ve güçlüdür. Güneşin altında görevini gururla yapar.",,Kahraman,Dikkatli / Güçlü,8,8,8,,Yaygın,,,,,0,0,0,0,5,,,,,FALSE,TRUE,TRUE
LEGO® Minifigürler Serisi 7,lego-minifigurler-serisi-7,lego-minifigures-series-7,2012-05-01,Ocean King,ocean-king,ocean-king,12,col07-12,Ocean King,"Ocean King, denizlerin görkemli hükümdarıdır. Üç dişli mızrağıyla okyanuslara hükmeder. Gücü dalgalar kadar büyüktür. Deniz canlıları ona itaat eder, adaletiyle bilinir.",,Lider,Deniz Hükümdarı / Adaletli,15,15,15,,Çok Nadir,,,,,0,0,0,0,6,,,,,FALSE,TRUE,TRUE
LEGO® Minifigürler Serisi 7,lego-minifigurler-serisi-7,lego-minifigures-series-7,2012-05-01,Rocker Girl,rocker-girl,rocker-girl,13,col07-13,Rocker Girl,"Rocker Girl, sahnelerin asi yıldızıdır. Gitarını eline aldığında dünya susar. Müziğiyle isyanı, tutkuyu ve özgürlüğü anlatır. Kendi kurallarını koyar, ritmiyle dünyayı değiştirir.",,Sanatçı,Asi / Tutkulu,10,10,10,,Yaygın,,,,,0,0,0,0,5,,,,,FALSE,TRUE,TRUE
LEGO® Minifigürler Serisi 7,lego-minifigurler-serisi-7,lego-minifigures-series-7,2012-05-01,Skater,skater,skater,14,col07-14,Skater,"Skater, sokakların enerjik ruhudur. Tahtasıyla özgürce süzülür, her hareketiyle dikkat çeker. Düştüğünde bile pes etmez. Cesur, özgür ve yaratıcı bir sporcudur.",,Sporcu,Özgür / Enerjik,8,8,8,,Yaygın,,,,,0,0,0,0,5,,,,,FALSE,TRUE,TRUE
LEGO® Minifigürler Serisi 7,lego-minifigurler-serisi-7,lego-minifigures-series-7,2012-05-01,Tennis Ace,tennis-ace,tennis-ace,15,col07-15,Tennis Ace,"Tennis Ace, kortların yıldızıdır. Raketiyle her topa hükmeder. Disiplinli, sabırlı ve odaklıdır. Kazanmak için doğmuştur. Sporda mükemmelliği hedefler.",,Sporcu,Disiplinli / Odaklı,7,7,7,,Yaygın,,,,,0,0,0,0,4,,,,,FALSE,TRUE,TRUE
LEGO® Minifigürler Serisi 7,lego-minifigurler-serisi-7,lego-minifigures-series-7,2012-05-01,Viking Woman,viking-woman,viking-woman,16,col07-16,Viking Woman,"Viking Woman, kuzeyin güçlü savaşçı kadınıdır. Kalkanını gururla taşır, cesaretiyle ilham verir. Sadık, kararlı ve onurludur. Savaşta korkusuz, barışta bilgedir.",,Savaşçı,Güçlü Kadın / Cesur,12,12,12,,Nadir,,,,,0,0,0,0,6,,,,,FALSE,TRUE,TRUE
LEGO® Minifigürler Serisi Team GB,lego-minifigurler-serisi-team-gb,lego-minifigures-series-team-gb,2012-07-01,Relay Runner,relay-runner,relay-runner,1,colGB-1,Relay Runner,"Relay Runner, hız ve dayanıklılığın sembolüdür. Takım çalışmasının en önemli halkasıdır. Elindeki bayrak zaferi temsil eder.",,Atlet,Hızlı / Azimli,25,25,25,,Çok Nadir,,,,,0,0,0,0,6,,,,,FALSE,TRUE,TRUE
LEGO® Minifigürler Serisi Team GB,lego-minifigurler-serisi-team-gb,lego-minifigures-series-team-gb,2012-07-01,Judo Fighter,judo-fighter,judo-fighter,2,colGB-2,Judo Fighter,"Judo Fighter, güç ve dengeyi aynı anda taşır. Sportmenliğiyle rakibine saygı duyar. Her maçı disiplinle kazanır.",,Dövüşçü,Dengeli / Saygılı,30,30,30,,Çok Nadir,,,,,0,0,0,0,6,,,,,FALSE,TRUE,TRUE
LEGO® Minifigürler Serisi Team GB,lego-minifigurler-serisi-team-gb,lego-minifigures-series-team-gb,2012-07-01,Swimmer,swimmer,swimmer,3,colGB-3,Swimmer,"Swimmer, suyun içindeki özgür ruhtur. Hızı ve tekniğiyle rakiplerine fark atar. Mavi sularda zafer arar.",,Yüzücü,Serbest / Hızlı,28,28,28,,Nadir,,,,,0,0,0,0,5,,,,,FALSE,TRUE,TRUE
LEGO® Minifigürler Serisi Team GB,lego-minifigurler-serisi-team-gb,lego-minifigures-series-team-gb,2012-07-01,Gymnast,gymnast,gymnast,4,colGB-4,Gymnast,"Gymnast, çeviklik ve zarafeti birleştirir. Denge aletinde kusursuz hareketleriyle büyüler. Her sıçrayışında özgüveni hissedilir.",,Jimnastikçi,Zarif / Çevik,27,27,27,,Nadir,,,,,0,0,0,0,5,,,,,FALSE,TRUE,TRUE
LEGO® Minifigürler Serisi Team GB,lego-minifigurler-serisi-team-gb,lego-minifigures-series-team-gb,2012-07-01,Boxer,boxer,boxer,5,colGB-5,Boxer,"Boxer, gücün ve kararlılığın sembolüdür. Yumrukları kadar yüreği de güçlüdür. Her raundda yeniden doğar.",,Boksör,Güçlü / Kararlı,35,35,35,,Çok Nadir,,,,,0,0,0,0,6,,,,,FALSE,TRUE,TRUE
LEGO® Minifigürler Serisi Team GB,lego-minifigurler-serisi-team-gb,lego-minifigures-series-team-gb,2012-07-01,Tennis Player,tennis-player,tennis-player,6,colGB-6,Tennis Player,"Tennis Player, refleksleriyle dikkat çeker. Odaklı, stratejik ve hızlıdır. Kortta tam bir yıldızdır.",,Tenis Oyuncusu,Odaklı / Stratejik,29,29,29,,Nadir,,,,,0,0,0,0,5,,,,,FALSE,TRUE,TRUE
LEGO® Minifigürler Serisi Team GB,lego-minifigurler-serisi-team-gb,lego-minifigures-series-team-gb,2012-07-01,Weightlifter,weightlifter,weightlifter,7,colGB-7,Weightlifter,"Weightlifter, gücüyle sınırları zorlar. Dayanıklılığı ve azmiyle koleksiyonun en sağlam figürüdür.",,Halterci,Dayanıklı / Azimli,32,32,32,,Çok Nadir,,,,,0,0,0,0,6,,,,,FALSE,TRUE,TRUE
LEGO® Minifigürler Serisi Team GB,lego-minifigurler-serisi-team-gb,lego-minifigures-series-team-gb,2012-07-01,Horse Rider,horse-rider,horse-rider,8,colGB-8,Horse Rider,"Horse Rider, zarafet ve dengeyi mükemmel taşır. Atıyla kurduğu bağ, başarılarının sırrıdır.",,Binici,Zarif / Kontrollü,31,31,31,,Nadir,,,,,0,0,0,0,6,,,,,FALSE,TRUE,TRUE
LEGO® Minifigürler Serisi Team GB,lego-minifigurler-serisi-team-gb,lego-minifigures-series-team-gb,2012-07-01,Archer,archer,archer,9,colGB-9,Archer,"Archer, odaklanmanın ustasıdır. Hedefi asla şaşmaz. Sükunet içinde zaferini kazanır.",,Okçu,Sakin / Kesin,33,33,33,,Çok Nadir,,,,,0,0,0,0,5,,,,,FALSE,TRUE,TRUE
LEGO® Minifigürler Serisi 8,lego-minifigurler-serisi-8,lego-minifigures-series-8,2012-09-01,Evil Robot,evil-robot,evil-robot,1,col08-1,Evil Robot,"Evil Robot, karanlık laboratuvarlarda üretilmiş tehlikeli bir makinedir. İnsanlığın hatalarını düzeltmek için programlanmıştır ama duygusuzdur. Gücü, zekası ve soğukkanlılığıyla rakiplerine korku salar.",,Robotik Karakter,Kötü / Soğukkanlı,9,9,9,,Yaygın,,,,,0,0,0,0,5,,,,,FALSE,TRUE,TRUE
LEGO® Minifigürler Serisi 8,lego-minifigurler-serisi-8,lego-minifigures-series-8,2012-09-01,Conquistador,conquistador,conquistador,2,col08-2,Conquistador,"Conquistador, keşif çağının cesur savaşçısıdır. Yeni topraklar aramak için denizleri aşar. Gururlu, kararlı ve zeki bir liderdir. Macera onun için hem risk hem tutkudur.",,Savaşçı,Keşifçi / Gururlu,11,11,11,,Nadir,,,,,0,0,0,0,6,,,,,FALSE,TRUE,TRUE
LEGO® Minifigürler Serisi 8,lego-minifigurler-serisi-8,lego-minifigures-series-8,2012-09-01,Diver,diver,diver,3,col08-3,Diver,"Diver, okyanusların derinliklerinde kaybolan gizemli kaşiftir. Her dalışta bilinmeyene yol alır. Cesareti ve sabrı sayesinde denizlerin sırlarını keşfeder.",,Kaşif,Cesur / Sakin,8,8,8,,Yaygın,,,,,0,0,0,0,5,,,,,FALSE,TRUE,TRUE
LEGO® Minifigürler Serisi 8,lego-minifigurler-serisi-8,lego-minifigures-series-8,2012-09-01,Downhill Skier,downhill-skier,downhill-skier,4,col08-4,Downhill Skier,"Downhill Skier, dağların rüzgarla yarışan kahramanıdır. Karla kaplı yamaçlarda hızla süzülür. Denge, cesaret ve özgürlük onun yaşam felsefesidir.",,Sporcu,Hızlı / Özgür Ruh,8,8,8,,Yaygın,,,,,0,0,0,0,5,,,,,FALSE,TRUE,TRUE
LEGO® Minifigürler Serisi 8,lego-minifigurler-serisi-8,lego-minifigures-series-8,2012-09-01,Fairy,fairy,fairy,5,col08-5,Fairy,"Fairy, doğanın büyülü koruyucusudur. Kanatlarıyla çiçeklerin arasında uçar. Neşeli, zarif ve yardımseverdir. Her adımında sihir ve umut saçar.",,Büyülü Varlık,Zarif / Yardımsever,10,10,10,,Nadir,,,,,0,0,0,0,4,,,,,FALSE,TRUE,TRUE
LEGO® Minifigürler Serisi 8,lego-minifigurler-serisi-8,lego-minifigures-series-8,2012-09-01,Football Player,football-player,football-player,6,col08-6,Football Player,"Football Player, takımının vazgeçilmez oyuncusudur. Her pas, her gol onun için bir mücadeledir. Gücüyle takımı sırtlar, teriyle zaferi kazanır.",,Sporcu,Güçlü / Takım Oyuncusu,8,8,8,,Yaygın,,,,,0,0,0,0,5,,,,,FALSE,TRUE,TRUE
LEGO® Minifigürler Serisi 8,lego-minifigurler-serisi-8,lego-minifigures-series-8,2012-09-01,Cowgirl,cowgirl,cowgirl,7,col08-7,Cowgirl,"Cowgirl, vahşi batının özgür ruhudur. Cesur, hızlı ve inatçıdır. Lazosunu ustalıkla kullanır, atının üstünde rüzgarla yarışır. Bağımsızlığı her şeyden değerlidir.",,Kahraman,Cesur / Bağımsız,9,9,9,,Nadir,,,,,0,0,0,0,6,,,,,FALSE,TRUE,TRUE
LEGO® Minifigürler Serisi 8,lego-minifigurler-serisi-8,lego-minifigures-series-8,2012-09-01,Santa,santa,santa,8,col08-8,Santa,"Santa, neşenin ve paylaşmanın simgesidir. Her yıl çocuklara mutluluk getirir. Cömert, bilge ve sevecendir. Gülüşüyle kalpleri ısıtır, umut dağıtır.",,Sembol Karakter,Neşeli / Cömert,12,12,12,,Nadir,,,,,0,0,0,0,5,,,,,FALSE,TRUE,TRUE
LEGO® Minifigürler Serisi 8,lego-minifigurler-serisi-8,lego-minifigures-series-8,2012-09-01,Red Cheerleader,red-cheerleader,red-cheerleader,9,col08-9,Red Cheerleader,"Red Cheerleader, takım ruhunu ateşleyen enerjik bir karakterdir. Her tezahüratıyla coşkuyu artırır. Pozitifliğiyle çevresindekileri motive eder.",,Eğlendirici,Enerjik / Motive Edici,8,8,8,,Yaygın,,,,,0,0,0,0,5,,,,,FALSE,TRUE,TRUE
LEGO® Minifigürler Serisi 8,lego-minifigurler-serisi-8,lego-minifigures-series-8,2012-09-01,Pirate Captain,pirate-captain,pirate-captain,10,col08-10,Pirate Captain,"Pirate Captain, denizlerin korkulan korsan lideridir. Hazine peşinde maceradan maceraya koşar. Cesur, kurnaz ve gözü pektir. Mürettebatı ona sonsuz sadakatle bağlıdır.",,Lider,Kurnaz / Cesur,13,13,13,,Çok Nadir,,,,,0,0,0,0,6,,,,,FALSE,TRUE,TRUE
LEGO® Minifigürler Serisi 8,lego-minifigurler-serisi-8,lego-minifigures-series-8,2012-09-01,Vampire Bat,vampire-bat,vampire-bat,11,col08-11,Vampire Bat,"Vampire Bat, gecenin sessiz kanatları arasında dolaşan gizemli bir yaratıktır. Korkutucu ama zarif bir duruşu vardır. Karanlıkta sessizce süzülür, yalnızlığıyla barışıktır.",,Yaratık,Karanlık / Gizemli,10,10,10,,Nadir,,,,,0,0,0,0,5,,,,,FALSE,TRUE,TRUE
LEGO® Minifigürler Serisi 8,lego-minifigurler-serisi-8,lego-minifigures-series-8,2012-09-01,DJ,dj,dj,12,col08-12,DJ,"DJ, müziğin ritmini yöneten enerjik bir sanatçıdır. Her mikste kitleleri coşturur. Modern, yaratıcı ve dinamik bir karakterdir. Her sesi bir sanata dönüştürür.",,Sanatçı,Modern / Yaratıcı,8,8,8,,Yaygın,,,,,0,0,0,0,5,,,,,FALSE,TRUE,TRUE
LEGO® Minifigürler Serisi 8,lego-minifigurler-serisi-8,lego-minifigures-series-8,2012-09-01,Trader,trader,trader,13,col08-13,Trader,"Trader, finans dünyasının hızlı düşünen stratejistidir. Risk almayı bilir, fırsatları sezgileriyle yakalar. Kararları keskindir, kayıplardan ders çıkarır.",,Stratejist,Hırslı / Analitik,9,9,9,,Yaygın,,,,,0,0,0,0,5,,,,,FALSE,TRUE,TRUE
LEGO® Minifigürler Serisi 8,lego-minifigurler-serisi-8,lego-minifigures-series-8,2012-09-01,Alien Villainess,alien-villainess,alien-villainess,14,col08-14,Alien Villainess,"Alien Villainess, uzayın karanlık diyarlarından gelen tehlikeli bir liderdir. Gücü ve zekasıyla evreni fethetmek ister. Soğukkanlı, acımasız ama karizmatiktir.",,Uzaylı,Kötü / Karizmatik,11,11,11,,Nadir,,,,,0,0,0,0,5,,,,,FALSE,TRUE,TRUE
LEGO® Minifigürler Serisi 8,lego-minifigurler-serisi-8,lego-minifigures-series-8,2012-09-01,Actor,actor,actor,15,col08-15,Actor,"Actor, sahnenin ustasıdır. Her rolüyle izleyenleri etkiler. Duygularını ustalıkla yansıtır, kimliğini performansında bulur. Sanat onun gerçek yaşamıdır.",,Sanatçı,Yetenekli / Duygusal,9,9,9,,Yaygın,,,,,0,0,0,0,5,,,,,FALSE,TRUE,TRUE
LEGO® Minifigürler Serisi 8,lego-minifigurler-serisi-8,lego-minifigures-series-8,2012-09-01,Lederhosen Guy,lederhosen-guy,lederhosen-guy,16,col08-16,Lederhosen Guy,"Lederhosen Guy, geleneksel kıyafetiyle kültürünü gururla temsil eder. Neşeli, dost canlısı ve sıcakkanlıdır. Festivallerde şarkı söyler, dans eder, herkesi güldürür.",,Geleneksel Karakter,Neşeli / Kültürel,8,8,8,,Yaygın,,,,,0,0,0,0,5,,,,,FALSE,TRUE,TRUE
LEGO® Minifigürler Serisi 9,lego-minifigurler-serisi-9,lego-minifigures-series-9,2013-01-01,Waiter,waiter,waiter,1,col09-1,Waiter,"Waiter, klasik şıklığıyla hizmetin simgesidir. Elindeki tepsiyle her zaman hazırdır. Zarif, dikkatli ve naziktir. Müşteri memnuniyeti onun için bir görev değil, bir tutkudur.",,Hizmetkar,Zarif / Dikkatli,8,8,8,,Yaygın,,,,,0,0,0,0,4,,,,,FALSE,TRUE,TRUE
LEGO® Minifigürler Serisi 9,lego-minifigurler-serisi-9,lego-minifigures-series-9,2013-01-01,Alien Avenger,alien-avenger,alien-avenger,2,col09-2,Alien Avenger,"Alien Avenger, galaksinin uzak köşelerinden gelen intikamcı bir savaşçıdır. Zırhı güçlü, silahı ölümcüldür. Amacı adaleti sağlamak ve kötülüğe son vermektir.",,Uzaylı Savaşçı,İntikamcı / Adalet Arayan,9,9,9,,Nadir,,,,,0,0,0,0,5,,,,,FALSE,TRUE,TRUE
LEGO® Minifigürler Serisi 9,lego-minifigurler-serisi-9,lego-minifigures-series-9,2013-01-01,Heroic Knight,heroic-knight,heroic-knight,3,col09-3,Heroic Knight,"Heroic Knight, onur ve cesaretin sembolüdür. Parlayan zırhı ve kılıcıyla adalet uğruna savaşır. Karanlıkla yüzleşmekten korkmaz. Krallığının sadık koruyucusudur.",,Savaşçı,Onurlu / Cesur,12,12,12,,Nadir,,,,,0,0,0,0,6,,,,,FALSE,TRUE,TRUE
LEGO® Minifigürler Serisi 9,lego-minifigurler-serisi-9,lego-minifigures-series-9,2013-01-01,Mermaid,mermaid,mermaid,4,col09-4,Mermaid,"Mermaid, okyanusların zarif varlığıdır. Şarkısıyla fırtınaları dindirir. Güzelliğiyle büyüler ama özgürlüğüne düşkündür. Denizler onun evi, rüzgar onun dostudur.",,Efsanevi Karakter,Zarif / Özgür Ruh,9,9,9,,Yaygın,,,,,0,0,0,0,5,,,,,FALSE,TRUE,TRUE
LEGO® Minifigürler Serisi 9,lego-minifigurler-serisi-9,lego-minifigures-series-9,2013-01-01,Roller Derby Girl,roller-derby-girl,roller-derby-girl,5,col09-5,Roller Derby Girl,"Roller Derby Girl, enerjik ve rekabetçi bir sporcudur. Patenleriyle hızla döner, takımını zafere taşır. Cesur, kararlı ve mücadeleci ruhuyla tanınır.",,Sporcu,Mücadeleci / Enerjik,8,8,8,,Yaygın,,,,,0,0,0,0,5,,,,,FALSE,TRUE,TRUE
LEGO® Minifigürler Serisi 9,lego-minifigurler-serisi-9,lego-minifigures-series-9,2013-01-01,Caesar,caesar,caesar,6,col09-6,Caesar,"Caesar, antik Roma’nın güçlü lideridir. Stratejisiyle ordulara yön verir. Gururlu, disiplinli ve bilgedir. Gücü yalnızca kılıcından değil, vizyonundan gelir.",,Lider,Bilge / Stratejik,13,13,13,,Nadir,,,,,0,0,0,0,6,,,,,FALSE,TRUE,TRUE
LEGO® Minifigürler Serisi 9,lego-minifigurler-serisi-9,lego-minifigures-series-9,2013-01-01,Policeman,policeman,policeman,7,col09-7,Policeman,"Policeman, toplumun güvenliğini sağlayan sadık bir kahramandır. Kuralları korur, adaleti savunur. Cesur, sabırlı ve disiplinlidir. Şehrin huzuru onun ellerindedir.",,Kahraman,Disiplinli / Koruyucu,8,8,8,,Yaygın,,,,,0,0,0,0,5,,,,,FALSE,TRUE,TRUE
LEGO® Minifigürler Serisi 9,lego-minifigurler-serisi-9,lego-minifigures-series-9,2013-01-01,Chicken Suit Guy,chicken-suit-guy,chicken-suit-guy,8,col09-8,Chicken Suit Guy,"Chicken Suit Guy, eğlencenin ve absürtlüğün simgesidir. Tavuk kostümüyle herkesi güldürür. Komik, sevimli ve pozitif bir karakterdir. Her zaman neşeyi temsil eder.",,Eğlendirici,Komik / Neşeli,11,11,11,,Nadir,,,,,0,0,0,0,5,,,,,FALSE,TRUE,TRUE
LEGO® Minifigürler Serisi 9,lego-minifigurler-serisi-9,lego-minifigures-series-9,2013-01-01,Fortune Teller,fortune-teller,fortune-teller,9,col09-9,Fortune Teller,"Fortune Teller, geleceği görebilen gizemli bir kadındır. Kartlarıyla kaderin ipuçlarını verir. Bilge, sezgisel ve sır doludur. Onun yanında hiçbir şey tesadüf değildir.",,Mistk Karakter,Bilge / Gizemli,9,9,9,,Yaygın,,,,,0,0,0,0,5,,,,,FALSE,TRUE,TRUE
LEGO® Minifigürler Serisi 9,lego-minifigurler-serisi-9,lego-minifigures-series-9,2013-01-01,Judge,judge,judge,10,col09-10,Judge,"Judge, adaletin tarafsız temsilcisidir. Cübbesiyle otoriteyi simgeler. Soğukkanlı, dürüst ve ilkeli bir karakterdir. Her kararı titizlikle değerlendirir.",,Lider,Dürüst / Tarafsız,10,10,10,,Nadir,,,,,0,0,0,0,5,,,,,FALSE,TRUE,TRUE
LEGO® Minifigürler Serisi 9,lego-minifigurler-serisi-9,lego-minifigures-series-9,2013-01-01,Cyclops,cyclops,cyclops,11,col09-11,Cyclops,"Cyclops, mitolojiden gelen güçlü bir yaratıktır. Tek gözüyle dünyayı farklı görür. Gücü muazzam, kalbi sadıktır. Korkutucu görünse de onurlu bir savaşçıdır.",,Yaratık,Güçlü / Sadık,12,12,12,,Nadir,,,,,0,0,0,0,6,,,,,FALSE,TRUE,TRUE
LEGO® Minifigürler Serisi 9,lego-minifigurler-serisi-9,lego-minifigures-series-9,2013-01-01,Plumber,plumber,plumber,12,col09-12,Plumber,"Plumber, sorun çözücü pratik bir karakterdir. Her boru, her sızıntı onun için bir görevdir. Çalışkan, becerikli ve pozitif bir ustadır. Elinde anahtarıyla her işe koşar.",,Emekçi,Çalışkan / Pratik,8,8,8,,Yaygın,,,,,0,0,0,0,5,,,,,FALSE,TRUE,TRUE
LEGO® Minifigürler Serisi 9,lego-minifigurler-serisi-9,lego-minifigures-series-9,2013-01-01,Battle Mech,battle-mech,battle-mech,13,col09-13,Battle Mech,"Battle Mech, teknolojinin savaş sahnesindeki dev temsilcisidir. Mekanik gücüyle düşmanlarını alt eder. Soğukkanlı ama kararlı bir savunmacıdır. Görevini asla yarım bırakmaz.",,Robotik Karakter,Güçlü / Görev Odaklı,11,11,11,,Nadir,,,,,0,0,0,0,6,,,,,FALSE,TRUE,TRUE
LEGO® Minifigürler Serisi 9,lego-minifigurler-serisi-9,lego-minifigures-series-9,2013-01-01,Forest Maiden,forest-maiden,forest-maiden,14,col09-14,Forest Maiden,"Forest Maiden, doğanın zarif koruyucusudur. Yayını doğa için çeker, adaletle hareket eder. Şefkatli ama güçlüdür. Ormanın sesi onunla yankılanır.",,Koruyucu,Doğa Dostu / Şefkatli,10,10,10,,Nadir,,,,,0,0,0,0,5,,,,,FALSE,TRUE,TRUE
LEGO® Minifigürler Serisi 9,lego-minifigurler-serisi-9,lego-minifigures-series-9,2013-01-01,Roman Emperor,roman-emperor,roman-emperor,15,col09-15,Roman Emperor,"Roman Emperor, kudretli bir hükümdardır. Halkı onun liderliğinde refaha kavuşur. Gururlu, vizyoner ve karizmatiktir. Adaletiyle imparatorluğunu yönetir.",,Lider,Karizmatik / Gururlu,13,13,13,,Çok Nadir,,,,,0,0,0,0,6,,,,,FALSE,TRUE,TRUE
LEGO® Minifigürler Serisi 9,lego-minifigurler-serisi-9,lego-minifigures-series-9,2013-01-01,Dr. Splitz,dr-splitz,dr-splitz,16,col09-16,Dr. Splitz,"Dr. Splitz, çılgın bir bilim insanıdır. Deneyleri bazen felaketle sonuçlansa da merakına engel olamaz. Dahi ama dağınık bir karakterdir. Bilim onun yaşam tutkusudur.",,Bilim İnsanı,Dahi / Çılgın,9,9,9,,Yaygın,,,,,0,0,0,0,5,,,,,FALSE,TRUE,TRUE
LEGO® Minifigürler Serisi 10,lego-minifigurler-serisi-10,lego-minifigures-series-10,2013-05-01,Librarian,librarian,librarian,1,col10-1,Librarian,"Librarian, bilginin sessiz koruyucusudur. Elindeki kitaplarla dünyaları keşfeder. Düzenli, sabırlı ve meraklıdır. Her cevap için bir kitabı vardır, bilgiyi paylaşmayı sever.",,Bilim İnsanı,Meraklı / Bilgi Odaklı,8,8,8,,Yaygın,,,,,0,0,0,0,5,,,,,FALSE,TRUE,TRUE
LEGO® Minifigürler Serisi 10,lego-minifigurler-serisi-10,lego-minifigures-series-10,2013-05-01,Medusa,medusa,medusa,2,col10-2,Medusa,"Medusa, antik mitlerin lanetli güzelliğidir. Saçları yılanlarla doludur, bakışıyla taş keser. Gücü korkutucu ama trajiktir. Karanlık kaderini kabullenmiş asil bir figürdür.",,Efsanevi Karakter,Güçlü / Lanetli,13,13,13,,Nadir,,,,,0,0,0,0,6,,,,,FALSE,TRUE,TRUE
LEGO® Minifigürler Serisi 10,lego-minifigurler-serisi-10,lego-minifigures-series-10,2013-05-01,Roman Commander,roman-commander,roman-commander,3,col10-3,Roman Commander,"Roman Commander, disiplinin ve liderliğin sembolüdür. Askerlerini kararlılıkla yönetir, cesaretiyle örnek olur. Emirleri net, vizyonu güçlüdür. Zafer onun karakterinde gizlidir.",,Asker,Lider / Disiplinli,12,12,12,,Nadir,,,,,0,0,0,0,6,,,,,FALSE,TRUE,TRUE
LEGO® Minifigürler Serisi 10,lego-minifigurler-serisi-10,lego-minifigures-series-10,2013-05-01,Warrior Woman,warrior-woman,warrior-woman,4,col10-4,Warrior Woman,"Warrior Woman, özgürlük için savaşan cesur bir savaşçıdır. Kalkanını gururla taşır. Güçlü, kararlı ve korkusuzdur. Adalet için savaşırken hiç geri adım atmaz.",,Savaşçı,Cesur / Adaletli,11,11,11,,Nadir,,,,,0,0,0,0,6,,,,,FALSE,TRUE,TRUE
LEGO® Minifigürler Serisi 10,lego-minifigurler-serisi-10,lego-minifigures-series-10,2013-05-01,Tomahawk Warrior,tomahawk-warrior,tomahawk-warrior,5,col10-5,Tomahawk Warrior,"Tomahawk Warrior, doğanın sesini savaş meydanına taşıyan kabile lideridir. Onur, cesaret ve doğaya saygı onun yaşam felsefesidir. Köklerine bağlı, kalbiyle yön bulur.",,Kabile Lideri,Onurlu / Doğa Dostu,9,9,9,,Yaygın,,,,,0,0,0,0,5,,,,,FALSE,TRUE,TRUE
LEGO® Minifigürler Serisi 10,lego-minifigurler-serisi-10,lego-minifigures-series-10,2013-05-01,Skydiver,skydiver,skydiver,6,col10-6,Skydiver,"Skydiver, gökyüzünün özgür ruhudur. Rüzgarla yarışır, bulutlarla dans eder. Cesur, maceracı ve özgüvenlidir. Adrenalini hayatının bir parçası olarak görür.",,Sporcu,Maceraperest / Cesur,8,8,8,,Yaygın,,,,,0,0,0,0,5,,,,,FALSE,TRUE,TRUE
LEGO® Minifigürler Serisi 10,lego-minifigurler-serisi-10,lego-minifigures-series-10,2013-05-01,Sea Captain,sea-captain,sea-captain,7,col10-7,Sea Captain,"Sea Captain, denizlerin bilge yolcusudur. Fırtınalarla savaşır, pusulasına güvenir. Tecrübeli, sakin ve kararlıdır. Her dalga onun için yeni bir hikayedir.",,Lider,Bilge / Tecrübeli,10,10,10,,Nadir,,,,,0,0,0,0,5,,,,,FALSE,TRUE,TRUE
LEGO® Minifigürler Serisi 10,lego-minifigurler-serisi-10,lego-minifigures-series-10,2013-05-01,Sad Clown,sad-clown,sad-clown,8,col10-8,Sad Clown,"Sad Clown, duyguların sessiz anlatıcısıdır. Gülümsemesi hüzün taşır. Sanatıyla iç dünyasını ifade eder. Melankolik ama içten bir karakterdir.",,Sanatçı,Melankolik / Duygusal,9,9,9,,Yaygın,,,,,0,0,0,0,5,,,,,FALSE,TRUE,TRUE
LEGO® Minifigürler Serisi 10,lego-minifigurler-serisi-10,lego-minifigures-series-10,2013-05-01,Grandpa,grandpa,grandpa,9,col10-9,Grandpa,"Grandpa, tecrübeyle yoğrulmuş bilge bir figürdür. Torunlarına hikayeler anlatır. Sabırlı, sevecen ve nostaljiktir. Geçmişin bilgeliğini bugüne taşır.",,Aile Karakteri,Bilge / Şefkatli,8,8,8,,Yaygın,,,,,0,0,0,0,5,,,,,FALSE,TRUE,TRUE
LEGO® Minifigürler Serisi 10,lego-minifigurler-serisi-10,lego-minifigures-series-10,2013-05-01,Paintball Player,paintball-player,paintball-player,10,col10-10,Paintball Player,"Paintball Player, renklerin savaşçısıdır. Cesurca mücadele eder, her boya damlası bir zaferdir. Enerjik, rekabetçi ve yaratıcıdır. Eğlenmeyi bilir ama kazanmaktan da vazgeçmez.",,Sporcu,Enerjik / Rekabetçi,8,8,8,,Yaygın,,,,,0,0,0,0,5,,,,,FALSE,TRUE,TRUE
LEGO® Minifigürler Serisi 10,lego-minifigurler-serisi-10,lego-minifigures-series-10,2013-05-01,Decorator,decorator,decorator,11,col10-11,Decorator,"Decorator, yaratıcılıkla dolu pratik bir karakterdir. Her yüzeyi sanata dönüştürür. Çalışkan, dikkatli ve sabırlıdır. Elindeki fırça onun büyülü aracıdır.",,Emekçi,Yaratıcı / Çalışkan,8,8,8,,Yaygın,,,,,0,0,0,0,5,,,,,FALSE,TRUE,TRUE
LEGO® Minifigürler Serisi 10,lego-minifigurler-serisi-10,lego-minifigures-series-10,2013-05-01,Bumblebee Girl,bumblebee-girl,bumblebee-girl,12,col10-12,Bumblebee Girl,"Bumblebee Girl, neşenin ve tatlılığın vücut bulmuş halidir. Kostümüyle çevresine pozitif enerji saçar. Eğlenceli, masum ve saf bir karakterdir.",,Eğlendirici,Masum / Neşeli,10,10,10,,Nadir,,,,,0,0,0,0,4,,,,,FALSE,TRUE,TRUE
LEGO® Minifigürler Serisi 10,lego-minifigurler-serisi-10,lego-minifigures-series-10,2013-05-01,Trendsetter,trendsetter,trendsetter,13,col10-13,Trendsetter,"Trendsetter, modern dünyanın stil ikonudur. Modayı yakından takip eder. Kendine güveni tam, yaratıcı ve karizmatiktir. Tarzıyla fark yaratır.",,Sanatçı,Modern / Karizmatik,9,9,9,,Yaygın,,,,,0,0,0,0,5,,,,,FALSE,TRUE,TRUE
LEGO® Minifigürler Serisi 10,lego-minifigurler-serisi-10,lego-minifigures-series-10,2013-05-01,Revolution Soldier,revolution-soldier,revolution-soldier,14,col10-14,Revolution Soldier,"Revolution Soldier, özgürlük için savaşan inançlı bir askerdir. Cesaretiyle tarihe geçmiştir. Gururlu, disiplinli ve kararlıdır. Vatanı için her zorluğu göze alır.",,Asker,Gururlu / Fedakar,11,11,11,,Nadir,,,,,0,0,0,0,6,,,,,FALSE,TRUE,TRUE
LEGO® Minifigürler Serisi 10,lego-minifigurler-serisi-10,lego-minifigures-series-10,2013-05-01,Motorcycle Mechanic,motorcycle-mechanic,motorcycle-mechanic,15,col10-15,Motorcycle Mechanic,"Motorcycle Mechanic, motor tutkusuyla yaşayan pratik bir ustadır. Ellerindeki yağ izleri emeğinin sembolüdür. Çalışkan, özgür ruhlu ve yeteneklidir.",,Emekçi,Pratik / Özgür Ruh,8,8,8,,Yaygın,,,,,0,0,0,0,5,,,,,FALSE,TRUE,TRUE
LEGO® Minifigürler Serisi 10,lego-minifigurler-serisi-10,lego-minifigures-series-10,2013-05-01,Baseball Fielder,baseball-fielder,baseball-fielder,16,col10-16,Baseball Fielder,"Baseball Fielder, sahaların hızlı kahramanıdır. Topu yakalamada ustadır. Takım ruhu yüksek, azimli ve mücadeleci bir sporcudur. Her oyunda zafer için oynar.",,Sporcu,Takım Oyuncusu / Azimli,8,8,8,,Yaygın,,,,,0,0,0,0,5,,,,,FALSE,TRUE,TRUE
LEGO® Minifigürler Serisi 11,lego-minifigurler-serisi-11,lego-minifigures-series-11,2013-09-01,Scientist,scientist,scientist,1,col11-1,Scientist,"Scientist, bilimin tutkulu savunucusudur. Deney tüpleriyle yeni keşiflerin peşindedir. Dahi, meraklı ve kararlıdır. Her başarısızlığı bir sonraki icadın kapısı olarak görür.",,Bilim İnsanı,Meraklı / Keşif Odaklı,8,8,8,,Yaygın,,,,,0,0,0,0,5,,,,,FALSE,TRUE,TRUE
LEGO® Minifigürler Serisi 11,lego-minifigurler-serisi-11,lego-minifigures-series-11,2013-09-01,Lady Robot,lady-robot,lady-robot,2,col11-2,Lady Robot,"Lady Robot, zarafetle birleşmiş mekanik zekanın sembolüdür. Ritimli hareketleriyle dikkat çeker. Mükemmeliyetçi, kibar ve programlı bir karakterdir.",,Robotik Karakter,Zarif / Programlı,8,8,8,,Yaygın,,,,,0,0,0,0,5,,,,,FALSE,TRUE,TRUE
LEGO® Minifigürler Serisi 11,lego-minifigurler-serisi-11,lego-minifigures-series-11,2013-09-01,Evil Mech,evil-mech,evil-mech,3,col11-3,Evil Mech,"Evil Mech, savaş için tasarlanmış acımasız bir robotik varlıktır. Gücü ve soğukkanlılığıyla düşmanlarına korku salar. Emirleri sorgulamaz, görevine sadıktır.",,Robotik Karakter,Kötü / Savaşçı,10,10,10,,Nadir,,,,,0,0,0,0,6,,,,,FALSE,TRUE,TRUE
LEGO® Minifigürler Serisi 11,lego-minifigurler-serisi-11,lego-minifigures-series-11,2013-09-01,Holiday Elf,holiday-elf,holiday-elf,4,col11-4,Holiday Elf,"Holiday Elf, yeni yılın neşesini taşıyan küçük bir yardımcıdır. Hediyeleri hazırlar, süsleri asar. Neşeli, yardımsever ve enerjiktir. Mutluluk onun doğal halidir.",,Yardımcı Karakter,Neşeli / Enerjik,9,9,9,,Nadir,,,,,0,0,0,0,5,,,,,FALSE,TRUE,TRUE
LEGO® Minifigürler Serisi 11,lego-minifigurler-serisi-11,lego-minifigures-series-11,2013-09-01,Yeti,yeti,yeti,5,col11-5,Yeti,"Yeti, soğuk dağların efsanevi yaratığıdır. Korkutucu görünür ama kalbi yumuşaktır. Meraklı, saf ve yalnızdır. Karlarla kaplı zirvelerde dost arar.",,Efsanevi Karakter,Saf / Meraklı,10,10,10,,Nadir,,,,,0,0,0,0,4,,,,,FALSE,TRUE,TRUE
LEGO® Minifigürler Serisi 11,lego-minifigurler-serisi-11,lego-minifigures-series-11,2013-09-01,Mountain Climber,mountain-climber,mountain-climber,6,col11-6,Mountain Climber,"Mountain Climber, zirvelerin azimli kaşifidir. Her tırmanış bir mücadeledir. Cesur, dikkatli ve kararlıdır. Zorluklar onu durdurmaz, sadece güçlendirir.",,Kaşif,Cesur / Kararlı,11,11,11,,Nadir,,,,,0,0,0,0,6,,,,,FALSE,TRUE,TRUE
LEGO® Minifigürler Serisi 11,lego-minifigurler-serisi-11,lego-minifigures-series-11,2013-09-01,Constable,constable,constable,7,col11-7,Constable,"Constable, düzenin ve adaletin sessiz temsilcisidir. Görev bilinciyle hareket eder. Dürüst, disiplinli ve sabırlıdır. Şehrin güvenliği onun sorumluluğundadır.",,Kahraman,Disiplinli / Adaletli,8,8,8,,Yaygın,,,,,0,0,0,0,5,,,,,FALSE,TRUE,TRUE
LEGO® Minifigürler Serisi 11,lego-minifigurler-serisi-11,lego-minifigures-series-11,2013-09-01,Grandma,grandma,grandma,8,col11-8,Grandma,"Grandma, sıcak kalpli bir aile figürüdür. Tatlılarıyla ve gülümsemesiyle herkesi mutlu eder. Şefkatli, bilge ve sabırlıdır. Nesillerin birleştiricisidir.",,Aile Karakteri,Şefkatli / Bilge,8,8,8,,Yaygın,,,,,0,0,0,0,5,,,,,FALSE,TRUE,TRUE
LEGO® Minifigürler Serisi 11,lego-minifigurler-serisi-11,lego-minifigures-series-11,2013-09-01,Welder,welder,welder,9,col11-9,Welder,"Welder, kıvılcımlarla dans eden emekçidir. Metalin ustası, ateşin dostudur. Çalışkan, güçlü ve dikkatli bir karakterdir. Her kaynak izi bir başarı hikayesidir.",,Emekçi,Güçlü / Dikkatli,8,8,8,,Yaygın,,,,,0,0,0,0,5,,,,,FALSE,TRUE,TRUE
LEGO® Minifigürler Serisi 11,lego-minifigurler-serisi-11,lego-minifigures-series-11,2013-09-01,Barbarian,barbarian,barbarian,10,col11-10,Barbarian,"Barbarian, vahşi toprakların güçlü savaşçısıdır. Cesaretiyle rakiplerine meydan okur. İlkel ama onurludur. Mücadele onun yaşam tarzıdır.",,Savaşçı,İlkel / Onurlu,10,10,10,,Nadir,,,,,0,0,0,0,6,,,,,FALSE,TRUE,TRUE
LEGO® Minifigürler Serisi 11,lego-minifigurler-serisi-11,lego-minifigures-series-11,2013-09-01,Tiki Warrior,tiki-warrior,tiki-warrior,11,col11-11,Tiki Warrior,"Tiki Warrior, tropik adaların ruhani koruyucusudur. Maskesiyle doğa güçlerini temsil eder. Bilge, kararlı ve saygılı bir karakterdir. Geleneklerine sadıktır.",,Ruhani Koruyucu,Bilge / Geleneksel,11,11,11,,Nadir,,,,,0,0,0,0,6,,,,,FALSE,TRUE,TRUE
LEGO® Minifigürler Serisi 11,lego-minifigurler-serisi-11,lego-minifigures-series-11,2013-09-01,Gingerbread Man,gingerbread-man,gingerbread-man,12,col11-12,Gingerbread Man,"Gingerbread Man, tatlı dünyaların sevimli kahramanıdır. Şekerle kaplı görünümüyle herkesin yüzünü güldürür. Neşeli, saf ve dost canlısıdır.",,Eğlendirici,Neşeli / Masum,9,9,9,,Nadir,,,,,0,0,0,0,4,,,,,FALSE,TRUE,TRUE
LEGO® Minifigürler Serisi 11,lego-minifigurler-serisi-11,lego-minifigures-series-11,2013-09-01,Pretzel Girl,pretzel-girl,pretzel-girl,13,col11-13,Pretzel Girl,"Pretzel Girl, geleneksel kültürün zarif temsilcisidir. Elinde pretzeliyle sıcak bir gülümseme taşır. Kibar, misafirperver ve mutludur.",,Geleneksel Karakter,Kibar / Misafirperver,8,8,8,,Yaygın,,,,,0,0,0,0,5,,,,,FALSE,TRUE,TRUE
LEGO® Minifigürler Serisi 11,lego-minifigurler-serisi-11,lego-minifigures-series-11,2013-09-01,Diner Waitress,diner-waitress,diner-waitress,14,col11-14,Diner Waitress,"Diner Waitress, retro tarzıyla 50’ler ruhunu yaşatır. Enerjik, hızlı ve pozitif bir karakterdir. Her siparişi gülümsemeyle teslim eder.",,Hizmetkar,Enerjik / Pozitif,9,9,9,,Yaygın,,,,,0,0,0,0,5,,,,,FALSE,TRUE,TRUE
LEGO® Minifigürler Serisi 11,lego-minifigurler-serisi-11,lego-minifigures-series-11,2013-09-01,Island Warrior,island-warrior,island-warrior,15,col11-15,Island Warrior,"Island Warrior, ada kabilelerinin cesur savunucusudur. Maskesiyle korku salar ama kalbi adaletle dolar. Onurlu, sadık ve doğaya bağlıdır.",,Savaşçı,Sadık / Doğa Dostu,11,11,11,,Nadir,,,,,0,0,0,0,6,,,,,FALSE,TRUE,TRUE
LEGO® Minifigürler Serisi 11,lego-minifigurler-serisi-11,lego-minifigures-series-11,2013-09-01,Scarecrow,scarecrow,scarecrow,16,col11-16,Scarecrow,"Scarecrow, tarlaların sessiz koruyucusudur. Kuşları uzak tutar ama yalnızdır. Sade, sabırlı ve görevine sadık bir figürdür. Doğanın dengesini korur.",,Koruyucu,Sessiz / Sabırlı,8,8,8,,Yaygın,,,,,0,0,0,0,5,,,,,FALSE,TRUE,TRUE
LEGO® Minifigürler Serisi The Lego Movie,lego-minifigurler-serisi-the-lego-movie,lego-minifigures-series-the-lego-movie,2014-01-01,Emmet,emmet,emmet,1,colLM-1,Emmet,"Emmet, sıradan bir inşaat işçisiyken kaderin kahramanı olur. Naifliği ve inancıyla herkesin sevgisini kazanır.",,Kahraman,Saf / Cesur,10,10,10,,Yaygın,,,,,0,0,0,0,5,,,,,FALSE,TRUE,TRUE
LEGO® Minifigürler Serisi The Lego Movie,lego-minifigurler-serisi-the-lego-movie,lego-minifigures-series-the-lego-movie,2014-01-01,Wyldstyle,wyldstyle,wyldstyle,2,colLM-2,Wyldstyle,"Wyldstyle, özgür ruhlu ve karizmatik bir savaşçıdır. Cesur, akıllı ve başkaldıran bir liderdir.",,Asi Lider,Zeki / Karizmatik,10,10,10,,Yaygın,,,,,0,0,0,0,5,,,,,FALSE,TRUE,TRUE
LEGO® Minifigürler Serisi The Lego Movie,lego-minifigurler-serisi-the-lego-movie,lego-minifigures-series-the-lego-movie,2014-01-01,Bad Cop / Good Cop,bad-cop-good-cop,bad-cop-good-cop,3,colLM-3,Bad Cop / Good Cop,"Bad Cop / Good Cop, içinde iki kişilik barındırır. Otoriter ama adaletli, komik ama kararsızdır.",,İkili Karakter,Otoriter / Mizahi,11,11,11,,Nadir,,,,,0,0,0,0,6,,,,,FALSE,TRUE,TRUE
LEGO® Minifigürler Serisi The Lego Movie,lego-minifigurler-serisi-the-lego-movie,lego-minifigures-series-the-lego-movie,2014-01-01,President Business,president-business,president-business,4,colLM-4,President Business,"President Business, düzen takıntılı bir yöneticidir. Dünyayı kontrol etmeye çalışır ama kalbinde yumuşak bir taraf vardır.",,Kötü Yönetici,Planlı / Takıntılı,12,12,12,,Nadir,,,,,0,0,0,0,6,,,,,FALSE,TRUE,TRUE
LEGO® Minifigürler Serisi The Lego Movie,lego-minifigurler-serisi-the-lego-movie,lego-minifigures-series-the-lego-movie,2014-01-01,Vitruvius,vitruvius,vitruvius,5,colLM-5,Vitruvius,"Vitruvius, bilge bir rehberdir. Kör olmasına rağmen sezgileriyle yol gösterir. Bilgelik ve mizahın birleşimidir.",,Bilge Rehber,Kör / Sezgisel,13,13,13,,Nadir,,,,,0,0,0,0,6,,,,,FALSE,TRUE,TRUE
LEGO® Minifigürler Serisi The Lego Movie,lego-minifigurler-serisi-the-lego-movie,lego-minifigures-series-the-lego-movie,2014-01-01,Unikitty,unikitty,unikitty,6,colLM-6,Unikitty,"Unikitty, pozitif enerjisiyle herkese mutluluk saçar. Sinirlenince adeta bir fırtınaya dönüşür.",,Fantastik Karakter,Neşeli / Dengesiz,15,15,15,,Çok Nadir,,,,,0,0,0,0,6,,,,,FALSE,TRUE,TRUE
LEGO® Minifigürler Serisi The Lego Movie,lego-minifigurler-serisi-the-lego-movie,lego-minifigures-series-the-lego-movie,2014-01-01,Benny,benny,benny,7,colLM-7,Benny,"Benny, uzay aşığı bir nostalji figürüdür. Kaskındaki çatlak bile karakterinin bir parçasıdır.",,Nostaljik Kahraman,Komik / Tutkulu,14,14,14,,Nadir,,,,,0,0,0,0,5,,,,,FALSE,TRUE,TRUE
LEGO® Minifigürler Serisi The Lego Movie,lego-minifigurler-serisi-the-lego-movie,lego-minifigures-series-the-lego-movie,2014-01-01,Calamity Drone,calamity-drone,calamity-drone,8,colLM-8,Calamity Drone,"Calamity Drone, soğukkanlı bir koruma robotudur. Emirleri kusursuz yerine getirir, duygusuz ama etkileyicidir.",,Robot Düşman,Emir Odaklı / Soğukkanlı,11,11,11,,Yaygın,,,,,0,0,0,0,6,,,,,FALSE,TRUE,TRUE
LEGO® Minifigürler Serisi The Lego Movie,lego-minifigurler-serisi-the-lego-movie,lego-minifigures-series-the-lego-movie,2014-01-01,Panda Guy,panda-guy,panda-guy,9,colLM-9,Panda Guy,"Panda Guy, eğlenceli bir maskottur. Kostümüyle mutluluk saçar, her ortamda dikkat çeker.",,Maskot,Eğlenceli / Pozitif,9,9,9,,Yaygın,,,,,0,0,0,0,5,,,,,FALSE,TRUE,TRUE
LEGO® Minifigürler Serisi The Lego Movie,lego-minifigurler-serisi-the-lego-movie,lego-minifigures-series-the-lego-movie,2014-01-01,Where Are My Pants? Guy,where-are-my-pants-guy,where-are-my-pants-guy,10,colLM-10,Where Are My Pants? Guy,"Where Are My Pants? Guy, komik ve unutkan bir karakterdir. Her repliğinde kahkaha garantidir.",,Komik Yan Karakter,Absürt / Saf,8,8,8,,Yaygın,,,,,0,0,0,0,5,,,,,FALSE,TRUE,TRUE
LEGO® Minifigürler Serisi The Lego Movie,lego-minifigurler-serisi-the-lego-movie,lego-minifigures-series-the-lego-movie,2014-01-01,William Shakespeare,william-shakespeare,william-shakespeare,11,colLM-11,William Shakespeare,"William Shakespeare, sanatsal derinliğiyle bilinir. Dramatik ama mizahi bir duruşu vardır.",,Sanatçı,Dramatik / Mizahi,10,10,10,,Nadir,,,,,0,0,0,0,5,,,,,FALSE,TRUE,TRUE
LEGO® Minifigürler Serisi The Lego Movie,lego-minifigurler-serisi-the-lego-movie,lego-minifigures-series-the-lego-movie,2014-01-01,Abraham Lincoln,abraham-lincoln,abraham-lincoln,12,colLM-12,Abraham Lincoln,"Abraham Lincoln, karizmatik lider figürüdür. Adalet, özgürlük ve mizah onunla birleşir.",,Tarihi Lider,Karizmatik / Adaletli,12,12,12,,Nadir,,,,,0,0,0,0,5,,,,,FALSE,TRUE,TRUE
LEGO® Minifigürler Serisi The Lego Movie,lego-minifigurler-serisi-the-lego-movie,lego-minifigures-series-the-lego-movie,2014-01-01,Taco Tuesday Guy,taco-tuesday-guy,taco-tuesday-guy,13,colLM-13,Taco Tuesday Guy,"Taco Tuesday Guy, yemek temalı eğlencenin simgesidir. Her şeyi taco günü için yapar.",,Eğlenceli Karakter,Neşeli / Enerjik,9,9,9,,Yaygın,,,,,0,0,0,0,5,,,,,FALSE,TRUE,TRUE
LEGO® Minifigürler Serisi The Lego Movie,lego-minifigurler-serisi-the-lego-movie,lego-minifigures-series-the-lego-movie,2014-01-01,Velma Staplebot,velma-staplebot,velma-staplebot,14,colLM-14,Velma Staplebot,"Velma Staplebot, robotik zekâsıyla düzenli bir çalışandır. Soğuk görünür ama görev bilinci yüksektir.",,Robot Çalışan,Soğuk / Disiplinli,8,8,8,,Yaygın,,,,,0,0,0,0,5,,,,,FALSE,TRUE,TRUE
LEGO® Minifigürler Serisi The Lego Movie,lego-minifigurler-serisi-the-lego-movie,lego-minifigures-series-the-lego-movie,2014-01-01,Larry the Barista,larry-the-barista,larry-the-barista,15,colLM-15,Larry the Barista,"Larry the Barista, kahve kültürünün temsilcisidir. Güleryüzlü, enerjik ve sosyal bir karakterdir.",,Sosyal Karakter,Güleryüzlü / Rahat,8,8,8,,Yaygın,,,,,0,0,0,0,5,,,,,FALSE,TRUE,TRUE
LEGO® Minifigürler Serisi The Lego Movie,lego-minifigurler-serisi-the-lego-movie,lego-minifigures-series-the-lego-movie,2014-01-01,Marsha Queen of the Mermaids,marsha-queen-of-the-mermaids,marsha-queen-of-the-mermaids,16,colLM-16,Marsha Queen of the Mermaids,"Marsha Queen of the Mermaids, su altı kraliçesidir. Zarif, güçlü ve büyüleyici bir figürdür.",,Deniz Kraliçesi,Zarif / Güçlü,10,10,10,,Nadir,,,,,0,0,0,0,6,,,,,FALSE,TRUE,TRUE
LEGO® Minifigürler Serisi The Simpsons,lego-minifigurler-serisi-the-simpsons,lego-minifigures-series-the-simpsons,2014-05-01,Homer Simpson,homer-simpson,homer-simpson,1,colSIM-1,Homer Simpson,"Homer Simpson, tembelliği ve iştahıyla tanınır. Basit düşünür ama ailesine olan sevgisi sonsuzdur. Her hatası komik bir ders gibidir.",,Baba,Tembel / Komik,10,10,10,,Nadir,,,,,0,0,0,0,5,,,,,FALSE,TRUE,TRUE
LEGO® Minifigürler Serisi The Simpsons,lego-minifigurler-serisi-the-simpsons,lego-minifigures-series-the-simpsons,2014-05-01,Marge Simpson,marge-simpson,marge-simpson,2,colSIM-2,Marge Simpson,"Marge Simpson, ailenin vicdanıdır. Sabırlı, anlayışlı ve sevgi doludur. Mavi saçıyla ikon haline gelmiştir.",,Anne,Sabırlı / Sevgi Dolu,10,10,10,,Nadir,,,,,0,0,0,0,5,,,,,FALSE,TRUE,TRUE
LEGO® Minifigürler Serisi The Simpsons,lego-minifigurler-serisi-the-simpsons,lego-minifigures-series-the-simpsons,2014-05-01,Bart Simpson,bart-simpson,bart-simpson,3,colSIM-3,Bart Simpson,"Bart Simpson, yaramazlığın sembolüdür. Asi, zeki ve eğlencelidir. “Eat my shorts!” repliğiyle efsaneleşmiştir.",,Oğul,Asi / Eğlenceli,10,10,10,,Nadir,,,,,0,0,0,0,5,,,,,FALSE,TRUE,TRUE
LEGO® Minifigürler Serisi The Simpsons,lego-minifigurler-serisi-the-simpsons,lego-minifigures-series-the-simpsons,2014-05-01,Lisa Simpson,lisa-simpson,lisa-simpson,4,colSIM-4,Lisa Simpson,"Lisa Simpson, aklın ve adaletin sesidir. Bilge, duygusal ve ileri görüşlüdür. Her zaman doğruyu savunur.",,Kız,Zeki / Duygusal,10,10,10,,Nadir,,,,,0,0,0,0,5,,,,,FALSE,TRUE,TRUE
LEGO® Minifigürler Serisi The Simpsons,lego-minifigurler-serisi-the-simpsons,lego-minifigures-series-the-simpsons,2014-05-01,Maggie Simpson,maggie-simpson,maggie-simpson,5,colSIM-5,Maggie Simpson,"Maggie Simpson, kelimesiz ama etkili bir karakterdir. Emziğiyle sessiz mizahın gücünü temsil eder.",,Bebek,Sessiz / Sevimli,9,9,9,,Yaygın,,,,,0,0,0,0,4,,,,,FALSE,TRUE,TRUE
LEGO® Minifigürler Serisi The Simpsons,lego-minifigurler-serisi-the-simpsons,lego-minifigures-series-the-simpsons,2014-05-01,Ned Flanders,ned-flanders,ned-flanders,6,colSIM-6,Ned Flanders,"Ned Flanders, iyi niyetin ve inancın sembolüdür. Herkese yardım etmeye çalışan, aşırı kibar bir komşudur.",,Komşu,Dindar / Kibar,10,10,10,,Yaygın,,,,,0,0,0,0,5,,,,,FALSE,TRUE,TRUE
LEGO® Minifigürler Serisi The Simpsons,lego-minifigurler-serisi-the-simpsons,lego-minifigures-series-the-simpsons,2014-05-01,Krusty the Clown,krusty-the-clown,krusty-the-clown,7,colSIM-7,Krusty the Clown,"Krusty the Clown, eğlenceli ama karanlık tarafları olan bir palyaçodur. Güler yüzünün ardında yorgun bir ruh gizlidir.",,Palyaço,Mizahi / Karanlık,11,11,11,,Nadir,,,,,0,0,0,0,5,,,,,FALSE,TRUE,TRUE
LEGO® Minifigürler Serisi The Simpsons,lego-minifigurler-serisi-the-simpsons,lego-minifigures-series-the-simpsons,2014-05-01,Itchy,itchy,itchy,8,colSIM-8,Itchy,"Itchy, çizgi filmdeki zalim fare karakteridir. Şiddeti abartılı mizah haline getirir.",,Çizgi Film Karakteri,Zalim / Abartılı,9,9,9,,Yaygın,,,,,0,0,0,0,5,,,,,FALSE,TRUE,TRUE
LEGO® Minifigürler Serisi The Simpsons,lego-minifigurler-serisi-the-simpsons,lego-minifigures-series-the-simpsons,2014-05-01,Scratchy,scratchy,scratchy,9,colSIM-9,Scratchy,"Scratchy, Itchy’nin zavallı kurbanıdır. Sürekli acı çeker ama seyirciyi güldürür.",,Çizgi Film Karakteri,Kurban / Mizahi,9,9,9,,Yaygın,,,,,0,0,0,0,5,,,,,FALSE,TRUE,TRUE
LEGO® Minifigürler Serisi The Simpsons,lego-minifigurler-serisi-the-simpsons,lego-minifigures-series-the-simpsons,2014-05-01,Chief Wiggum,chief-wiggum,chief-wiggum,10,colSIM-10,Chief Wiggum,"Chief Wiggum, dikkatsiz ama iyi kalpli bir polistir. Şansı ve açgözlülüğüyle tanınır.",,Polis,Dikkatsiz / Komik,9,9,9,,Yaygın,,,,,0,0,0,0,5,,,,,FALSE,TRUE,TRUE
LEGO® Minifigürler Serisi The Simpsons,lego-minifigurler-serisi-the-simpsons,lego-minifigures-series-the-simpsons,2014-05-01,Apu Nahasapeemapetilon,apu-nahasapeemapetilon,apu-nahasapeemapetilon,11,colSIM-11,Apu Nahasapeemapetilon,"Apu Nahasapeemapetilon, çalışkan ve nazik bir esnaftır. Herkese “Thank you, come again!” diyerek veda eder.",,Esnaf,Çalışkan / Nazik,10,10,10,,Yaygın,,,,,0,0,0,0,5,,,,,FALSE,TRUE,TRUE
LEGO® Minifigürler Serisi The Simpsons,lego-minifigurler-serisi-the-simpsons,lego-minifigures-series-the-simpsons,2014-05-01,Mr. Burns,mr-burns,mr-burns,12,colSIM-12,Mr. Burns,"Mr. Burns, açgözlülüğün vücut bulmuş halidir. Gücü sever, merhameti bilmez. “Excellent…” repliğiyle tanınır.",,Patron,Açgözlü / Soğuk,12,12,12,,Nadir,,,,,0,0,0,0,5,,,,,FALSE,TRUE,TRUE
LEGO® Minifigürler Serisi The Simpsons,lego-minifigurler-serisi-the-simpsons,lego-minifigures-series-the-simpsons,2014-05-01,Ralph Wiggum,ralph-wiggum,ralph-wiggum,13,colSIM-13,Ralph Wiggum,"Ralph Wiggum, saf ve masumdur. Komik cümleleriyle herkesi güldürür.",,Çocuk,Saf / Masum,8,8,8,,Yaygın,,,,,0,0,0,0,5,,,,,FALSE,TRUE,TRUE
LEGO® Minifigürler Serisi The Simpsons,lego-minifigurler-serisi-the-simpsons,lego-minifigures-series-the-simpsons,2014-05-01,Nelson Muntz,nelson-muntz,nelson-muntz,14,colSIM-14,Nelson Muntz,"Nelson Muntz, okulun zorbasıdır. Sert görünür ama içten içe yalnızdır.",,Zorba,Sert / Yalnız,9,9,9,,Yaygın,,,,,0,0,0,0,5,,,,,FALSE,TRUE,TRUE
LEGO® Minifigürler Serisi The Simpsons,lego-minifigurler-serisi-the-simpsons,lego-minifigures-series-the-simpsons,2014-05-01,Grandpa Simpson,grandpa-simpson,grandpa-simpson,15,colSIM-15,Grandpa Simpson,"Grandpa Simpson, geçmişin hikâyeleriyle yaşayan bilgedir. Her cümlesi nostaljik bir dokunuştur.",,Dede,Bilge / Nostaljik,9,9,9,,Yaygın,,,,,0,0,0,0,5,,,,,FALSE,TRUE,TRUE
LEGO® Minifigürler Serisi The Simpsons,lego-minifigurler-serisi-the-simpsons,lego-minifigures-series-the-simpsons,2014-05-01,Milhouse Van Houten,milhouse-van-houten,milhouse-van-houten,16,colSIM-16,Milhouse Van Houten,"Milhouse Van Houten, Bart’ın en iyi arkadaşıdır. Naif, duygusal ve sadıktır.",,Arkadaş,Sadık / Naif,9,9,9,,Yaygın,,,,,0,0,0,0,5,,,,,FALSE,TRUE,TRUE
LEGO® Minifigürler Serisi 12,lego-minifigurler-serisi-12,lego-minifigures-series-12,2014-10-01,Wizard,wizard,wizard,1,col12-1,Wizard,"Wizard, sihrin bilge ustasıdır. Asasını kaldırdığında yıldırımlar gökyüzünü aydınlatır. Güçlü, bilgili ve gizemlidir. Gerçekliği kendi iradesiyle şekillendirir, her büyüsü bir ders taşır.",,Büyücü,Bilge / Güçlü,11,11,11,,Nadir,,,,,0,0,0,0,6,,,,,FALSE,TRUE,TRUE
LEGO® Minifigürler Serisi 12,lego-minifigurler-serisi-12,lego-minifigures-series-12,2014-10-01,Dino Tracker,dino-tracker,dino-tracker,2,col12-2,Dino Tracker,"Dino Tracker, tarih öncesi yaratıkların izini süren cesur bir kaşiftir. Doğaya saygılı, dikkatli ve azimlidir. Her adımı keşfe, her iz yeni bir hikayeye açılır.",,Kaşif,Cesur / Dikkatli,9,9,9,,Yaygın,,,,,0,0,0,0,5,,,,,FALSE,TRUE,TRUE
LEGO® Minifigürler Serisi 12,lego-minifigurler-serisi-12,lego-minifigures-series-12,2014-10-01,Space Miner,space-miner,space-miner,3,col12-3,Space Miner,"Space Miner, galaksinin derinliklerinde kaynak arayan kararlı bir madencidir. Teknolojik zekası ve dayanıklılığıyla bilinir. Görevine sadıktır, uzayda tek başına bile yılmaz.",,Emekçi,Teknolojik / Dayanıklı,8,8,8,,Yaygın,,,,,0,0,0,0,5,,,,,FALSE,TRUE,TRUE
LEGO® Minifigürler Serisi 12,lego-minifigurler-serisi-12,lego-minifigures-series-12,2014-10-01,Battle Goddess,battle-goddess,battle-goddess,4,col12-4,Battle Goddess,"Battle Goddess, mitolojik gücün ve adaletin sembolüdür. Zırhıyla ışıldar, kalkanını iyilik için kullanır. Güçlü, asil ve korkusuzdur. Her savaş onun için bir sınavdır.",,Tanrıça,Güçlü / Adaletli,12,12,12,,Nadir,,,,,0,0,0,0,6,,,,,FALSE,TRUE,TRUE
LEGO® Minifigürler Serisi 12,lego-minifigurler-serisi-12,lego-minifigures-series-12,2014-10-01,Fairy Tale Princess,fairy-tale-princess,fairy-tale-princess,5,col12-5,Fairy Tale Princess,"Fairy Tale Princess, masalların büyülü dünyasından gelen zarif bir karakterdir. Umut ve sevgiyle hareket eder. Neşeli, kibar ve yardımseverdir. Herkesin kalbine dokunur.",,Prenses,Zarif / Yardımsever,9,9,9,,Yaygın,,,,,0,0,0,0,5,,,,,FALSE,TRUE,TRUE
LEGO® Minifigürler Serisi 12,lego-minifigurler-serisi-12,lego-minifigures-series-12,2014-10-01,Video Game Guy,video-game-guy,video-game-guy,6,col12-6,Video Game Guy,"Video Game Guy, dijital dünyanın kahramanıdır. Oyun tutkusu hayatının merkezindedir. Hızlı düşünen, odaklı ve stratejik bir karakterdir. Her mücadele onun için bir görevdir.",,Oyuncu,Stratejik / Hızlı,8,8,8,,Yaygın,,,,,0,0,0,0,4,,,,,FALSE,TRUE,TRUE
LEGO® Minifigürler Serisi 12,lego-minifigurler-serisi-12,lego-minifigures-series-12,2014-10-01,Hun Warrior,hun-warrior,hun-warrior,7,col12-7,Hun Warrior,"Hun Warrior, savaşın çelik iradeli temsilcisidir. Savaş alanında kararlılığıyla bilinir. Güçlü, disiplinli ve korkusuzdur. Onur için savaşır, korku bilmez.",,Savaşçı,Disiplinli / Korkusuz,10,10,10,,Nadir,,,,,0,0,0,0,6,,,,,FALSE,TRUE,TRUE
LEGO® Minifigürler Serisi 12,lego-minifigurler-serisi-12,lego-minifigures-series-12,2014-10-01,Lifeguard,lifeguard,lifeguard,8,col12-8,Lifeguard,"Lifeguard, sahillerin dikkatli koruyucusudur. Dalgalar arasında hayat kurtarır. Cesur, kararlı ve sorumluluk sahibidir. Güneşin altında görevine sadıktır.",,Kahraman,Cesur / Sorumluluk Sahibi,8,8,8,,Yaygın,,,,,0,0,0,0,5,,,,,FALSE,TRUE,TRUE
LEGO® Minifigürler Serisi 12,lego-minifigurler-serisi-12,lego-minifigures-series-12,2014-10-01,Prospector,prospector,prospector,9,col12-9,Prospector,"Prospector, dağların derinliklerinde hazine arayan eski bir maceracıdır. Şansına güvenir ama sabrı her şeyden değerlidir. Mütevazı, kararlı ve azimlidir.",,Maceracı,Mütevazı / Azimli,9,9,9,,Yaygın,,,,,0,0,0,0,5,,,,,FALSE,TRUE,TRUE
LEGO® Minifigürler Serisi 12,lego-minifigurler-serisi-12,lego-minifigures-series-12,2014-10-01,Jester,jester,jester,10,col12-10,Jester,"Jester, sarayların eğlence ustasıdır. Mizahıyla kralı güldürür. Zeki, neşeli ve oyunbazdır. Her şakası bir mesaj taşır, her kahkahası zekânın üründür.",,Eğlendirici,Neşeli / Zeki,8,8,8,,Yaygın,,,,,0,0,0,0,5,,,,,FALSE,TRUE,TRUE
LEGO® Minifigürler Serisi 12,lego-minifigurler-serisi-12,lego-minifigures-series-12,2014-10-01,Pizza Delivery Guy,pizza-delivery-guy,pizza-delivery-guy,11,col12-11,Pizza Delivery Guy,"Pizza Delivery Guy, şehrin hızlı kahramanıdır. Sıcak pizzaları zamanında ulaştırmak onun görevidir. Neşeli, enerjik ve çalışkandır. Her teslimat bir zaferdir.",,Emekçi,Çalışkan / Enerjik,8,8,8,,Yaygın,,,,,0,0,0,0,5,,,,,FALSE,TRUE,TRUE
LEGO® Minifigürler Serisi 12,lego-minifigurler-serisi-12,lego-minifigures-series-12,2014-10-01,Rock Star,rock-star,rock-star,12,col12-12,Rock Star,"Rock Star, sahnelerin asi yıldızıdır. Gitarıyla kalpleri fetheder. Tutkulu, özgüvenli ve yaratıcıdır. Müziğiyle dünyayı sallamayı sever.",,Sanatçı,Asi / Tutkulu,9,9,9,,Yaygın,,,,,0,0,0,0,5,,,,,FALSE,TRUE,TRUE
LEGO® Minifigürler Serisi 12,lego-minifigurler-serisi-12,lego-minifigures-series-12,2014-10-01,Swashbuckler,swashbuckler,swashbuckler,13,col12-13,Swashbuckler,"Swashbuckler, kılıcıyla efsaneleşmiş cesur bir maceracıdır. Her düello bir gösteridir. Kurnaz, hızlı ve karizmatiktir. Onuruyla savaşır, keyifle yaşar.",,Kahraman,Karizmatik / Cesur,10,10,10,,Nadir,,,,,0,0,0,0,6,,,,,FALSE,TRUE,TRUE
LEGO® Minifigürler Serisi 12,lego-minifigurler-serisi-12,lego-minifigures-series-12,2014-10-01,Piggy Guy,piggy-guy,piggy-guy,14,col12-14,Piggy Guy,"Piggy Guy, sevimli kostümüyle eğlencenin sembolüdür. Çocuk ruhunu korur, neşesi bulaşıcıdır. Masum, pozitif ve eğlencelidir.",,Eğlendirici,Masum / Pozitif,8,8,8,,Yaygın,,,,,0,0,0,0,4,,,,,FALSE,TRUE,TRUE
LEGO® Minifigürler Serisi 12,lego-minifigurler-serisi-12,lego-minifigures-series-12,2014-10-01,Genie Girl,genie-girl,genie-girl,15,col12-15,Genie Girl,"Genie Girl, dilekleriyle mutluluk dağıtan büyülü bir varlıktır. Enerjik, yardımsever ve sihirli bir karakterdir. Her dileğin ardında küçük bir mucize saklıdır.",,Büyülü Varlık,Yardımsever / Enerjik,9,9,9,,Nadir,,,,,0,0,0,0,5,,,,,FALSE,TRUE,TRUE
LEGO® Minifigürler Serisi 12,lego-minifigurler-serisi-12,lego-minifigures-series-12,2014-10-01,Spooky Girl,spooky-girl,spooky-girl,16,col12-16,Spooky Girl,"Spooky Girl, gotik tarzıyla dikkat çeken gizemli bir karakterdir. Karanlığı sever ama kalbi yumuşaktır. Sessiz, duygusal ve derin düşüncelidir.",,Gotik Karakter,Duygusal / Gizemli,10,10,10,,Nadir,,,,,0,0,0,0,5,,,,,FALSE,TRUE,TRUE
LEGO® Minifigürler Serisi 13,lego-minifigurler-serisi-13,lego-minifigures-series-13,2015-01-01,King,king,king,1,col13-1,King,"King, gücü ve adaleti temsil eden bilge bir hükümdardır. Tacı gururunun sembolüdür. Halkına karşı adil, düşmanlarına karşı kararlıdır. Her kararında bilgelik vardır.",,Kral,Bilge / Adaletli,10,10,10,,Nadir,,,,,0,0,0,0,6,,,,,FALSE,TRUE,TRUE
LEGO® Minifigürler Serisi 13,lego-minifigurler-serisi-13,lego-minifigures-series-13,2015-01-01,Sheriff,sheriff,sheriff,2,col13-2,Sheriff,"Sheriff, vahşi batının adalet simgesidir. Rozetiyle düzeni sağlar, kanun kaçaklarını adalete getirir. Cesur, kararlı ve soğukkanlı bir kahramandır.",,Kahraman,Cesur / Soğukkanlı,9,9,9,,Nadir,,,,,0,0,0,0,5,,,,,FALSE,TRUE,TRUE
LEGO® Minifigürler Serisi 13,lego-minifigurler-serisi-13,lego-minifigures-series-13,2015-01-01,Unicorn Girl,unicorn-girl,unicorn-girl,3,col13-3,Unicorn Girl,"Unicorn Girl, hayal gücünün ve masumiyetin sembolüdür. Kostümüyle neşe saçar. Pozitif, saf ve hayalperest bir karakterdir. Herkese mutluluk aşılar.",,Eğlendirici,Masum / Neşeli,11,11,11,,Nadir,,,,,0,0,0,0,4,,,,,FALSE,TRUE,TRUE
LEGO® Minifigürler Serisi 13,lego-minifigurler-serisi-13,lego-minifigures-series-13,2015-01-01,Snake Charmer,snake-charmer,snake-charmer,4,col13-4,Snake Charmer,"Snake Charmer, doğu mistisizminin zarif temsilcisidir. Kobra’sıyla uyum içinde dans eder. Sakin, bilge ve etkileyicidir. Ritim ve sezgiyle hayatı yönlendirir.",,Sanatçı,Sakin / Etkileyici,8,8,8,,Yaygın,,,,,0,0,0,0,5,,,,,FALSE,TRUE,TRUE
LEGO® Minifigürler Serisi 13,lego-minifigurler-serisi-13,lego-minifigures-series-13,2015-01-01,Evil Wizard,evil-wizard,evil-wizard,5,col13-5,Evil Wizard,"Evil Wizard, karanlık büyülerin ustasıdır. Gücünü hırsından alır. Tehlikeli, kurnaz ve gizemlidir. Her büyüsü bir planın parçasıdır.",,Büyücü,Kurnaz / Güçlü,12,12,12,,Nadir,,,,,0,0,0,0,6,,,,,FALSE,TRUE,TRUE
LEGO® Minifigürler Serisi 13,lego-minifigurler-serisi-13,lego-minifigures-series-13,2015-01-01,Goblin,goblin,goblin,6,col13-6,Goblin,"Goblin, yeraltı dünyasının hınzır karakteridir. Hazine avında kurnazlığıyla öne çıkar. Komik, açgözlü ama sempatiktir. Macera onun doğasında vardır.",,Yaratık,Komik / Kurnaz,9,9,9,,Yaygın,,,,,0,0,0,0,4,,,,,FALSE,TRUE,TRUE
LEGO® Minifigürler Serisi 13,lego-minifigurler-serisi-13,lego-minifigures-series-13,2015-01-01,Paleontologist,paleontologist,paleontologist,7,col13-7,Paleontologist,"Paleontologist, geçmişin izlerini sabırla araştıran bilim insanıdır. Fosillerle zamanı okur. Meraklı, sabırlı ve dikkatli bir karakterdir. Her bulgu bir hikaye taşır.",,Bilim İnsanı,Meraklı / Sabırlı,10,10,10,,Nadir,,,,,0,0,0,0,5,,,,,FALSE,TRUE,TRUE
LEGO® Minifigürler Serisi 13,lego-minifigurler-serisi-13,lego-minifigures-series-13,2015-01-01,Carpenter,carpenter,carpenter,8,col13-8,Carpenter,"Carpenter, emeğiyle dünyalar kuran bir ustadır. Her tahtayı sanata dönüştürür. Çalışkan, sabırlı ve üretkendir. Eline aldığı her aletle hayat inşa eder.",,Emekçi,Üretken / Dikkatli,8,8,8,,Yaygın,,,,,0,0,0,0,5,,,,,FALSE,TRUE,TRUE
LEGO® Minifigürler Serisi 13,lego-minifigurler-serisi-13,lego-minifigures-series-13,2015-01-01,Hot Dog Man,hot-dog-man,hot-dog-man,9,col13-9,Hot Dog Man,"Hot Dog Man, eğlencenin ve mizahın vücut bulmuş halidir. Kostümüyle herkesi güldürür. Neşeli, dost canlısı ve enerjiktir. Her etkinliğin yıldızıdır.",,Eğlendirici,Pozitif / Enerjik,11,11,11,,Nadir,,,,,0,0,0,0,4,,,,,FALSE,TRUE,TRUE
LEGO® Minifigürler Serisi 13,lego-minifigurler-serisi-13,lego-minifigures-series-13,2015-01-01,Samurai,samurai,samurai,10,col13-10,Samurai,"Samurai, onur ve disiplini hayatının merkezine koymuş bir savaşçıdır. Kılıcıyla değil, ruhuyla savaşır. Sessiz, kararlı ve onurludur.",,Savaşçı,Onurlu / Disiplinli,10,10,10,,Nadir,,,,,0,0,0,0,6,,,,,FALSE,TRUE,TRUE
LEGO® Minifigürler Serisi 13,lego-minifigurler-serisi-13,lego-minifigures-series-13,2015-01-01,Disco Diva,disco-diva,disco-diva,11,col13-11,Disco Diva,"Disco Diva, müziğin ritmiyle ışıldayan enerjik bir sanatçıdır. Sahneyi renklendirir, her adımı ışıltıdır. Özgüvenli, eğlenceli ve karizmatiktir.",,Sanatçı,Karizmatik / Eğlenceli,8,8,8,,Yaygın,,,,,0,0,0,0,5,,,,,FALSE,TRUE,TRUE
LEGO® Minifigürler Serisi 13,lego-minifigurler-serisi-13,lego-minifigures-series-13,2015-01-01,Alien Trooper,alien-trooper,alien-trooper,12,col13-12,Alien Trooper,"Alien Trooper, galaksinin koruyucu askeridir. Teknolojik zırhıyla barışı savunur. Disiplinli, kararlı ve görev odaklıdır. Evrenin sessiz bekçisidir.",,Asker,Görev Odaklı / Disiplinli,9,9,9,,Yaygın,,,,,0,0,0,0,5,,,,,FALSE,TRUE,TRUE
LEGO® Minifigürler Serisi 13,lego-minifigurler-serisi-13,lego-minifigures-series-13,2015-01-01,Egyptian Warrior,egyptian-warrior,egyptian-warrior,13,col13-13,Egyptian Warrior,"Egyptian Warrior, antik medeniyetlerin görkemli savaşçısıdır. Cesur, gururlu ve tarihe sadıktır. Her mücadelesiyle geçmişin onurunu yaşatır.",,Savaşçı,Gururlu / Cesur,9,9,9,,Nadir,,,,,0,0,0,0,6,,,,,FALSE,TRUE,TRUE
LEGO® Minifigürler Serisi 13,lego-minifigurler-serisi-13,lego-minifigures-series-13,2015-01-01,Galaxy Trooper,galaxy-trooper,galaxy-trooper,14,col13-14,Galaxy Trooper,"Galaxy Trooper, yıldızlararası düzenin koruyucusudur. Soğukkanlı, stratejik ve güçlüdür. Görevini her şeyin önünde tutar. Uzayın sonsuzluğunda bile disiplinini korur.",,Asker,Stratejik / Güçlü,9,9,9,,Yaygın,,,,,0,0,0,0,6,,,,,FALSE,TRUE,TRUE
LEGO® Minifigürler Serisi 13,lego-minifigurler-serisi-13,lego-minifigures-series-13,2015-01-01,Fencer,fencer,fencer,15,col13-15,Fencer,"Fencer, zarafet ve hızın birleştiği dövüş sanatçısıdır. Kılıcıyla rakiplerini incelikle alt eder. Sakin, odaklı ve asil bir karakterdir.",,Dövüşçü,Zarif / Odaklı,8,8,8,,Yaygın,,,,,0,0,0,0,5,,,,,FALSE,TRUE,TRUE
LEGO® Minifigürler Serisi 13,lego-minifigurler-serisi-13,lego-minifigures-series-13,2015-01-01,Lady Cyclops,lady-cyclops,lady-cyclops,16,col13-16,Lady Cyclops,"Lady Cyclops, mitolojik dünyanın güçlü dişisidir. Tek gözüyle her gerçeği görür. Korkusuz, asi ve kararlıdır. Gücünü yalnızlığından alır.",,Mitolojik Karakter,Güçlü / Asi,10,10,10,,Nadir,,,,,0,0,0,0,5,,,,,FALSE,TRUE,TRUE
LEGO® Minifigürler Serisi The Simpsons 2,lego-minifigurler-serisi-the-simpsons-2,lego-minifigures-series-the-simpsons-2,2015-05-01,Bartman,bartman,bartman,1,colSIM2-1,Bartman,"Bartman, adalet için sokağa çıkan Bart’ın kahraman kimliğidir. Asi, cesur ve mizahi bir süper kahramandır.",,Süper Kahraman,Cesur / Asi,10,10,10,,Nadir,,,,,0,0,0,0,5,,,,,FALSE,TRUE,TRUE
LEGO® Minifigürler Serisi The Simpsons 2,lego-minifigurler-serisi-the-simpsons-2,lego-minifigures-series-the-simpsons-2,2015-05-01,Fallout Boy (Milhouse),fallout-boy-milhouse,fallout-boy-milhouse,2,colSIM2-2,Fallout Boy (Milhouse),"Fallout Boy (Milhouse), dostluğun gücünü temsil eder. Her durumda Bart’ın yanında olur, bazen korkak ama sadıktır.",,Yardımcı Kahraman,Sadık / Komik,10,10,10,,Nadir,,,,,0,0,0,0,5,,,,,FALSE,TRUE,TRUE
LEGO® Minifigürler Serisi The Simpsons 2,lego-minifigurler-serisi-the-simpsons-2,lego-minifigures-series-the-simpsons-2,2015-05-01,Lisa Simpson (Snowball II with saxophone),lisa-simpson-snowball-ii-with-saxophone,lisa-simpson-snowball-ii-with-saxophone,3,colSIM2-3,Lisa Simpson (Snowball II with saxophone),"Lisa Simpson (Snowball II with saxophone), müzikle duygularını ifade eder. Duygusal, bilge ve ilham vericidir.",,Müzisyen,Duygusal / Bilge,10,10,10,,Nadir,,,,,0,0,0,0,5,,,,,FALSE,TRUE,TRUE
LEGO® Minifigürler Serisi The Simpsons 2,lego-minifigurler-serisi-the-simpsons-2,lego-minifigures-series-the-simpsons-2,2015-05-01,Maggie Simpson (Santa’s Little Helper),maggie-simpson-santa-s-little-helper,maggie-simpson-santa-s-little-helper,4,colSIM2-4,Maggie Simpson (Santa’s Little Helper),"Maggie Simpson (Santa’s Little Helper), sevimliliğiyle aileyi bir arada tutar. Sessizliğiyle huzur verir.",,Bebek,Sessiz / Sevimli,9,9,9,,Yaygın,,,,,0,0,0,0,4,,,,,FALSE,TRUE,TRUE
LEGO® Minifigürler Serisi The Simpsons 2,lego-minifigurler-serisi-the-simpsons-2,lego-minifigures-series-the-simpsons-2,2015-05-01,Homer Simpson (in suit),homer-simpson-in-suit,homer-simpson-in-suit,5,colSIM2-5,Homer Simpson (in suit),"Homer Simpson (in suit), ciddi görünse de içten içe hâlâ komiktir. Ailesi için çabalar ama genelde işler ters gider.",,Baba,Komik / Düzensiz,9,9,9,,Yaygın,,,,,0,0,0,0,5,,,,,FALSE,TRUE,TRUE
LEGO® Minifigürler Serisi The Simpsons 2,lego-minifigurler-serisi-the-simpsons-2,lego-minifigures-series-the-simpsons-2,2015-05-01,Marge Simpson (in fancy dress),marge-simpson-in-fancy-dress,marge-simpson-in-fancy-dress,6,colSIM2-6,Marge Simpson (in fancy dress),"Marge Simpson (in fancy dress), zarafeti ve anlayışıyla dikkat çeker. Şıklığıyla Springfield’ın kraliçesidir.",,Anne,Zarif / Anlayışlı,10,10,10,,Yaygın,,,,,0,0,0,0,5,,,,,FALSE,TRUE,TRUE
LEGO® Minifigürler Serisi The Simpsons 2,lego-minifigurler-serisi-the-simpsons-2,lego-minifigures-series-the-simpsons-2,2015-05-01,Comic Book Guy,comic-book-guy,comic-book-guy,7,colSIM2-7,Comic Book Guy,"Comic Book Guy, geek kültürünün sembolüdür. Alaycı, bilgili ama içten içe hassastır.",,Koleksiyoncu,Alaycı / Bilgili,11,11,11,,Nadir,,,,,0,0,0,0,6,,,,,FALSE,TRUE,TRUE
LEGO® Minifigürler Serisi The Simpsons 2,lego-minifigurler-serisi-the-simpsons-2,lego-minifigures-series-the-simpsons-2,2015-05-01,Martin Prince,martin-prince,martin-prince,8,colSIM2-8,Martin Prince,"Martin Prince, okulun dahi öğrencisidir. Saflığı ve zekâsıyla dikkat çeker.",,Dahi Çocuk,Zeki / Saf,9,9,9,,Yaygın,,,,,0,0,0,0,5,,,,,FALSE,TRUE,TRUE
LEGO® Minifigürler Serisi The Simpsons 2,lego-minifigurler-serisi-the-simpsons-2,lego-minifigures-series-the-simpsons-2,2015-05-01,Professor Frink,professor-frink,professor-frink,9,colSIM2-9,Professor Frink,"Professor Frink, bilimle yaşayan bir dâhidir. Deneyleri her zaman planlandığı gibi gitmez.",,Bilim Adamı,Eksantrik / Komik,11,11,11,,Nadir,,,,,0,0,0,0,5,,,,,FALSE,TRUE,TRUE
LEGO® Minifigürler Serisi The Simpsons 2,lego-minifigurler-serisi-the-simpsons-2,lego-minifigures-series-the-simpsons-2,2015-05-01,Hans Moleman,hans-moleman,hans-moleman,10,colSIM2-10,Hans Moleman,"Hans Moleman, talihsizlik abidesidir. Her olayda başına iş gelir ama sevimliliğini kaybetmez.",,Talihsiz Adam,Saf / Şanssız,9,9,9,,Yaygın,,,,,0,0,0,0,4,,,,,FALSE,TRUE,TRUE
LEGO® Minifigürler Serisi The Simpsons 2,lego-minifigurler-serisi-the-simpsons-2,lego-minifigures-series-the-simpsons-2,2015-05-01,Selma Bouvier,selma-bouvier,selma-bouvier,11,colSIM2-11,Selma Bouvier,"Selma Bouvier, sigarası ve sert tavırlarıyla tanınır. Romantik ama realisttir.",,Ablalardan Biri,Sert / Romantik,8,8,8,,Yaygın,,,,,0,0,0,0,5,,,,,FALSE,TRUE,TRUE
LEGO® Minifigürler Serisi The Simpsons 2,lego-minifigurler-serisi-the-simpsons-2,lego-minifigures-series-the-simpsons-2,2015-05-01,Patty Bouvier,patty-bouvier,patty-bouvier,12,colSIM2-12,Patty Bouvier,"Patty Bouvier, ablasıyla aynı tavırları paylaşır. Sert, esprili ve net bir karakterdir.",,Ablalardan Biri,Soğuk / Net,8,8,8,,Yaygın,,,,,0,0,0,0,5,,,,,FALSE,TRUE,TRUE
LEGO® Minifigürler Serisi The Simpsons 2,lego-minifigurler-serisi-the-simpsons-2,lego-minifigures-series-the-simpsons-2,2015-05-01,Groundskeeper Willie,groundskeeper-willie,groundskeeper-willie,13,colSIM2-13,Groundskeeper Willie,"Groundskeeper Willie, okulun sert ama içten hizmetlisidir. Güçlü, kaba ama iyi kalplidir.",,Hizmetli,Güçlü / İyi Kalpli,9,9,9,,Yaygın,,,,,0,0,0,0,5,,,,,FALSE,TRUE,TRUE
LEGO® Minifigürler Serisi The Simpsons 2,lego-minifigurler-serisi-the-simpsons-2,lego-minifigures-series-the-simpsons-2,2015-05-01,Waylon Smithers,waylon-smithers,waylon-smithers,14,colSIM2-14,Waylon Smithers,"Waylon Smithers, Mr. Burns’e sadakatiyle bilinir. Nezaket ve düzenin simgesidir.",,Yardımcı,Nazik / Sadık,10,10,10,,Nadir,,,,,0,0,0,0,5,,,,,FALSE,TRUE,TRUE
LEGO® Minifigürler Serisi The Simpsons 2,lego-minifigurler-serisi-the-simpsons-2,lego-minifigures-series-the-simpsons-2,2015-05-01,Dr. Hibbert,dr-hibbert,dr-hibbert,15,colSIM2-15,Dr. Hibbert,"Dr. Hibbert, neşeli bir doktordur. Kahkahasıyla her anı hafifletir, profesyonel ama sıcak bir karakterdir.",,Doktor,Neşeli / Profesyonel,10,10,10,,Nadir,,,,,0,0,0,0,5,,,,,FALSE,TRUE,TRUE
LEGO® Minifigürler Serisi The Simpsons 2,lego-minifigurler-serisi-the-simpsons-2,lego-minifigures-series-the-simpsons-2,2015-05-01,Edna Krabappel,edna-krabappel,edna-krabappel,16,colSIM2-16,Edna Krabappel,"Edna Krabappel, okulun disiplinli ama duygusal öğretmenidir. Mizahi yönüyle tanınır.",,Öğretmen,Disiplinli / Mizahi,10,10,10,,Nadir,,,,,0,0,0,0,5,,,,,FALSE,TRUE,TRUE
LEGO® Minifigürler Serisi 14,lego-minifigurler-serisi-14,lego-minifigures-series-14,2015-09-01,Wolf Guy,wolf-guy,wolf-guy,1,col14-1,Wolf Guy,kontrolsüzdür. İnsan ve canavar arasında bir denge arar.,,Yaratık,Güçlü / Kontrolsüz,9,9,9,,Nadir,,,,,0,0,0,0,5,,,,,FALSE,TRUE,TRUE
LEGO® Minifigürler Serisi 14,lego-minifigurler-serisi-14,lego-minifigures-series-14,2015-09-01,Zombie Pirate,zombie-pirate,zombie-pirate,2,col14-2,Zombie Pirate,"Zombie Pirate, okyanusların lanetli korsanıdır. Sonsuza kadar denizlerde dolaşır. Cesur ama huzursuzdur. Kılıcıyla değil lanetiyle savaşır.",,Korsan,Lanetli / Cesur,9,9,9,,Nadir,,,,,0,0,0,0,5,,,,,FALSE,TRUE,TRUE
LEGO® Minifigürler Serisi 14,lego-minifigurler-serisi-14,lego-minifigures-series-14,2015-09-01,Monster Scientist,monster-scientist,monster-scientist,3,col14-3,Monster Scientist,"Monster Scientist, çılgın fikirlerin adamıdır. Deneyleri çoğu zaman patlayıcı sonuçlar doğurur. Zeki, sabırsız ve tutkuludur. Bilimin sınırlarını zorlamaktan korkmaz.",,Bilim İnsanı,Deli / Tutkulu,10,10,10,,Nadir,,,,,0,0,0,0,5,,,,,FALSE,TRUE,TRUE
LEGO® Minifigürler Serisi 14,lego-minifigurler-serisi-14,lego-minifigures-series-14,2015-09-01,Wacky Witch,wacky-witch,wacky-witch,4,col14-4,Wacky Witch,"Wacky Witch, büyüyle eğlenceyi harmanlayan çılgın bir cadıdır. Süpürgesiyle gökyüzünde uçar, sihirleriyle şakalar yapar. Neşeli, garip ama zeki bir karakterdir.",,Büyücü,Eğlenceli / Garip,8,8,8,,Yaygın,,,,,0,0,0,0,5,,,,,FALSE,TRUE,TRUE
LEGO® Minifigürler Serisi 14,lego-minifigurler-serisi-14,lego-minifigures-series-14,2015-09-01,Plant Monster,plant-monster,plant-monster,5,col14-5,Plant Monster,"Plant Monster, doğanın intikamını temsil eder. Kökleriyle avını sarar. Güçlü, sessiz ve kararlıdır. Doğayı korumak için savaşır.",,Yaratık,Güçlü / Sessiz,10,10,10,,Nadir,,,,,0,0,0,0,6,,,,,FALSE,TRUE,TRUE
LEGO® Minifigürler Serisi 14,lego-minifigurler-serisi-14,lego-minifigures-series-14,2015-09-01,Fly Monster,fly-monster,fly-monster,6,col14-6,Fly Monster,"Fly Monster, laboratuvar hatası sonucu oluşmuş garip bir yaratıktır. Uçar, vızıldar ama asla pes etmez. Hızlı, komik ve dayanıklıdır.",,Yaratık,Komik / Dayanıklı,9,9,9,,Yaygın,,,,,0,0,0,0,5,,,,,FALSE,TRUE,TRUE
LEGO® Minifigürler Serisi 14,lego-minifigurler-serisi-14,lego-minifigures-series-14,2015-09-01,Square Foot,square-foot,square-foot,7,col14-7,Square Foot,"Square Foot, efsanelerde adı geçen dev ayaklı yaratıklardandır. Korkutucu görünür ama aslında utangaçtır. Sessiz, barışçıl ve yalnızdır.",,Efsanevi Yaratık,Utangaç / Barışçıl,10,10,10,,Nadir,,,,,0,0,0,0,5,,,,,FALSE,TRUE,TRUE
LEGO® Minifigürler Serisi 14,lego-minifigurler-serisi-14,lego-minifigures-series-14,2015-09-01,Specter,specter,specter,8,col14-8,Specter,"Specter, ölümün soğuk sessizliğinden gelen bir ruhtur. Zincirleri geçmişin ağırlığını taşır. Hüzünlü, ürkütücü ama adaletlidir.",,Hayalet,Hüzünlü / Adaletli,9,9,9,,Yaygın,,,,,0,0,0,0,4,,,,,FALSE,TRUE,TRUE
LEGO® Minifigürler Serisi 14,lego-minifigurler-serisi-14,lego-minifigures-series-14,2015-09-01,Banshee,banshee,banshee,9,col14-9,Banshee,"Banshee, ölümün habercisi olan hayalet kadındır. Çığlığıyla geceyi deler. Acı dolu ama asil bir karakterdir. Geçmişten kopamamıştır.",,Hayalet,Asil / Trajik,10,10,10,,Nadir,,,,,0,0,0,0,4,,,,,FALSE,TRUE,TRUE
LEGO® Minifigürler Serisi 14,lego-minifigurler-serisi-14,lego-minifigures-series-14,2015-09-01,Spider Lady,spider-lady,spider-lady,10,col14-10,Spider Lady,"Spider Lady, ağlarıyla düşmanlarını hapseden karanlık bir güzelliktir. Zarif ama ölümcüldür. Stratejik, soğukkanlı ve büyüleyicidir.",,Kötü Karakter,Zarif / Soğukkanlı,11,11,11,,Nadir,,,,,0,0,0,0,6,,,,,FALSE,TRUE,TRUE
LEGO® Minifigürler Serisi 14,lego-minifigurler-serisi-14,lego-minifigures-series-14,2015-09-01,Tiger Woman,tiger-woman,tiger-woman,11,col14-11,Tiger Woman,"Tiger Woman, içindeki vahşi enerjiyi kontrol eden cesur bir dövüşçüdür. Güçlü, çevik ve bağımsızdır. Her kükremesiyle meydan okur.",,Dövüşçü,Güçlü / Bağımsız,9,9,9,,Yaygın,,,,,0,0,0,0,5,,,,,FALSE,TRUE,TRUE
LEGO® Minifigürler Serisi 14,lego-minifigurler-serisi-14,lego-minifigures-series-14,2015-09-01,Gargoyle,gargoyle,gargoyle,12,col14-12,Gargoyle,"Gargoyle, eski tapınakların taş koruyucusudur. Gündüz taş, gece canlıdır. Sessiz, koruyucu ve sarsılmaz bir varlıktır.",,Koruyucu,Sessiz / Sadık,10,10,10,,Nadir,,,,,0,0,0,0,4,,,,,FALSE,TRUE,TRUE
LEGO® Minifigürler Serisi 14,lego-minifigurler-serisi-14,lego-minifigures-series-14,2015-09-01,Skeleton Guy,skeleton-guy,skeleton-guy,13,col14-13,Skeleton Guy,"Skeleton Guy, mizahi bir korku figürüdür. Korkutmak ister ama genelde güldürür. Neşeli, saf ve eğlencelidir.",,Eğlendirici,Komik / Masum,9,9,9,,Yaygın,,,,,0,0,0,0,4,,,,,FALSE,TRUE,TRUE
LEGO® Minifigürler Serisi 14,lego-minifigurler-serisi-14,lego-minifigures-series-14,2015-09-01,Zombie Cheerleader,zombie-cheerleader,zombie-cheerleader,14,col14-14,Zombie Cheerleader,"Zombie Cheerleader, ölüler diyarında bile enerjisini kaybetmeyen bir figürdür. Neşeli, tuhaf ama pozitif bir karakterdir. Her zombi maçında moral kaynağıdır.",,Eğlendirici,Pozitif / Tuhaf,9,9,9,,Yaygın,,,,,0,0,0,0,5,,,,,FALSE,TRUE,TRUE
LEGO® Minifigürler Serisi 14,lego-minifigurler-serisi-14,lego-minifigures-series-14,2015-09-01,Zombie Businessman,zombie-businessman,zombie-businessman,15,col14-15,Zombie Businessman,"Zombie Businessman, kariyer hırsını mezardan bile sürdürür. Evrak çantasıyla işe gider. Komik, yorgun ama kararlıdır. Kurumsal dünyanın ölü ruhunu temsil eder.",,Ofis Karakteri,Komik / Yorgun,9,9,9,,Yaygın,,,,,0,0,0,0,5,,,,,FALSE,TRUE,TRUE
LEGO® Minifigürler Serisi 14,lego-minifigurler-serisi-14,lego-minifigures-series-14,2015-09-01,Monster Rocker,monster-rocker,monster-rocker,16,col14-16,Monster Rocker,"Monster Rocker, karanlığın sahnesinde müzik yapan asi bir yaratıktır. Gitarı fırtına gibi çalar. Tutkulu, özgür ve enerjiktir.",,Sanatçı,Asi / Tutkulu,10,10,10,,Nadir,,,,,0,0,0,0,6,,,,,FALSE,TRUE,TRUE
LEGO® Minifigürler Serisi 15,lego-minifigurler-serisi-15,lego-minifigures-series-15,2016-01-01,Farmer,farmer,farmer,1,col15-1,Farmer,"Farmer, doğayla iç içe yaşayan çalışkan bir emekçidir. Tarlasına ve hayvanlarına özenle bakar. Mütevazı, sabırlı ve üretkendir. Her sabah güne umutla başlar.",,Emekçi,Sabırlı / Üretken,8,8,8,,Yaygın,,,,,0,0,0,0,5,,,,,FALSE,TRUE,TRUE
LEGO® Minifigürler Serisi 15,lego-minifigurler-serisi-15,lego-minifigures-series-15,2016-01-01,Astronaut,astronaut,astronaut,2,col15-2,Astronaut,"Astronaut, uzayın derinliklerinde bilinmeyeni keşfeden cesur bir kaşiftir. Görevine sadıktır. Soğukkanlı, odaklı ve disiplinlidir. Sonsuzluğa doğru ilerlerken korku bilmez.",,Kaşif,Cesur / Disiplinli,9,9,9,,Nadir,,,,,0,0,0,0,6,,,,,FALSE,TRUE,TRUE
LEGO® Minifigürler Serisi 15,lego-minifigurler-serisi-15,lego-minifigures-series-15,2016-01-01,Laser Mech,laser-mech,laser-mech,3,col15-3,Laser Mech,"Laser Mech, teknolojik zırhı ve lazer silahlarıyla donatılmış geleceğin savaşçısıdır. Güçlü, hızlı ve görevine bağlıdır. Adalet için savaşır, sistemin koruyucusudur.",,Asker,Teknolojik / Görev Odaklı,9,9,9,,Nadir,,,,,0,0,0,0,5,,,,,FALSE,TRUE,TRUE
LEGO® Minifigürler Serisi 15,lego-minifigurler-serisi-15,lego-minifigures-series-15,2016-01-01,Clumsy Guy,clumsy-guy,clumsy-guy,4,col15-4,Clumsy Guy,"Clumsy Guy, sakarlığıyla tanınan sevimli bir karakterdir. Her düşüşünde gülümsemeyi başarır. Pozitif, saf ve dayanıklıdır. Hatalarını mizaha dönüştürür.",,Eğlendirici,Saf / Pozitif,8,8,8,,Yaygın,,,,,0,0,0,0,5,,,,,FALSE,TRUE,TRUE
LEGO® Minifigürler Serisi 15,lego-minifigurler-serisi-15,lego-minifigures-series-15,2016-01-01,Tribal Woman,tribal-woman,tribal-woman,5,col15-5,Tribal Woman,"Tribal Woman, doğanın ruhunu temsil eden bilge bir kabile üyesidir. Güçlü, sabırlı ve onurludur. Geleneklerine sadık, doğaya saygılıdır.",,Kabile Üyesi,Bilge / Onurlu,10,10,10,,Nadir,,,,,0,0,0,0,6,,,,,FALSE,TRUE,TRUE
LEGO® Minifigürler Serisi 15,lego-minifigurler-serisi-15,lego-minifigures-series-15,2016-01-01,Queen,queen,queen,6,col15-6,Queen,"Queen, zarafet ve asaletin simgesidir. Halkına sevgiyle hükmeder. Bilge, adil ve güçlü bir liderdir. Her hareketinde asalet taşır.",,Lider,Asil / Adaletli,12,12,12,,Nadir,,,,,0,0,0,0,6,,,,,FALSE,TRUE,TRUE
LEGO® Minifigürler Serisi 15,lego-minifigurler-serisi-15,lego-minifigures-series-15,2016-01-01,Animal Control,animal-control,animal-control,7,col15-7,Animal Control,"Animal Control, doğayı ve canlıları korumaya adanmış bir çevre görevlisidir. Cesur, pratik ve yardımseverdir. Hayvanları kurtarırken sabırla çalışır.",,Kahraman,Cesur / Yardımsever,9,9,9,,Yaygın,,,,,0,0,0,0,5,,,,,FALSE,TRUE,TRUE
LEGO® Minifigürler Serisi 15,lego-minifigurler-serisi-15,lego-minifigures-series-15,2016-01-01,Wrestling Champion,wrestling-champion,wrestling-champion,8,col15-8,Wrestling Champion,"Wrestling Champion, ringlerin güçlü yıldızıdır. Gücünü adalet için kullanır. Cesur, karizmatik ve tutkuludur. Her maçı bir gösteridir.",,Sporcu,Güçlü / Karizmatik,8,8,8,,Yaygın,,,,,0,0,0,0,5,,,,,FALSE,TRUE,TRUE
LEGO® Minifigürler Serisi 15,lego-minifigurler-serisi-15,lego-minifigures-series-15,2016-01-01,Flying Warrior,flying-warrior,flying-warrior,9,col15-9,Flying Warrior,"Flying Warrior, gökyüzünde savaşan kanatlı bir kahramandır. Cesur, kararlı ve adaletlidir. Bulutların ötesinde bile görevini sürdürür.",,Kahraman,Adaletli / Kararlı,11,11,11,,Nadir,,,,,0,0,0,0,6,,,,,FALSE,TRUE,TRUE
LEGO® Minifigürler Serisi 15,lego-minifigurler-serisi-15,lego-minifigures-series-15,2016-01-01,Janitor,janitor,janitor,10,col15-10,Janitor,"Janitor, emeğin görünmeyen kahramanıdır. Her yeri temiz tutar. Çalışkan, sabırlı ve alçakgönüllüdür. Görevini titizlikle yapar.",,Emekçi,Mütevazı / Titiz,8,8,8,,Yaygın,,,,,0,0,0,0,5,,,,,FALSE,TRUE,TRUE
LEGO® Minifigürler Serisi 15,lego-minifigurler-serisi-15,lego-minifigures-series-15,2016-01-01,Faun,faun,faun,11,col15-11,Faun,"Faun, doğa müziğinin neşeli temsilcisidir. Flütüyle huzur dağıtır. Eğlenceli, özgür ruhlu ve barışçıldır. Mitolojik dünyanın dost yüzüdür.",,Mitolojik Karakter,Barışçıl / Neşeli,9,9,9,,Yaygın,,,,,0,0,0,0,5,,,,,FALSE,TRUE,TRUE
LEGO® Minifigürler Serisi 15,lego-minifigurler-serisi-15,lego-minifigures-series-15,2016-01-01,Ballerina,ballerina,ballerina,12,col15-12,Ballerina,"Ballerina, zarafetin ve disiplinin sembolüdür. Her hareketiyle duygularını ifade eder. Sabırlı, tutkulu ve çalışkandır. Sahnede adeta süzülür.",,Sanatçı,Zarif / Tutkulu,8,8,8,,Yaygın,,,,,0,0,0,0,4,,,,,FALSE,TRUE,TRUE
LEGO® Minifigürler Serisi 15,lego-minifigurler-serisi-15,lego-minifigures-series-15,2016-01-01,Kendo Fighter,kendo-fighter,kendo-fighter,13,col15-13,Kendo Fighter,"Kendo Fighter, onur ve teknik ustalıkla dövüşen bir sporcudur. Disiplinli, dikkatli ve kararlıdır. Her vuruşu saygı ve özdenetimle yapar.",,Dövüşçü,Disiplinli / Dikkatli,10,10,10,,Nadir,,,,,0,0,0,0,6,,,,,FALSE,TRUE,TRUE
LEGO® Minifigürler Serisi 15,lego-minifigurler-serisi-15,lego-minifigures-series-15,2016-01-01,Shark Suit Guy,shark-suit-guy,shark-suit-guy,14,col15-14,Shark Suit Guy,"Shark Suit Guy, eğlence dolu bir karakterdir. Kostümüyle çevresine neşe saçar. Komik, pozitif ve arkadaş canlısıdır. Korkutmak ister ama güldürür.",,Eğlendirici,Komik / Pozitif,11,11,11,,Nadir,,,,,0,0,0,0,4,,,,,FALSE,TRUE,TRUE
LEGO® Minifigürler Serisi 15,lego-minifigurler-serisi-15,lego-minifigures-series-15,2016-01-01,Jewel Thief,jewel-thief,jewel-thief,15,col15-15,Jewel Thief,"Jewel Thief, hız ve zeka birleşimiyle hareket eden gizemli bir hırsızdır. Kurnaz, çevik ve planlıdır. Parıltının peşindedir ama iz bırakmaz.",,Kötü Karakter,Çevik / Kurnaz,9,9,9,,Yaygın,,,,,0,0,0,0,5,,,,,FALSE,TRUE,TRUE
LEGO® Minifigürler Serisi 15,lego-minifigurler-serisi-15,lego-minifigures-series-15,2016-01-01,Mariachi,mariachi,mariachi,16,col15-16,Mariachi,"Mariachi, müziğin ritmini kalbinde taşır. Gitarıyla duygularını anlatır. Neşeli, tutkulu ve enerjiktir. Her notasıyla hayatı kutlar.",,Sanatçı,Enerjik / Neşeli,9,9,9,,Nadir,,,,,0,0,0,0,5,,,,,FALSE,TRUE,TRUE
LEGO® Minifigürler Serisi DFB,lego-minifigurler-serisi-dfb,lego-minifigures-series-dfb,2016-05-01,Manuel Neuer,manuel-neuer,manuel-neuer,1,colDFB-1,Manuel Neuer,"Manuel Neuer, kalede güvenin ve liderliğin simgesidir. Soğukkanlı, kararlı ve sezgiseldir. Her kurtarışı takımı ateşler.",,Kaleci,Soğukkanlı / Lider,10,10,10,,Nadir,,,,,0,0,0,0,5,,,,,FALSE,TRUE,TRUE
LEGO® Minifigürler Serisi DFB,lego-minifigurler-serisi-dfb,lego-minifigures-series-dfb,2016-05-01,Mats Hummels,mats-hummels,mats-hummels,2,colDFB-2,Mats Hummels,"Mats Hummels, savunmanın kaya gibi sağlam duvarıdır. Güçlü, odaklı ve stratejiktir. Hava toplarında asla hata yapmaz.",,Defans,Güçlü / Stratejik,9,9,9,,Yaygın,,,,,0,0,0,0,5,,,,,FALSE,TRUE,TRUE
LEGO® Minifigürler Serisi DFB,lego-minifigurler-serisi-dfb,lego-minifigures-series-dfb,2016-05-01,Shkodran Mustafi,shkodran-mustafi,shkodran-mustafi,3,colDFB-3,Shkodran Mustafi,"Shkodran Mustafi, kararlı ve mücadeleci bir savunmacıdır. Hızlı, cesur ve disiplinlidir. Her topa sonuna kadar girer.",,Defans,Cesur / Disiplinli,8,8,8,,Yaygın,,,,,0,0,0,0,5,,,,,FALSE,TRUE,TRUE
LEGO® Minifigürler Serisi DFB,lego-minifigurler-serisi-dfb,lego-minifigures-series-dfb,2016-05-01,Benedikt Höwedes,benedikt-howedes,benedikt-howedes,4,colDFB-4,Benedikt Höwedes,"Benedikt Höwedes, taktik zekâsıyla savunmanın bel kemiğidir. Dikkatli, planlı ve profesyoneldir. Her pozisyonu doğru okur.",,Defans,Planlı / Profesyonel,8,8,8,,Yaygın,,,,,0,0,0,0,5,,,,,FALSE,TRUE,TRUE
LEGO® Minifigürler Serisi DFB,lego-minifigurler-serisi-dfb,lego-minifigures-series-dfb,2016-05-01,Jerome Boateng,jerome-boateng,jerome-boateng,5,colDFB-5,Jerome Boateng,"Jerome Boateng, modern savunmanın gücünü temsil eder. Güçlü, dengeli ve soğukkanlıdır. Her hamlesiyle fark yaratır.",,Defans,Dengeli / Soğukkanlı,9,9,9,,Yaygın,,,,,0,0,0,0,5,,,,,FALSE,TRUE,TRUE
LEGO® Minifigürler Serisi DFB,lego-minifigurler-serisi-dfb,lego-minifigures-series-dfb,2016-05-01,Sami Khedira,sami-khedira,sami-khedira,6,colDFB-6,Sami Khedira,"Sami Khedira, orta sahanın beyni gibidir. Bilge, güçlü ve takım odaklıdır. Oyunu okuma yeteneğiyle oyunun ritmini belirler.",,Orta Saha,Bilge / Takım Odaklı,9,9,9,,Nadir,,,,,0,0,0,0,5,,,,,FALSE,TRUE,TRUE
LEGO® Minifigürler Serisi DFB,lego-minifigurler-serisi-dfb,lego-minifigures-series-dfb,2016-05-01,Mesut Özil,mesut-ozil,mesut-ozil,7,colDFB-7,Mesut Özil,"Mesut Özil, pas ustası ve vizyonun temsilcisidir. Zeki, yaratıcı ve sakin bir karakterdir. Her asist bir sanat eseridir.",,Orta Saha,Zeki / Yaratıcı,10,10,10,,Nadir,,,,,0,0,0,0,5,,,,,FALSE,TRUE,TRUE
LEGO® Minifigürler Serisi DFB,lego-minifigurler-serisi-dfb,lego-minifigures-series-dfb,2016-05-01,Thomas Müller,thomas-muller,thomas-muller,8,colDFB-8,Thomas Müller,"Thomas Müller, futbol zekâsıyla sahayı okur. Neşeli, kurnaz ve golcü bir karakterdir. Pozisyon alma yeteneğiyle fark yaratır.",,Forvet,Neşeli / Golcü,9,9,9,,Nadir,,,,,0,0,0,0,5,,,,,FALSE,TRUE,TRUE
LEGO® Minifigürler Serisi DFB,lego-minifigurler-serisi-dfb,lego-minifigures-series-dfb,2016-05-01,Toni Kroos,toni-kroos,toni-kroos,9,colDFB-9,Toni Kroos,"Toni Kroos, orta sahanın ustasıdır. Soğukkanlı, teknik ve disiplinlidir. Her pası bir metronom gibi işler.",,Orta Saha,Teknik / Disiplinli,10,10,10,,Nadir,,,,,0,0,0,0,5,,,,,FALSE,TRUE,TRUE
LEGO® Minifigürler Serisi DFB,lego-minifigurler-serisi-dfb,lego-minifigures-series-dfb,2016-05-01,Christoph Kramer,christoph-kramer,christoph-kramer,10,colDFB-10,Christoph Kramer,"Christoph Kramer, bitmek bilmeyen enerjisiyle dikkat çeker. Hırslı, dayanıklı ve mücadelecidir. Takımı için her topa girer.",,Orta Saha,Hırslı / Dayanıklı,8,8,8,,Yaygın,,,,,0,0,0,0,5,,,,,FALSE,TRUE,TRUE
LEGO® Minifigürler Serisi DFB,lego-minifigurler-serisi-dfb,lego-minifigures-series-dfb,2016-05-01,Mario Götze,mario-gotze,mario-gotze,11,colDFB-11,Mario Götze,"Mario Götze, final anlarının kahramanıdır. Soğukkanlı, kararlı ve teknik bir oyuncudur. Her golü tarihe geçer.",,Forvet,Kararlı / Teknik,11,11,11,,Çok Nadir,,,,,0,0,0,0,5,,,,,FALSE,TRUE,TRUE
LEGO® Minifigürler Serisi DFB,lego-minifigurler-serisi-dfb,lego-minifigures-series-dfb,2016-05-01,André Schürrle,andre-schurrle,andre-schurrle,12,colDFB-12,André Schürrle,"André Schürrle, hızı ve dinamizmiyle savunmaları yıkar. Cesur, atak ve kararlı bir karakterdir. Gol için her fırsatı değerlendirir.",,Forvet,Hızlı / Cesur,9,9,9,,Nadir,,,,,0,0,0,0,5,,,,,FALSE,TRUE,TRUE
LEGO® Minifigürler Serisi DFB,lego-minifigurler-serisi-dfb,lego-minifigures-series-dfb,2016-05-01,Marco Reus,marco-reus,marco-reus,13,colDFB-13,Marco Reus,"Marco Reus, zarafet ve hızın birleşimidir. Çevik, teknik ve lider ruhludur. Her hareketinde zarafet vardır.",,Forvet,Çevik / Zarif,10,10,10,,Nadir,,,,,0,0,0,0,5,,,,,FALSE,TRUE,TRUE
LEGO® Minifigürler Serisi DFB,lego-minifigurler-serisi-dfb,lego-minifigures-series-dfb,2016-05-01,Bastian Schweinsteiger,bastian-schweinsteiger,bastian-schweinsteiger,14,colDFB-14,Bastian Schweinsteiger,"Bastian Schweinsteiger, tecrübenin ve azmin sembolüdür. Bilge, cesur ve karizmatiktir. Takımına hem saha içinde hem dışında liderlik eder.",,Orta Saha,Bilge / Karizmatik,11,11,11,,Çok Nadir,,,,,0,0,0,0,5,,,,,FALSE,TRUE,TRUE
LEGO® Minifigürler Serisi DFB,lego-minifigurler-serisi-dfb,lego-minifigures-series-dfb,2016-05-01,Mats Hummels (Alternate Pose),mats-hummels-alternate-pose,mats-hummels-alternate-pose,15,colDFB-15,Mats Hummels (Alternate Pose),"Mats Hummels (Alternate Pose), farklı pozisyonuyla aynı kararlılığı gösterir. Güçlü, karizmatik ve disiplinlidir. Her maçta güven verir.",,Defans,Disiplinli / Güvenilir,9,9,9,,Yaygın,,,,,0,0,0,0,5,,,,,FALSE,TRUE,TRUE
LEGO® Minifigürler Serisi DFB,lego-minifigurler-serisi-dfb,lego-minifigures-series-dfb,2016-05-01,Joachim Löw (Coach),joachim-low-coach,joachim-low-coach,16,colDFB-16,Joachim Löw (Coach),"Joachim Löw (Coach), takımın aklı ve strateji ustasıdır. Bilge, sabırlı ve vizyon sahibidir. Her planında zaferin izi vardır.",,Teknik Direktör,Bilge / Stratejik,12,12,12,,Çok Nadir,,,,,0,0,0,0,6,,,,,FALSE,TRUE,TRUE
LEGO® Minifigürler Serisi Disney,lego-minifigurler-serisi-disney,lego-minifigures-series-disney,2016-05-01,Mickey Mouse,mickey-mouse,mickey-mouse,1,colDIS-1,Mickey Mouse,"Mickey Mouse, neşenin ve cesaretin simgesidir. Pozitif, lider ruhlu ve enerjiktir. Her macerada gülümsemeyi öğretir.",,Kahraman,Neşeli / Lider Ruhlu,10,10,10,,Çok Nadir,,,,,0,0,0,0,5,,,,,FALSE,TRUE,TRUE
LEGO® Minifigürler Serisi Disney,lego-minifigurler-serisi-disney,lego-minifigures-series-disney,2016-05-01,Minnie Mouse,minnie-mouse,minnie-mouse,2,colDIS-2,Minnie Mouse,"Minnie Mouse, zarafet ve sevginin yüzüdür. Neşeli, sevecen ve uyumlu bir karakterdir. Her ortamı dostluğa dönüştürür.",,Kahraman,Sevecen / Zarif,10,10,10,,Çok Nadir,,,,,0,0,0,0,5,,,,,FALSE,TRUE,TRUE
LEGO® Minifigürler Serisi Disney,lego-minifigurler-serisi-disney,lego-minifigures-series-disney,2016-05-01,Donald Duck,donald-duck,donald-duck,3,colDIS-3,Donald Duck,"Donald Duck, sabırsız ama sevimli bir kahramandır. Komik, tepkisel ve içten biridir. Her siniri gülüşe dönüşür.",,Kahraman,Komik / Tepkisel,9,9,9,,Nadir,,,,,0,0,0,0,5,,,,,FALSE,TRUE,TRUE
LEGO® Minifigürler Serisi Disney,lego-minifigurler-serisi-disney,lego-minifigures-series-disney,2016-05-01,Daisy Duck,daisy-duck,daisy-duck,4,colDIS-4,Daisy Duck,"Daisy Duck, zarif ama güçlü bir duruşa sahiptir. Akıllı, özgüvenli ve neşelidir. Donald’ı bile sabırla dengeler.",,Destek Karakter,Zarif / Özgüvenli,9,9,9,,Nadir,,,,,0,0,0,0,5,,,,,FALSE,TRUE,TRUE
LEGO® Minifigürler Serisi Disney,lego-minifigurler-serisi-disney,lego-minifigures-series-disney,2016-05-01,Alice (in Wonderland),alice-in-wonderland,alice-in-wonderland,5,colDIS-5,Alice (in Wonderland),"Alice, merakın ve keşfin sembolüdür. Hayalperest, cesur ve sevecendir. Her düşüşü bir maceraya çevirir.",,Kahraman,Hayalperest / Cesur,10,10,10,,Nadir,,,,,0,0,0,0,5,,,,,FALSE,TRUE,TRUE
LEGO® Minifigürler Serisi Disney,lego-minifigurler-serisi-disney,lego-minifigures-series-disney,2016-05-01,Cheshire Cat,cheshire-cat,cheshire-cat,6,colDIS-6,Cheshire Cat,"Cheshire Cat, gizem ve mizahın iç içe geçtiği bir figürdür. Bilge, esprili ve tuhaftır. Her kayboluşu bir ders gibidir.",,Gizemli Karakter,Esprili / Bilge,9,9,9,,Nadir,,,,,0,0,0,0,5,,,,,FALSE,TRUE,TRUE
LEGO® Minifigürler Serisi Disney,lego-minifigurler-serisi-disney,lego-minifigures-series-disney,2016-05-01,Peter Pan,peter-pan,peter-pan,7,colDIS-7,Peter Pan,"Peter Pan, sonsuz çocukluğun temsilcisidir. Neşeli, cesur ve özgür ruhludur. Hayal gücüyle asla yaşlanmaz.",,Kahraman,Özgür Ruhlu / Cesur,9,9,9,,Nadir,,,,,0,0,0,0,5,,,,,FALSE,TRUE,TRUE
LEGO® Minifigürler Serisi Disney,lego-minifigurler-serisi-disney,lego-minifigures-series-disney,2016-05-01,Captain Hook,captain-hook,captain-hook,8,colDIS-8,Captain Hook,"Captain Hook, intikamın ama aynı zamanda komedinin yüzüdür. Hırslı, öfkeli ve teatraldir. Kanca eliyle bile zarif görünür.",,Kötü Karakter,Hırslı / Teatral,10,10,10,,Çok Nadir,,,,,0,0,0,0,6,,,,,FALSE,TRUE,TRUE
LEGO® Minifigürler Serisi Disney,lego-minifigurler-serisi-disney,lego-minifigures-series-disney,2016-05-01,Ariel (The Little Mermaid),ariel-the-little-mermaid,ariel-the-little-mermaid,9,colDIS-9,Ariel (The Little Mermaid),"Ariel, özgürlüğün ve tutkunun sesidir. Meraklı, duygusal ve kararlıdır. Her dalga yeni bir hayaldir onun için.",,Kahraman,Duygusal / Kararlı,10,10,10,,Nadir,,,,,0,0,0,0,5,,,,,FALSE,TRUE,TRUE
LEGO® Minifigürler Serisi Disney,lego-minifigurler-serisi-disney,lego-minifigures-series-disney,2016-05-01,Ursula,ursula,ursula,10,colDIS-10,Ursula,"Ursula, güç ve hırsın büyülü yüzüdür. Zeki, manipülatif ve gösterişlidir. Sözleşmelerin efendisidir.",,Kötü Karakter,Zeki / Manipülatif,11,11,11,,Çok Nadir,,,,,0,0,0,0,6,,,,,FALSE,TRUE,TRUE
LEGO® Minifigürler Serisi Disney,lego-minifigurler-serisi-disney,lego-minifigures-series-disney,2016-05-01,Genie (Aladdin),genie-aladdin,genie-aladdin,11,colDIS-11,Genie (Aladdin),"Genie, dostluğun ve dileklerin kahramanıdır. Neşeli, enerjik ve yardımseverdir. Her kahkahası mucize getirir.",,Yardımcı,Neşeli / Yardımsever,9,9,9,,Nadir,,,,,0,0,0,0,6,,,,,FALSE,TRUE,TRUE
LEGO® Minifigürler Serisi Disney,lego-minifigurler-serisi-disney,lego-minifigures-series-disney,2016-05-01,Aladdin,aladdin,aladdin,12,colDIS-12,Aladdin,"Aladdin, cesaretin ve umudun simgesidir. Akıllı, hızlı ve kararlı bir karakterdir. İmkânsızı başarmayı sever.",,Kahraman,Akıllı / Kararlı,9,9,9,,Nadir,,,,,0,0,0,0,5,,,,,FALSE,TRUE,TRUE
LEGO® Minifigürler Serisi Disney,lego-minifigurler-serisi-disney,lego-minifigures-series-disney,2016-05-01,Stitch (Lilo & Stitch),stitch-lilo-stitch,stitch-lilo-stitch,13,colDIS-13,Stitch (Lilo & Stitch),"Stitch, kaosun ve sevginin birleşimidir. Çılgın, sevimli ve sadıktır. Her hatası bir kahkaha yaratır.",,Kahraman,Sevimli / Çılgın,12,12,12,,Çok Nadir,,,,,0,0,0,0,5,,,,,FALSE,TRUE,TRUE
LEGO® Minifigürler Serisi Disney,lego-minifigurler-serisi-disney,lego-minifigures-series-disney,2016-05-01,Mr. Incredible,mr-incredible,mr-incredible,14,colDIS-14,Mr. Incredible,"Mr. Incredible, gücün sorumlulukla birleştiği bir kahramandır. Cesur, koruyucu ve sevgi doludur. Ailesi için her şeyi yapar.",,Süper Kahraman,Güçlü / Koruyucu,9,9,9,,Nadir,,,,,0,0,0,0,6,,,,,FALSE,TRUE,TRUE
LEGO® Minifigürler Serisi Disney,lego-minifigurler-serisi-disney,lego-minifigures-series-disney,2016-05-01,Syndrome,syndrome,syndrome,15,colDIS-15,Syndrome,"Syndrome, kıskançlığın ve zekânın kötüye kullanımıdır. Zeki, hırslı ve intikamcıdır. Kahramanlığı bile kontrol etmek ister.",,Kötü Karakter,Zeki / Hırslı,10,10,10,,Nadir,,,,,0,0,0,0,6,,,,,FALSE,TRUE,TRUE
LEGO® Minifigürler Serisi Disney,lego-minifigurler-serisi-disney,lego-minifigures-series-disney,2016-05-01,Maleficent,maleficent,maleficent,16,colDIS-16,Maleficent,"Maleficent, karanlık büyünün zarif yüzüdür. Soğukkanlı, güçlü ve etkileyicidir. Her lanetinde bir ders gizlidir.",,Kötü Karakter,Soğukkanlı / Güçlü,11,11,11,,Çok Nadir,,,,,0,0,0,0,6,,,,,FALSE,TRUE,TRUE
LEGO® Minifigürler Serisi 16,lego-minifigurler-serisi-16,lego-minifigures-series-16,2016-09-01,Buzz Lightyear,buzz-lightyear,buzz-lightyear,1,colDIS-17,Buzz Lightyear,"Buzz Lightyear, inanç ve cesaretin simgesidir. Cesur, karizmatik ve fedakârdır. Her zaman yıldızlara inanır.",,Kahraman,Cesur / Fedakâr,10,10,10,,Nadir,,,,,0,0,0,0,6,,,,,FALSE,TRUE,TRUE
LEGO® Minifigürler Serisi 16,lego-minifigurler-serisi-16,lego-minifigures-series-16,2016-09-01,Alien (Toy Story),alien-toy-story,alien-toy-story,2,colDIS-18,Alien (Toy Story),"Alien, Toy Story evreninin en sevimli figürüdür. Saf, hayran ve pozitif bir ruha sahiptir. Her şeye “Oooo!” der.",,Yardımcı,Saf / Neşeli,9,9,9,,Yaygın,,,,,0,0,0,0,5,,,,,FALSE,TRUE,TRUE
LEGO® Minifigürler Serisi 16,lego-minifigurler-serisi-16,lego-minifigures-series-16,2016-09-01,Cyborg,cyborg,cyborg,3,col16-3,Cyborg,"Cyborg, insan ve makinenin birleşimiyle oluşmuş bir savaşçıdır. Teknolojik üstünlüğüyle görevini tamamlar. Soğukkanlı, dayanıklı ve güçlüdür. Geleceğin savaş alanlarından gelir.",,Asker,Teknolojik / Güçlü,8,8,8,,Yaygın,,,,,0,0,0,0,5,,,,,FALSE,TRUE,TRUE
LEGO® Minifigürler Serisi 16,lego-minifigurler-serisi-16,lego-minifigures-series-16,2016-09-01,Cute Little Devil,cute-little-devil,cute-little-devil,4,col16-4,Cute Little Devil,"Cute Little Devil, şeytani kostümüyle sevimliliği birleştiren eğlenceli bir figürdür. Şaka yapmayı sever. Neşeli, pozitif ve çocuk ruhludur. Korkutmak ister ama güldürür.",,Eğlendirici,Komik / Çocuk Ruhlu,8,8,8,,Yaygın,,,,,0,0,0,0,4,,,,,FALSE,TRUE,TRUE
LEGO® Minifigürler Serisi 16,lego-minifigurler-serisi-16,lego-minifigures-series-16,2016-09-01,Dog Show Winner,dog-show-winner,dog-show-winner,5,col16-5,Dog Show Winner,"Dog Show Winner, köpek yarışmalarının gururlu kazananıdır. Hayvanlara olan sevgisiyle tanınır. Neşeli, sabırlı ve naziktir. Başarısını dostluğu sayesinde kazanır.",,Kahraman,Nazik / Sabırlı,10,10,10,,Nadir,,,,,0,0,0,0,5,,,,,FALSE,TRUE,TRUE
LEGO® Minifigürler Serisi 16,lego-minifigurler-serisi-16,lego-minifigures-series-16,2016-09-01,Penguin Boy,penguin-boy,penguin-boy,6,col16-6,Penguin Boy,"Penguin Boy, kutupların eğlenceli temsilcisidir. Kostümüyle dikkat çeker. Saf, sevecen ve enerji doludur. Her adımıyla gülümseme yaratır.",,Eğlendirici,Saf / Sevecen,9,9,9,,Yaygın,,,,,0,0,0,0,4,,,,,FALSE,TRUE,TRUE
LEGO® Minifigürler Serisi 16,lego-minifigurler-serisi-16,lego-minifigures-series-16,2016-09-01,Rogue,rogue,rogue,7,col16-7,Rogue,"Rogue, gizemli ormanların gölgesinde dolaşan çevik bir savaşçıdır. Hızlı, stratejik ve sessizdir. Adalet için gölgelerde savaşır.",,Savaşçı,Çevik / Stratejik,10,10,10,,Nadir,,,,,0,0,0,0,6,,,,,FALSE,TRUE,TRUE
LEGO® Minifigürler Serisi 16,lego-minifigurler-serisi-16,lego-minifigures-series-16,2016-09-01,Banana Guy,banana-guy,banana-guy,8,col16-8,Banana Guy,"Banana Guy, mizahın ve eğlencenin sembolüdür. Kostümüyle etrafına neşe saçar. Komik, enerjik ve pozitif bir karakterdir. Her ortamda dikkat çeker.",,Eğlendirici,Komik / Pozitif,11,11,11,,Nadir,,,,,0,0,0,0,4,,,,,FALSE,TRUE,TRUE
LEGO® Minifigürler Serisi 16,lego-minifigurler-serisi-16,lego-minifigures-series-16,2016-09-01,Spy,spy,spy,9,col16-9,Spy,"Spy, gizli görevlerin usta ajanıdır. Akıllı, soğukkanlı ve profesyoneldir. Her hareketi planlı, her adımı stratejiktir. Görevine sadıktır.",,Ajan,Soğukkanlı / Planlı,9,9,9,,Yaygın,,,,,0,0,0,0,5,,,,,FALSE,TRUE,TRUE
LEGO® Minifigürler Serisi 16,lego-minifigurler-serisi-16,lego-minifigures-series-16,2016-09-01,Hiker,hiker,hiker,10,col16-10,Hiker,"Hiker, keşfetmeyi seven özgür bir ruhtur. Haritasıyla dağları gezer. Meraklı, cesur ve kararlıdır. Her zirve onun için yeni bir maceradır.",,Kaşif,Meraklı / Cesur,10,10,10,,Nadir,,,,,0,0,0,0,6,,,,,FALSE,TRUE,TRUE
LEGO® Minifigürler Serisi 16,lego-minifigurler-serisi-16,lego-minifigures-series-16,2016-09-01,Wildlife Photographer,wildlife-photographer,wildlife-photographer,11,col16-11,Wildlife Photographer,"Wildlife Photographer, doğanın gizli güzelliklerini fotoğraflayan sabırlı bir sanatçıdır. Duyarlı, sakin ve gözlemcidir. Her kare bir hikaye anlatır.",,Sanatçı,Sakin / Gözlemci,9,9,9,,Yaygın,,,,,0,0,0,0,5,,,,,FALSE,TRUE,TRUE
LEGO® Minifigürler Serisi 16,lego-minifigurler-serisi-16,lego-minifigures-series-16,2016-09-01,Kickboxer,kickboxer,kickboxer,12,col16-12,Kickboxer,"Kickboxer, güç ve dengeyi birleştiren disiplinli bir sporcudur. Hızlı, kararlı ve cesurdur. Her maçı bir mücadele değil, bir öğrenme fırsatıdır.",,Sporcu,Disiplinli / Cesur,8,8,8,,Yaygın,,,,,0,0,0,0,4,,,,,FALSE,TRUE,TRUE
LEGO® Minifigürler Serisi 16,lego-minifigurler-serisi-16,lego-minifigures-series-16,2016-09-01,Scallywag Pirate,scallywag-pirate,scallywag-pirate,13,col16-13,Scallywag Pirate,"Scallywag Pirate, denizlerin eğlenceli ama kurnaz korsanıdır. Cesur, enerjik ve maceraperesttir. Hazine avında bile kahkahasını eksik etmez.",,Korsan,Eğlenceli / Kurnaz,8,8,8,,Yaygın,,,,,0,0,0,0,5,,,,,FALSE,TRUE,TRUE
LEGO® Minifigürler Serisi 16,lego-minifigurler-serisi-16,lego-minifigures-series-16,2016-09-01,Spooky Boy,spooky-boy,spooky-boy,14,col16-14,Spooky Boy,"Spooky Boy, karanlığın sevimli çocuğudur. Vampir hikayelerini sever, gotik havasıyla dikkat çeker. Duygusal, hayalperest ve içe dönüktür.",,Gotik Karakter,Duygusal / Hayalperest,9,9,9,,Nadir,,,,,0,0,0,0,4,,,,,FALSE,TRUE,TRUE
LEGO® Minifigürler Serisi 16,lego-minifigurler-serisi-16,lego-minifigures-series-16,2016-09-01,Maria the Babysitter,maria-the-babysitter,maria-the-babysitter,15,col16-15,Maria the Babysitter,"Maria the Babysitter, çocukları seven şefkatli bir bakıcıdır. Sabırlı, enerjik ve yardımseverdir. Neşe ve güven onun karakterinde birleşir.",,Aile Karakteri,Şefkatli / Yardımsever,8,8,8,,Yaygın,,,,,0,0,0,0,5,,,,,FALSE,TRUE,TRUE
LEGO® Minifigürler Serisi 16,lego-minifigurler-serisi-16,lego-minifigures-series-16,2016-09-01,Serenader,serenader,serenader,16,col16-16,Serenader,"Serenader, müziğiyle duyguları dile getiren romantik bir sanatçıdır. Tutkulu, duygusal ve yaratıcıdır. Her şarkısı bir sevda hikayesidir.",,Sanatçı,Romantik / Tutkulu,9,9,9,,Nadir,,,,,0,0,0,0,5,,,,,FALSE,TRUE,TRUE
LEGO® Minifigürler Serisi Batman Movie,lego-minifigurler-serisi-batman-movie,lego-minifigures-series-batman-movie,2017-01-01,Lobster-Lovin’ Batman,lobster-lovin-batman,lobster-lovin-batman,1,colBM-1,Lobster-Lovin’ Batman,"Lobster-Lovin’ Batman, kahramanlık molasında lüks bir akşam yemeğiyle keyif yapar. Mizahi, kendine güvenen ve karizmatiktir. Gotham’ın en rahat halidir.",,Süper Kahraman,Mizahi / Karizmatik,8,8,8,,Nadir,,,,,0,0,0,0,5,,,,,FALSE,TRUE,TRUE
LEGO® Minifigürler Serisi Batman Movie,lego-minifigurler-serisi-batman-movie,lego-minifigures-series-batman-movie,2017-01-01,Glam Metal Batman,glam-metal-batman,glam-metal-batman,2,colBM-2,Glam Metal Batman,"Glam Metal Batman, rock yıldızı havasıyla sahneleri sallar. Cesur, enerjik ve şovmendir. Müzik ve kahramanlık onun için aynı sahnededir.",,Süper Kahraman,Cesur / Şovmen,9,9,9,,Nadir,,,,,0,0,0,0,6,,,,,FALSE,TRUE,TRUE
LEGO® Minifigürler Serisi Batman Movie,lego-minifigurler-serisi-batman-movie,lego-minifigures-series-batman-movie,2017-01-01,Fairy Batman,fairy-batman,fairy-batman,3,colBM-3,Fairy Batman,"Fairy Batman, pembeli tülleriyle adalet dağıtır. Eğlenceli, özgür ve şaşırtıcıdır. Karanlıkla savaşırken bile parıltısından ödün vermez.",,Süper Kahraman,Eğlenceli / Özgür,8,8,8,,Yaygın,,,,,0,0,0,0,5,,,,,FALSE,TRUE,TRUE
LEGO® Minifigürler Serisi Batman Movie,lego-minifigurler-serisi-batman-movie,lego-minifigures-series-batman-movie,2017-01-01,Clan of the Cave Batman,clan-of-the-cave-batman,clan-of-the-cave-batman,4,colBM-4,Clan of the Cave Batman,"Clan of the Cave Batman, ilkel çağların kahramanıdır. Güçlü, vahşi ve içgüdüsel bir karakterdir. Mağara döneminden Gotham’a uzanır.",,Süper Kahraman,Güçlü / Vahşi,8,8,8,,Yaygın,,,,,0,0,0,0,5,,,,,FALSE,TRUE,TRUE
LEGO® Minifigürler Serisi Batman Movie,lego-minifigurler-serisi-batman-movie,lego-minifigures-series-batman-movie,2017-01-01,Vacation Batman,vacation-batman,vacation-batman,5,colBM-5,Vacation Batman,"Vacation Batman, güneş gözlüğüyle plajın kralıdır. Rahat, komik ve umursamaz tavırlarıyla dikkat çeker. Süper kahraman bile tatile çıkar.",,Süper Kahraman,Komik / Rahat,7,7,7,,Yaygın,,,,,0,0,0,0,4,,,,,FALSE,TRUE,TRUE
LEGO® Minifigürler Serisi Batman Movie,lego-minifigurler-serisi-batman-movie,lego-minifigures-series-batman-movie,2017-01-01,Barbara Gordon,barbara-gordon,barbara-gordon,6,colBM-6,Barbara Gordon,"Barbara Gordon, disiplinli ve adalet odaklı bir dedektiftir. Kararlı, akıllı ve cesurdur. Gotham’ı korumak için asla pes etmez.",,Polis / Dedektif,Kararlı / Akıllı,8,8,8,,Nadir,,,,,0,0,0,0,5,,,,,FALSE,TRUE,TRUE
LEGO® Minifigürler Serisi Batman Movie,lego-minifigurler-serisi-batman-movie,lego-minifigures-series-batman-movie,2017-01-01,Commissioner Gordon,commissioner-gordon,commissioner-gordon,7,colBM-7,Commissioner Gordon,"Commissioner Gordon, Gotham’ın deneyimli lideridir. Soğukkanlı, dürüst ve stratejiktir. Her durumda Batman’e güvenen bir dosttur.",,Lider / Komiser,Dürüst / Stratejik,8,8,8,,Yaygın,,,,,0,0,0,0,5,,,,,FALSE,TRUE,TRUE
LEGO® Minifigürler Serisi Batman Movie,lego-minifigurler-serisi-batman-movie,lego-minifigures-series-batman-movie,2017-01-01,The Joker – Arkham Version,the-joker-arkham-version,the-joker-arkham-version,8,colBM-8,The Joker – Arkham Version,"The Joker – Arkham Version, deliliğin gülümseyen yüzüdür. Kaotik, esprili ve tehlikelidir. Her planında mizahı bir silah gibi kullanır.",,Kötü Karakter,Kaotik / Esprili,10,10,10,,Çok Nadir,,,,,0,0,0,0,6,,,,,FALSE,TRUE,TRUE
LEGO® Minifigürler Serisi Batman Movie,lego-minifigurler-serisi-batman-movie,lego-minifigures-series-batman-movie,2017-01-01,Dick Grayson,dick-grayson,dick-grayson,9,colBM-9,Dick Grayson,"Dick Grayson, saf ve enerjik bir karakterdir. İyimser, yardımsever ve hayalperesttir. Her şeyin en iyi yanını görür.",,Yardımcı,İyimser / Sevecen,8,8,8,,Yaygın,,,,,0,0,0,0,5,,,,,FALSE,TRUE,TRUE
LEGO® Minifigürler Serisi Batman Movie,lego-minifigurler-serisi-batman-movie,lego-minifigures-series-batman-movie,2017-01-01,Pink Power Batgirl,pink-power-batgirl,pink-power-batgirl,10,colBM-10,Pink Power Batgirl,"Pink Power Batgirl, pozitif enerjisiyle ilham verir. Cesur, karizmatik ve neşelidir. Gotham’a pembe bir adalet getirir.",,Süper Kahraman,Cesur / Neşeli,9,9,9,,Nadir,,,,,0,0,0,0,5,,,,,FALSE,TRUE,TRUE
LEGO® Minifigürler Serisi Batman Movie,lego-minifigurler-serisi-batman-movie,lego-minifigures-series-batman-movie,2017-01-01,Calculator,calculator,calculator,11,colBM-11,Calculator,"Calculator, zekâsı ve stratejisiyle öne çıkar. Analitik, sabırlı ve planlıdır. Her problemi bir denklem gibi çözer.",,Zeki Karakter,Analitik / Sabırlı,7,7,7,,Yaygın,,,,,0,0,0,0,4,,,,,FALSE,TRUE,TRUE
LEGO® Minifigürler Serisi Batman Movie,lego-minifigurler-serisi-batman-movie,lego-minifigures-series-batman-movie,2017-01-01,Red Hood,red-hood,red-hood,12,colBM-12,Red Hood,"Red Hood, intikam ve adalet arasında sıkışmış bir anti-kahramandır. Karanlık, zeki ve kararlıdır. Maskesinin ardında acı dolu bir hikâye taşır.",,Anti Kahraman,Karanlık / Zeki,10,10,10,,Çok Nadir,,,,,0,0,0,0,6,,,,,FALSE,TRUE,TRUE
LEGO® Minifigürler Serisi Batman Movie,lego-minifigurler-serisi-batman-movie,lego-minifigures-series-batman-movie,2017-01-01,Eraser,eraser,eraser,13,colBM-13,Eraser,"Eraser, hataları silen gizemli bir figürdür. Dikkatli, titiz ve ilginçtir. Her yanlış hamleyi ortadan kaldırır.",,Suçlu,Titiz / İlginç,8,8,8,,Yaygın,,,,,0,0,0,0,5,,,,,FALSE,TRUE,TRUE
LEGO® Minifigürler Serisi Batman Movie,lego-minifigurler-serisi-batman-movie,lego-minifigures-series-batman-movie,2017-01-01,March Harriet,march-harriet,march-harriet,14,colBM-14,March Harriet,"March Harriet, suç dünyasının zarif tavşanıdır. Hızlı, kurnaz ve cazibelidir. Güzelliğini silah gibi kullanır.",,Suçlu,Hızlı / Cazibeli,8,8,8,,Yaygın,,,,,0,0,0,0,5,,,,,FALSE,TRUE,TRUE
LEGO® Minifigürler Serisi Batman Movie,lego-minifigurler-serisi-batman-movie,lego-minifigures-series-batman-movie,2017-01-01,Mime,mime,mime,15,colBM-15,Mime,"Mime, sessizliğin tehlikeli yüzüdür. Soğukkanlı, gizemli ve ölümcüldür. Hiç konuşmaz ama her hareketi ölümcül bir mesaj taşır.",,Suikastçı,Soğukkanlı / Gizemli,7,7,7,,Yaygın,,,,,0,0,0,0,4,,,,,FALSE,TRUE,TRUE
LEGO® Minifigürler Serisi Batman Movie,lego-minifigurler-serisi-batman-movie,lego-minifigures-series-batman-movie,2017-01-01,Catman,catman,catman,16,colBM-16,Catman,"Catman, vahşi adaletin temsilcisidir. Çevik, kararlı ve güçlüdür. Karanlıkta iz bırakmadan hareket eder.",,Anti Kahraman,Çevik / Güçlü,8,8,8,,Nadir,,,,,0,0,0,0,5,,,,,FALSE,TRUE,TRUE
LEGO® Minifigürler Serisi Batman Movie,lego-minifigurler-serisi-batman-movie,lego-minifigures-series-batman-movie,2017-01-01,Zodiac Master,zodiac-master,zodiac-master,17,colBM-17,Zodiac Master,"Zodiac Master, yıldızların gücüyle suç işler. Mistiktir, tahmin edilemez ve kibirlidir. Her planında burçlardan yardım alır.",,Suçlu,Mistık / Kibirli,8,8,8,,Yaygın,,,,,0,0,0,0,5,,,,,FALSE,TRUE,TRUE
LEGO® Minifigürler Serisi Batman Movie,lego-minifigurler-serisi-batman-movie,lego-minifigures-series-batman-movie,2017-01-01,Orca,orca,orca,18,colBM-18,Orca,"Orca, su altının dev gücüdür. Güçlü, korkusuz ve saldırgandır. Dalgalarda adaletin pençesi gibidir.",,Canavar,Güçlü / Korkusuz,9,9,9,,Nadir,,,,,0,0,0,0,5,,,,,FALSE,TRUE,TRUE
LEGO® Minifigürler Serisi Batman Movie,lego-minifigurler-serisi-batman-movie,lego-minifigures-series-batman-movie,2017-01-01,King Tut,king-tut,king-tut,19,colBM-19,King Tut,"King Tut, eski Mısır’ın kibirli hükümdarıdır. Asil, komik ve takıntılıdır. Kendini her zaman tanrıların seçtiği kahraman sanır.",,Suçlu,Asil / Komik,9,9,9,,Nadir,,,,,0,0,0,0,6,,,,,FALSE,TRUE,TRUE
LEGO® Minifigürler Serisi Batman Movie,lego-minifigurler-serisi-batman-movie,lego-minifigures-series-batman-movie,2017-01-01,Nurse Harley Quinn,nurse-harley-quinn,nurse-harley-quinn,20,colBM-20,Nurse Harley Quinn,"Nurse Harley Quinn, çılgınlığın sevimli hemşiresidir. Neşeli, deli dolu ve sadıktır. Joker’in kalbini hem iyileştirir hem kırar.",,Kötü Karakter,Neşeli / Deli Doluy,10,10,10,,Çok Nadir,,,,,0,0,0,0,6,,,,,FALSE,TRUE,TRUE
LEGO® Minifigürler Serisi 17,lego-minifigurler-serisi-17,lego-minifigures-series-17,2017-05-01,Surfer Boy,surfer-boy,surfer-boy,1,col17-1,Surfer Boy,"Surfer Boy, dalgaların ritmiyle yaşayan özgür bir maceraperesttir. Tahtasında rüzgarla yarışır, denizin gücünü hisseder. Cesur, pozitif ve kararlıdır; her fırtınayı yeni bir başlangıç sayar, sınırlarını zorlamaktan çekinmez.",,porcu,Cesur / Özgür,8,8,8,,Yaygın,,,,,0,0,0,0,5,,,,,FALSE,TRUE,TRUE
LEGO® Minifigürler Serisi 17,lego-minifigurler-serisi-17,lego-minifigures-series-17,2017-05-01,Circus Strongman,circus-strongman,circus-strongman,2,col17-2,Circus Strongman,"Circus Strongman, gücünü gösteriyle birleştiren karizmatik bir atlettir. Ağır ağırlıkları kolayca kaldırır, sahnede neşesiyle ilham verir. Kasları kadar kalbi de büyüktür; her performansında sınırları zorlar, seyirciyi coşturur.",,Güçlü Adam,Karizmatik / Eğlenceli,9,9,9,,Nadir,,,,,0,0,0,0,6,,,,,FALSE,TRUE,TRUE
LEGO® Minifigürler Serisi 17,lego-minifigurler-serisi-17,lego-minifigures-series-17,2017-05-01,Gourmet Chef,gourmet-chef,gourmet-chef,3,col17-3,Gourmet Chef,"Gourmet Chef, mutfakta disiplin ve yaratıcılığı ustalıkla buluşturur. Bıçaklarıyla ritim tutar, kokuları yönetir, her tabağı bir hikâyeye dönüştürür. Tutkulu, titiz ve profesyoneldir; lezzeti sanat gibi tasarlar.",,Şef,Tutkulu / Disiplinli,10,10,10,,Nadir,,,,,0,0,0,0,5,,,,,FALSE,TRUE,TRUE
LEGO® Minifigürler Serisi 17,lego-minifigurler-serisi-17,lego-minifigures-series-17,2017-05-01,Corn Cob Guy,corn-cob-guy,corn-cob-guy,4,col17-4,Corn Cob Guy,"Corn Cob Guy, komik kostümüyle girdiği her ortamı şenlendirir. Neşeli, saf ve enerji doludur; şakalaşmayı sever, insanları gülümsetir. Eğlencenin vücut bulmuş halidir, kalabalığın havasını anında değiştirir.",,Eğlendirici,Mizahi / Neşeli,11,11,11,,Yaygın,,,,,0,0,0,0,4,,,,,FALSE,TRUE,TRUE
LEGO® Minifigürler Serisi 17,lego-minifigurler-serisi-17,lego-minifigures-series-17,2017-05-01,Veterinarian,veterinarian,veterinarian,5,col17-5,Veterinarian,"Veterinarian, hayvanların şefkatli dostudur. Yaralıları iyileştirir, korkanları sakinleştirir, doğaya saygıyla yaklaşır. Sabırlı, dikkatli ve yardımseverdir; her hastasını ailesinin bir ferdi gibi görür, kalbiyle tedavi eder.",,Doktor,Şefkatli / Sabırlı,9,9,9,,Yaygın,,,,,0,0,0,0,5,,,,,FALSE,TRUE,TRUE
LEGO® Minifigürler Serisi 17,lego-minifigurler-serisi-17,lego-minifigures-series-17,2017-05-01,Hot Dog Vendor,hot-dog-vendor,hot-dog-vendor,6,col17-6,Hot Dog Vendor,"Hot Dog Vendor, şehrin sokaklarında güleryüzle çalışan lezzet elçisidir. Sıcacık sandviçleri hızla hazırlar, misafirperverliğiyle tanınır. Çalışkan, pozitif ve enerjiktir; tezgâhının başında herkese küçük bir mutluluk sunar.",,Satıcı,Pozitif / Çalışkan,8,8,8,,Yaygın,,,,,0,0,0,0,5,,,,,FALSE,TRUE,TRUE
LEGO® Minifigürler Serisi 17,lego-minifigurler-serisi-17,lego-minifigures-series-17,2017-05-01,Butterfly Girl,butterfly-girl,butterfly-girl,7,col17-7,Butterfly Girl,"Butterfly Girl, renk ve neşeyi etrafa yayan masum bir karakterdir. Kostümüyle ışıldar, çocuk ruhunu korur. Pozitif ve enerjiktir; girdiği her yerde umut serperek kalpleri yumuşatır, mutluluğu paylaşır.",,Eğlendirici,Saf / Pozitif,8,8,8,,Yaygın,,,,,0,0,0,0,4,,,,,FALSE,TRUE,TRUE
LEGO® Minifigürler Serisi 17,lego-minifigurler-serisi-17,lego-minifigures-series-17,2017-05-01,Roman Gladiator,roman-gladiator,roman-gladiator,8,col17-8,Roman Gladiator,"Roman Gladiator, onur için arenada dövüşen korkusuz bir savaşçıdır. Zırhını gururla taşır, kılıcını disiplinle kullanır. Güçlü, asil ve kararlıdır; her mücadelede adalet ve cesareti simgeler.",,Savaşçı,Asil / Kararlı,9,9,9,,Nadir,,,,,0,0,0,0,5,,,,,FALSE,TRUE,TRUE
LEGO® Minifigürler Serisi 17,lego-minifigurler-serisi-17,lego-minifigures-series-17,2017-05-01,Connoisseur,connoisseur,connoisseur,9,col17-9,Connoisseur,"Connoisseur, lezzeti ve estetiği ince ayrıntılarla değerlendiren zarif bir gurmedir. Sabırlı ve kültürlüdür; tadımlarda fark yaratan nüansları yakalar. Şıklığıyla dikkat çeker, iyi yaşamın seçkin temsilcisidir.",,Gurme,Zarif / Kültürlü,10,10,10,,Nadir,,,,,0,0,0,0,5,,,,,FALSE,TRUE,TRUE
LEGO® Minifigürler Serisi 17,lego-minifigurler-serisi-17,lego-minifigures-series-17,2017-05-01,Battle Dwarf,battle-dwarf,battle-dwarf,10,col17-10,Battle Dwarf,"Battle Dwarf, küçük bedeninde devasa bir cesaret taşır. Baltaları kadar iradesi de keskindir. Onurlu, inatçı ve kararlıdır; hiçbir dev ondan büyük değildir, savaş meydanında asla geri adım atmaz.",,Savaşçı,Onurlu / Kararlı,10,10,10,,Yaygın,,,,,0,0,0,0,5,,,,,FALSE,TRUE,TRUE
LEGO® Minifigürler Serisi 17,lego-minifigurler-serisi-17,lego-minifigures-series-17,2017-05-01,Elf Maiden,elf-maiden,elf-maiden,11,col17-11,Elf Maiden,"Elf Maiden, ormanların bilge koruyucusudur. Sessiz ama güçlüdür; yayını ustalıkla kullanır, dengeyi ve barışı savunur. Doğaya bağlı, zarif ve cesurdur; her adımında kadim bilgeliği taşır.",,Elf,Bilge / Doğayla Uyumlu,11,11,11,,Nadir,,,,,0,0,0,0,6,,,,,FALSE,TRUE,TRUE
LEGO® Minifigürler Serisi 17,lego-minifigurler-serisi-17,lego-minifigures-series-17,2017-05-01,Yuppie,yuppie,yuppie,12,col17-12,Yuppie,"Yuppie, hızlı tempolu modern yaşamın başarı odaklı yüzüdür. Hırslı, özgüvenli ve stil sahibidir; şık giyinir, telefonundan ayrılmaz. Hedeflerine odaklanır, başarıyı hayatının temel ölçütü sayar.",,İş İnsanı,Hırslı / Özgüvenli,8,8,8,,Yaygın,,,,,0,0,0,0,4,,,,,FALSE,TRUE,TRUE
LEGO® Minifigürler Serisi 17,lego-minifigurler-serisi-17,lego-minifigures-series-17,2017-05-01,Rocket Boy,rocket-boy,rocket-boy,13,col17-13,Rocket Boy,"Rocket Boy, yıldızlara uzanan hayallerin küçük kahramanıdır. Roket kostümüyle gökyüzüne bakar, her rüyasını bir fırlatma gibi görür. Enerjik, masum ve yaratıcıdır; hayal gücüyle sınır tanımaz.",,Hayalperest,Enerjik / Yaratıcı,9,9,9,,Nadir,,,,,0,0,0,0,4,,,,,FALSE,TRUE,TRUE
LEGO® Minifigürler Serisi 17,lego-minifigurler-serisi-17,lego-minifigures-series-17,2017-05-01,Dance Instructor,dance-instructor,dance-instructor,14,col17-14,Dance Instructor,"Dance Instructor, ritimle konuşan enerjik bir ilham kaynağıdır. Karizmatik ve tutkuludur; her adımda hikâye anlatır, herkesi dansın neşesine katar. Sahne disiplinini ve pozitifliğiyle çevresini uçurur.",,Dansçı,Tutkulu / Karizmatik,9,9,9,,Yaygın,,,,,0,0,0,0,5,,,,,FALSE,TRUE,TRUE
LEGO® Minifigürler Serisi 17,lego-minifigurler-serisi-17,lego-minifigures-series-17,2017-05-01,Elf Queen,elf-queen,elf-queen,15,col17-15,Elf Queen,"Elf Queen, masal diyarlarının asil ve bilge lideridir. Işığıyla umut verir, adaletle yönetir. Zarif, kararlı ve şefkatlidir; her bakışı huzur, her emri iyileştirici bir denge taşır.",,Kraliçe,Asil / Şefkatli,11,11,11,,Nadir,,,,,0,0,0,0,6,,,,,FALSE,TRUE,TRUE
LEGO® Minifigürler Serisi 17,lego-minifigurler-serisi-17,lego-minifigures-series-17,2017-05-01,Highwayman,highwayman,highwayman,16,col17-16,Highwayman,"Highwayman, karanlık yollarda adalet arayan gizemli bir figürdür. Sessiz, çevik ve kurnazdır; siluetinin ardında güçlü bir vicdan gizlenir. Gölge gibi hareket eder, kendi yöntemleriyle denge sağlar.",,Gizemli Karakter,Sessiz / Kurnaz,12,12,12,,Çok Nadir,,,,,0,0,0,0,5,,,,,FALSE,TRUE,TRUE
LEGO® Minifigürler Serisi Ninjago Movie,lego-minifigurler-serisi-ninjago-movie,lego-minifigures-series-ninjago-movie,2017-08-01,Lloyd (Ninja Green),lloyd-ninja-green,lloyd-ninja-green,1,colNJ-1,Lloyd (Ninja Green),"Lloyd (Ninja Green), içsel huzur ve liderliğin sembolüdür. Babasının gölgesinden çıkarak kendi kaderini yaratır. Cesur, bilge ve merhametlidir.",,Lider Kahraman,Bilge / Cesur,10,10,10,,Çok Nadir,,,,,0,0,0,0,6,,,,,FALSE,TRUE,TRUE
LEGO® Minifigürler Serisi Ninjago Movie,lego-minifigurler-serisi-ninjago-movie,lego-minifigures-series-ninjago-movie,2017-08-01,Kai (Ninja Red),kai-ninja-red,kai-ninja-red,2,colNJ-2,Kai (Ninja Red),"Kai (Ninja Red), ateşin gücünü yansıtır. Cesareti ve öfkesiyle tanınır. Sadakati ve dostlarına bağlılığıyla güçlü bir savaşçıdır.",,Ateş Savaşçısı,Tutkulu / Sadık,9,9,9,,Nadir,,,,,0,0,0,0,6,,,,,FALSE,TRUE,TRUE
LEGO® Minifigürler Serisi Ninjago Movie,lego-minifigurler-serisi-ninjago-movie,lego-minifigures-series-ninjago-movie,2017-08-01,Zane (Ninja White),zane-ninja-white,zane-ninja-white,3,colNJ-3,Zane (Ninja White),"Zane (Ninja White), mantık ve sezginin birleşimidir. Soğukkanlılığıyla öne çıkar, zekâsı ekibin en güçlü silahıdır.",,Zeki Ninja,Mantıklı / Soğukkanlı,9,9,9,,Nadir,,,,,0,0,0,0,6,,,,,FALSE,TRUE,TRUE
LEGO® Minifigürler Serisi Ninjago Movie,lego-minifigurler-serisi-ninjago-movie,lego-minifigures-series-ninjago-movie,2017-08-01,Nya (Ninja Water),nya-ninja-water,nya-ninja-water,4,colNJ-4,Nya (Ninja Water),"Nya (Ninja Water), suyun zarafetini ve gücünü taşır. Stratejik, kararlı ve koruyucudur. Kadın kahramanlığının en güzel örneklerindendir.",,Su Ninja,Stratejik / Koruyucu,9,9,9,,Nadir,,,,,0,0,0,0,6,,,,,FALSE,TRUE,TRUE
LEGO® Minifigürler Serisi Ninjago Movie,lego-minifigurler-serisi-ninjago-movie,lego-minifigures-series-ninjago-movie,2017-08-01,Jay (Ninja Blue),jay-ninja-blue,jay-ninja-blue,5,colNJ-5,Jay (Ninja Blue),"Jay (Ninja Blue), enerjik ve eğlencelidir. Mizahıyla zorlukları aşar, hızlı düşünme yeteneğiyle ekibin neşesidir.",,Mizahi Kahraman,Enerjik / Neşeli,9,9,9,,Nadir,,,,,0,0,0,0,6,,,,,FALSE,TRUE,TRUE
LEGO® Minifigürler Serisi Ninjago Movie,lego-minifigurler-serisi-ninjago-movie,lego-minifigures-series-ninjago-movie,2017-08-01,Cole (Ninja Black),cole-ninja-black,cole-ninja-black,6,colNJ-6,Cole (Ninja Black),"Cole (Ninja Black), dayanıklılık ve sabrın simgesidir. Gücünü fiziksel kuvvetinden çok kalbinden alır.",,Güçlü Kahraman,Sakin / Dayanıklı,9,9,9,,Nadir,,,,,0,0,0,0,6,,,,,FALSE,TRUE,TRUE
LEGO® Minifigürler Serisi Ninjago Movie,lego-minifigurler-serisi-ninjago-movie,lego-minifigures-series-ninjago-movie,2017-08-01,Lord Garmadon,lord-garmadon,lord-garmadon,7,colNJ-7,Lord Garmadon,"Lord Garmadon, karanlığın efendisidir. Gücü, hırsı ve karmaşık duygularıyla dikkat çeker.",,Karanlık Efendi,Güçlü / Hırslı,10,10,10,,Çok Nadir,,,,,0,0,0,0,6,,,,,FALSE,TRUE,TRUE
LEGO® Minifigürler Serisi Ninjago Movie,lego-minifigurler-serisi-ninjago-movie,lego-minifigures-series-ninjago-movie,2017-08-01,Gong & Guitar Rocker,gong-guitar-rocker,gong-guitar-rocker,8,colNJ-8,Gong & Guitar Rocker,"Gong & Guitar Rocker, enerjiyi ve ritmi temsil eder. Müzikle savaşan bir isyandır. Neşeli, asi ve özgündür.",,Asi Karakter,Neşeli / Özgün,8,8,8,,Yaygın,,,,,0,0,0,0,6,,,,,FALSE,TRUE,TRUE
LEGO® Minifigürler Serisi Ninjago Movie,lego-minifigurler-serisi-ninjago-movie,lego-minifigures-series-ninjago-movie,2017-08-01,Misako,misako,misako,9,colNJ-9,Misako,"Misako, bilgeliği ve rehberliğiyle grubun bilge figürüdür. Sakinliğiyle kaosun içinde denge yaratır.",,Bilge Figür,Rehber / Sakin,8,8,8,,Nadir,,,,,0,0,0,0,5,,,,,FALSE,TRUE,TRUE
LEGO® Minifigürler Serisi Ninjago Movie,lego-minifigurler-serisi-ninjago-movie,lego-minifigures-series-ninjago-movie,2017-08-01,Shark Army Octopus,shark-army-octopus,shark-army-octopus,10,colNJ-10,Shark Army Octopus,"Shark Army Octopus, sualtı ordusunun kurnaz bir üyesidir. Mizahıyla tehditkâr görüntüsünü dengeler.",,Mizahi Düşman,Kurnaz / Eğlenceli,8,8,8,,Yaygın,,,,,0,0,0,0,6,,,,,FALSE,TRUE,TRUE
LEGO® Minifigürler Serisi Ninjago Movie,lego-minifigurler-serisi-ninjago-movie,lego-minifigures-series-ninjago-movie,2017-08-01,Shark Army Great White,shark-army-great-white,shark-army-great-white,11,colNJ-11,Shark Army Great White,"Shark Army Great White, soğukkanlı bir komutandır. Cesur, kararlı ve disiplinlidir.",,Soğukkanlı Komutan,Disiplinli / Cesur,8,8,8,,Nadir,,,,,0,0,0,0,6,,,,,FALSE,TRUE,TRUE
LEGO® Minifigürler Serisi Ninjago Movie,lego-minifigurler-serisi-ninjago-movie,lego-minifigures-series-ninjago-movie,2017-08-01,GPL Tech,gpl-tech,gpl-tech,12,colNJ-12,GPL Tech,"GPL Tech, teknolojik zekânın temsilcisidir. Bilimsel çözümlerle ekibin gizli kahramanıdır.",,Teknoloji Uzmanı,Zeki / Yaratıcı,8,8,8,,Yaygın,,,,,0,0,0,0,5,,,,,FALSE,TRUE,TRUE
LEGO® Minifigürler Serisi Ninjago Movie,lego-minifigurler-serisi-ninjago-movie,lego-minifigures-series-ninjago-movie,2017-08-01,N-POP Girl,n-pop-girl,n-pop-girl,13,colNJ-13,N-POP Girl,"N-POP Girl, neşe, renk ve dansın figürüdür. Tarzıyla kaosun içinde pozitif bir enerji yaratır.",,Neşeli Karakter,Renkli / Enerjik,9,9,9,,Yaygın,,,,,0,0,0,0,5,,,,,FALSE,TRUE,TRUE
LEGO® Minifigürler Serisi Ninjago Movie,lego-minifigurler-serisi-ninjago-movie,lego-minifigures-series-ninjago-movie,2017-08-01,Shark Army General #1,shark-army-general-1,shark-army-general-1,14,colNJ-14,Shark Army General #1,"Shark Army General #1, kararlılığı ve komuta gücüyle tanınır. Emirleriyle ordunun yönünü belirler.",,Askeri Lider,Emir Veren / Güçlü,8,8,8,,Nadir,,,,,0,0,0,0,6,,,,,FALSE,TRUE,TRUE
LEGO® Minifigürler Serisi Ninjago Movie,lego-minifigurler-serisi-ninjago-movie,lego-minifigures-series-ninjago-movie,2017-08-01,Sushi Chef,sushi-chef,sushi-chef,15,colNJ-15,Sushi Chef,"Sushi Chef, sakin, detaycı ve yaratıcıdır. Savaşın ortasında bile mükemmeliyetçidir.",,Sakin Usta,Detaycı / Uyumlu,8,8,8,,Yaygın,,,,,0,0,0,0,5,,,,,FALSE,TRUE,TRUE
LEGO® Minifigürler Serisi Ninjago Movie,lego-minifigurler-serisi-ninjago-movie,lego-minifigures-series-ninjago-movie,2017-08-01,Flashback Garmadon,flashback-garmadon,flashback-garmadon,16,colNJ-16,Flashback Garmadon,"Flashback Garmadon, geçmişle yüzleşen bir karakterdir. Gençlik enerjisi ve hırsıyla dikkat çeker.",,Genç Versiyon,Hırslı / Deneyimsiz,10,10,10,,Çok Nadir,,,,,0,0,0,0,6,,,,,FALSE,TRUE,TRUE
LEGO® Minifigürler Serisi Batman Movie 2,lego-minifigurler-serisi-batman-movie-2,lego-minifigures-series-batman-movie-2,2018-01-01,Volcano Garmadon,volcano-garmadon,volcano-garmadon,1,colNJ-17,Volcano Garmadon,"Volcano Garmadon, gücün ve öfkenin yanardağıdır. Kontrolsüz ama etkileyici bir duruş sergiler.",,Güçlü Versiyon,Kızgın / Etkileyici,10,10,10,,Çok Nadir,,,,,0,0,0,0,6,,,,,FALSE,TRUE,TRUE
LEGO® Minifigürler Serisi Batman Movie 2,lego-minifigurler-serisi-batman-movie-2,lego-minifigures-series-batman-movie-2,2018-01-01,Spinjitzu Training Kai,spinjitzu-training-kai,spinjitzu-training-kai,2,colNJ-18,Spinjitzu Training Kai,"Spinjitzu Training Kai, kararlılıkla ustalığa giden yoldadır. Odaklanma yeteneği ve azmiyle öne çıkar.",,Eğitimde Ninja,Kararlı / Odaklı,9,9,9,,Nadir,,,,,0,0,0,0,6,,,,,FALSE,TRUE,TRUE
LEGO® Minifigürler Serisi Batman Movie 2,lego-minifigurler-serisi-batman-movie-2,lego-minifigures-series-batman-movie-2,2018-01-01,Spinjitzu Training Nya,spinjitzu-training-nya,spinjitzu-training-nya,3,colNJ-19,Spinjitzu Training Nya,"Spinjitzu Training Nya, sabır ve disiplinin temsilcisidir. Duruşu, su gibi dengelidir.",,Eğitimde Kahraman,Sabırlı / Dengeli,9,9,9,,Nadir,,,,,0,0,0,0,6,,,,,FALSE,TRUE,TRUE
LEGO® Minifigürler Serisi Batman Movie 2,lego-minifigurler-serisi-batman-movie-2,lego-minifigures-series-batman-movie-2,2018-01-01,Jay Walker,jay-walker,jay-walker,4,colNJ-20,Jay Walker,"Jay Walker, mizahı ve enerjisiyle kaotik durumlarda bile umudu temsil eder.",,Mizahi Destek,Neşeli / Umutlu,8,8,8,,Yaygın,,,,,0,0,0,0,5,,,,,FALSE,TRUE,TRUE
LEGO® Minifigürler Serisi Batman Movie 2,lego-minifigurler-serisi-batman-movie-2,lego-minifigures-series-batman-movie-2,2018-01-01,Lloyd (Casual Outfit),lloyd-casual-outfit,lloyd-casual-outfit,5,colNJ-21,Lloyd (Casual Outfit),"Lloyd (Casual Outfit), gençliğin masumiyetini taşır. Kahraman olmadan önceki yönünü gösterir, sade ama samimidir.",,Genç Karakter,Masum / Samimi,8,8,8,,Yaygın,,,,,0,0,0,0,5,,,,,FALSE,TRUE,TRUE
LEGO® Minifigürler Serisi Batman Movie 2,lego-minifigurler-serisi-batman-movie-2,lego-minifigures-series-batman-movie-2,2018-01-01,Vacation Alfred,vacation-alfred,vacation-alfred,6,gen-71020-6,Vacation Alfred,"Vacation Alfred, klasik tarzını güneş gözlüğüyle tamamlar. Zarif, sakin ve bilgedir. Kahramanların tatil danışmanıdır.",,Yardımcı,Zarif / Bilge,8,8,8,,Nadir,,,,,0,0,0,0,5,,,,,FALSE,TRUE,TRUE
LEGO® Minifigürler Serisi Batman Movie 2,lego-minifigurler-serisi-batman-movie-2,lego-minifigures-series-batman-movie-2,2018-01-01,Soccer Mom Batgirl,soccer-mom-batgirl,soccer-mom-batgirl,7,gen-71020-7,Soccer Mom Batgirl,"Soccer Mom Batgirl, sportif enerjisiyle sahada fark yaratır. Kararlı, hızlı ve eğlencelidir. Gotham’ın en cool annesi gibidir.",,Süper Kahraman,Sportif / Kararlı,8,8,8,,Yaygın,,,,,0,0,0,0,5,,,,,FALSE,TRUE,TRUE
LEGO® Minifigürler Serisi Batman Movie 2,lego-minifigurler-serisi-batman-movie-2,lego-minifigures-series-batman-movie-2,2018-01-01,Clock King,clock-king,clock-king,8,gen-71020-8,Clock King,"Clock King, zamanı silah gibi kullanan bir suçludur. Zeki, sabırlı ve takıntılıdır. Her saniye onun için planlıdır.",,Suçlu,Zeki / Takıntılı,9,9,9,,Nadir,,,,,0,0,0,0,6,,,,,FALSE,TRUE,TRUE
LEGO® Minifigürler Serisi Batman Movie 2,lego-minifigurler-serisi-batman-movie-2,lego-minifigures-series-batman-movie-2,2018-01-01,Killer Moth,killer-moth,killer-moth,9,💡 Kod siste,Killer Moth,"Killer Moth, renkli ama korkulan bir kötüdür. Garip, iddialı ve özgüvenlidir. Işığa uçan kötülüğün sembolüdür.",,Kötü Karakter,Garip / Özgüvenli,8,8,8,,Yaygın,,,,,0,0,0,0,5,,,,,FALSE,TRUE,TRUE
LEGO® Minifigürler Serisi Batman Movie 2,lego-minifigurler-serisi-batman-movie-2,lego-minifigures-series-batman-movie-2,2018-01-01,Jor-El,jor-el,jor-el,10,colBM2-10,Jor-El,"Jor-El, Superman’in bilge babasıdır. Asil, kararlı ve ileri görüşlüdür. Umudu yıldızlara taşır.",,Bilge Karakter,Asil / Kararlı,9,9,9,,Nadir,,,,,0,0,0,0,6,,,,,FALSE,TRUE,TRUE
LEGO® Minifigürler Serisi Batman Movie 2,lego-minifigurler-serisi-batman-movie-2,lego-minifigures-series-batman-movie-2,2018-01-01,General Zod,general-zod,general-zod,11,colBM2-11,General Zod,"General Zod, güç ve kontrol takıntısıyla dolu bir askerdir. Kibirli, güçlü ve acımasızdır. Herkese diz çöktürmek ister.",,Kötü Karakter,Güçlü / Kibirli,9,9,9,,Nadir,,,,,0,0,0,0,6,,,,,FALSE,TRUE,TRUE
LEGO® Minifigürler Serisi Batman Movie 2,lego-minifigurler-serisi-batman-movie-2,lego-minifigures-series-batman-movie-2,2018-01-01,Doctor Phosphorus,doctor-phosphorus,doctor-phosphorus,12,colBM2-12,Doctor Phosphorus,"Doctor Phosphorus, parlayan bir tehlikedir. Soğukkanlı, gizemli ve ürkütücüdür. Her hareketiyle karanlığı aydınlatır.",,Kötü Karakter,Gizemli / Soğukkanlı,9,9,9,,Nadir,,,,,0,0,0,0,6,,,,,FALSE,TRUE,TRUE
LEGO® Minifigürler Serisi Batman Movie 2,lego-minifigurler-serisi-batman-movie-2,lego-minifigures-series-batman-movie-2,2018-01-01,Black Canary,black-canary,black-canary,13,colBM2-13,Black Canary,"Black Canary, güçlü sesiyle adaletin yankısıdır. Cesur, tutkulu ve ilham vericidir. Her çığlığı bir uyarı gibidir.",,Kahraman,Cesur / Tutkulu,8,8,8,,Nadir,,,,,0,0,0,0,5,,,,,FALSE,TRUE,TRUE
LEGO® Minifigürler Serisi Batman Movie 2,lego-minifigurler-serisi-batman-movie-2,lego-minifigures-series-batman-movie-2,2018-01-01,Hugo Strange,hugo-strange,hugo-strange,14,colBM2-14,Hugo Strange,"Hugo Strange, zekâsını karanlık deneylerde kullanan bir bilim insanıdır. Deli, zeki ve takıntılıdır. Her fikri yeni bir tehlike doğurur.",,Bilim İnsanı,Zeki / Deli,8,8,8,,Nadir,,,,,0,0,0,0,5,,,,,FALSE,TRUE,TRUE
LEGO® Minifigürler Serisi Batman Movie 2,lego-minifigurler-serisi-batman-movie-2,lego-minifigures-series-batman-movie-2,2018-01-01,Friends Are Family Harley Quinn,friends-are-family-harley-quinn,friends-are-family-harley-quinn,15,colBM2-15,Friends Are Family Harley Quinn,"Friends Are Family Harley Quinn, dostluğun en çılgın halidir. Neşeli, sevecen ve enerjiktir. Kötülüğü bile eğlenceli hale getirir.",,Kötü Karakter,Neşeli / Sevecen,10,10,10,,Çok Nadir,,,,,0,0,0,0,6,,,,,FALSE,TRUE,TRUE
LEGO® Minifigürler Serisi Batman Movie 2,lego-minifigurler-serisi-batman-movie-2,lego-minifigures-series-batman-movie-2,2018-01-01,Friends Are Family Alfred,friends-are-family-alfred,friends-are-family-alfred,16,colBM2-16,Friends Are Family Alfred,"Friends Are Family Alfred, sadakatin ve eğlencenin birleşimidir. Zarif, bilge ve eğlencelidir. Kostümüyle bile asaletten ödün vermez.",,Yardımcı,Bilge / Eğlenceli,8,8,8,,Nadir,,,,,0,0,0,0,5,,,,,FALSE,TRUE,TRUE
LEGO® Minifigürler Serisi Batman Movie 2,lego-minifigurler-serisi-batman-movie-2,lego-minifigures-series-batman-movie-2,2018-01-01,Apache Chief,apache-chief,apache-chief,17,colBM2-17,Apache Chief,"Apache Chief, adalet için doğanın gücünü çağırır. Cesur, kararlı ve bilgedir. Her yumruğunda gökyüzü titrer.",,Kahraman,Cesur / Bilge,10,10,10,,Çok Nadir,,,,,0,0,0,0,6,,,,,FALSE,TRUE,TRUE
LEGO® Minifigürler Serisi Batman Movie 2,lego-minifigurler-serisi-batman-movie-2,lego-minifigures-series-batman-movie-2,2018-01-01,Jayna,jayna,jayna,18,colBM2-18,Jayna,"Jayna, kardeşiyle birlikte süper kahraman enerjisini paylaşır. Pozitif, işbirlikçi ve akıllıdır. Takım ruhunun vücut bulmuş halidir.",,Kahraman,Pozitif / Akıllı,9,9,9,,Nadir,,,,,0,0,0,0,5,,,,,FALSE,TRUE,TRUE
LEGO® Minifigürler Serisi Batman Movie 2,lego-minifigurler-serisi-batman-movie-2,lego-minifigures-series-batman-movie-2,2018-01-01,Wonder Twin Zan,wonder-twin-zan,wonder-twin-zan,19,colBM2-19,Wonder Twin Zan,"Wonder Twin Zan, su gücünü kullanarak ekibini korur. Neşeli, sadık ve yardımseverdir. Kardeşiyle birlikte yenilmezdir.",,Kahraman,Sadık / Yardımsever,9,9,9,,Nadir,,,,,0,0,0,0,5,,,,,FALSE,TRUE,TRUE
LEGO® Minifigürler Serisi Batman Movie 2,lego-minifigurler-serisi-batman-movie-2,lego-minifigures-series-batman-movie-2,2018-01-01,Black Vulcan,black-vulcan,black-vulcan,20,colBM2-20,Black Vulcan,"Black Vulcan, yıldırım gücüyle suçluları alt eder. Hızlı, enerjik ve karizmatiktir. Her fırtınada adalet parlar.",,Kahraman,Hızlı / Karizmatik,10,10,10,,Çok Nadir,,,,,0,0,0,0,6,,,,,FALSE,TRUE,TRUE
LEGO® Minifigürler Serisi 18,lego-minifigurler-serisi-18,lego-minifigures-series-18,2018-04-01,Birthday Party Boy,birthday-party-boy,birthday-party-boy,1,col18-1,Birthday Party Boy,"Birthday Party Boy, doğum günü coşkusunu her yere taşıyan enerjik bir karakterdir. Balonlar, hediyeler ve sürprizlerle sahneyi doldurur. Neşeli, pozitif ve paylaşımcıdır; her partiyi unutulmaz bir kutlamaya dönüştürür.",,Kutlama Karakteri,Neşeli / Enerjik,9,9,9,,Yaygın,,,,,0,0,0,0,5,,,,,FALSE,TRUE,TRUE
LEGO® Minifigürler Serisi 18,lego-minifigurler-serisi-18,lego-minifigures-series-18,2018-04-01,Birthday Party Girl,birthday-party-girl,birthday-party-girl,2,col18-2,Birthday Party Girl,"Birthday Party Girl, renkleri ve tatlılığıyla kutlamalara enerji katar. Neşeli, sevecen ve hassastır. Hediyeleri kadar sıcak gülümsemesiyle de hatırlanır; doğum günlerinin parıldayan yıldızıdır.",,Kutlama Karakteri,Sevecen / Tatlı,9,9,9,,Yaygın,,,,,0,0,0,0,5,,,,,FALSE,TRUE,TRUE
LEGO® Minifigürler Serisi 18,lego-minifigurler-serisi-18,lego-minifigures-series-18,2018-04-01,Cactus Girl,cactus-girl,cactus-girl,3,col18-3,Cactus Girl,"Cactus Girl, esprili kostümüyle girdiği her ortamda gülümseme yaratır. Neşeli, çocuk ruhlu ve sıcakkanlıdır. Pozitif tavrıyla kalpleri yumuşatır, her adımı eğlence saçar.",,Eğlendirici,Komik / Pozitif,8,8,8,,Yaygın,,,,,0,0,0,0,4,,,,,FALSE,TRUE,TRUE
LEGO® Minifigürler Serisi 18,lego-minifigurler-serisi-18,lego-minifigures-series-18,2018-04-01,Cat Costume Girl,cat-costume-girl,cat-costume-girl,4,col18-4,Cat Costume Girl,"Cat Costume Girl, kedisevgisini masumiyetiyle yansıtan oyuncu bir tiptir. Enerjik ve şirindir. Kostümüyle dikkat çeker, pozitifliğiyle çevresine mutluluk yayar.",,Eğlendirici,Oyuncu / Şirin,8,8,8,,Yaygın,,,,,0,0,0,0,5,,,,,FALSE,TRUE,TRUE
LEGO® Minifigürler Serisi 18,lego-minifigurler-serisi-18,lego-minifigures-series-18,2018-04-01,Cowboy Costume Guy,cowboy-costume-guy,cowboy-costume-guy,5,col18-5,Cowboy Costume Guy,"Cowboy Costume Guy, vahşi batının komik ve cesur temsilcisidir. Şapkası ve duruşuyla sahneyi şenlendirir. Neşeli, pozitif ve özgüvenlidir; her ortamda eğlence yaratır.",,Kostüm Karakteri,Cesur / Mizahi,9,9,9,,Nadir,,,,,0,0,0,0,5,,,,,FALSE,TRUE,TRUE
LEGO® Minifigürler Serisi 18,lego-minifigurler-serisi-18,lego-minifigures-series-18,2018-04-01,Flower Pot Girl,flower-pot-girl,flower-pot-girl,6,col18-6,Flower Pot Girl,"Flower Pot Girl, doğanın renklerini ve umudunu temsil eder. Sakin, sevecen ve hassastır. Denge ve huzur getirir; her bakışında çiçek açan bir sıcaklık taşır.",,Doğa Karakteri,Sakin / Huzurlu,9,9,9,,Yaygın,,,,,0,0,0,0,5,,,,,FALSE,TRUE,TRUE
LEGO® Minifigürler Serisi 18,lego-minifigurler-serisi-18,lego-minifigures-series-18,2018-04-01,Birthday Cake Guy,birthday-cake-guy,birthday-cake-guy,7,col18-7,Birthday Cake Guy,"Birthday Cake Guy, kostümü ve pozitif ruhuyla her mekanı şenlendirir. Sürpriz partilerin gönüllü kahramanıdır. Neşeli, komik ve hayal severdir; her yeri kutlamaya dönüştürür.",,Kutlama Karakteri,Komik / Pozitif,10,10,10,,Nadir,,,,,0,0,0,0,6,,,,,FALSE,TRUE,TRUE
LEGO® Minifigürler Serisi 18,lego-minifigurler-serisi-18,lego-minifigures-series-18,2018-04-01,Unicorn Guy,unicorn-guy,unicorn-guy,8,col18-8,Unicorn Guy,"Unicorn Guy, masumiyet ve hayal gücünün simgesidir. Kostümüyle fantastik dünyalara kapı aralar. Pozitif, enerjik ve hayalperesttir; küçük mucizeler yaratır.",,Fantastik Karakter,Saf / Hayalperest,9,9,9,,Nadir,,,,,0,0,0,0,5,,,,,FALSE,TRUE,TRUE
LEGO® Minifigürler Serisi 18,lego-minifigurler-serisi-18,lego-minifigures-series-18,2018-04-01,Race Car Guy,race-car-guy,race-car-guy,9,col18-9,Race Car Guy,"Race Car Guy, hız tutkunu cesur bir karakterdir. Kaskı ve kıyafetiyle hep yarışa hazırdır. Rekabetçi ve özgüvenlidir; her startı bir fırsat bilir, azmiyle öne çıkar.",,Sporcu,Hırslı / Rekabetçi,8,8,8,,Yaygın,,,,,0,0,0,0,5,,,,,FALSE,TRUE,TRUE
LEGO® Minifigürler Serisi 18,lego-minifigurler-serisi-18,lego-minifigures-series-18,2018-04-01,Dragon Suit Guy,dragon-suit-guy,dragon-suit-guy,10,col18-10,Dragon Suit Guy,"Dragon Suit Guy, sahnenin ateşli eğlence kaynağıdır. Görkemli ve sempatiktir. Kostümüyle izleyenlere enerji verir; neşeli ve komik tavırlarıyla kalabalığı coşturur.",,Eğlendirici,Komik / Canlı,9,9,9,,Nadir,,,,,0,0,0,0,6,,,,,FALSE,TRUE,TRUE
LEGO® Minifigürler Serisi 18,lego-minifigurler-serisi-18,lego-minifigures-series-18,2018-04-01,Firework Guy,firework-guy,firework-guy,11,col18-11,Firework Guy,"Firework Guy, kutlamaların parlayan figürüdür. Renkli, hareketli ve pozitif yapısıyla coşkuyu yükseltir. Enerjisini neşeye dönüştürür; her parti onunla ışıldar.",,Kutlama Karakteri,Renkli / Coşkulu,9,9,9,,Yaygın,,,,,0,0,0,0,5,,,,,FALSE,TRUE,TRUE
LEGO® Minifigürler Serisi 18,lego-minifigurler-serisi-18,lego-minifigures-series-18,2018-04-01,Elephant Costume Girl,elephant-costume-girl,elephant-costume-girl,12,col18-12,Elephant Costume Girl,"Elephant Costume Girl, masumiyeti ve tatlı gülüşüyle dikkat çeker. Çocuk ruhlu, neşeli ve pozitif bir karakterdir; sevimliliğiyle herkesin kalbine dokunur.",,Kostüm Karakteri,Şirin / Çocuk Ruhlu,8,8,8,,Yaygın,,,,,0,0,0,0,5,,,,,FALSE,TRUE,TRUE
LEGO® Minifigürler Serisi 18,lego-minifigurler-serisi-18,lego-minifigures-series-18,2018-04-01,Spider Suit Boy,spider-suit-boy,spider-suit-boy,13,col18-13,Spider Suit Boy,"Spider Suit Boy, korku ve mizahı birlikte sunar. Kostümüyle cesur ama şakacıdır. Neşeli, yaratıcı ve enerjiktir; hem güldürür hem de küçük sürprizler hazırlar.",,Eğlendirici,Cesur / Mizahi,8,8,8,,Yaygın,,,,,0,0,0,0,5,,,,,FALSE,TRUE,TRUE
LEGO® Minifigürler Serisi 18,lego-minifigurler-serisi-18,lego-minifigures-series-18,2018-04-01,Police Officer (Classic 1978 Reissue),police-officer-classic-1978-reissue,police-officer-classic-1978-reissue,14,col18-14,Police Officer (Classic 1978 Reissue),"Police Officer (Classic 1978 Reissue), LEGO tarihine saygı duruşudur. Onurlu, cesur ve adaletlidir. Nostalji değeri çok yüksektir; koleksiyoncular için özel bir yere sahiptir.",,Tarihi Karakter,Onurlu / Klasik,20,20,20,,Çok Nadir,,,,,0,0,0,0,4,,,,,FALSE,TRUE,TRUE
LEGO® Minifigürler Serisi 18,lego-minifigurler-serisi-18,lego-minifigures-series-18,2018-04-01,Balloon Artist Clown,balloon-artist-clown,balloon-artist-clown,15,col18-15,Balloon Artist Clown,"Balloon Artist Clown, renkli balonlarla şekiller yapıp herkesi güldüren yaratıcı bir komedyendir. Neşeli, pozitif ve üretkendir; partilerin kalbinde yer alır.",,Eğlendirici,Neşeli / Yaratıcı,9,9,9,,Yaygın,,,,,0,0,0,0,6,,,,,FALSE,TRUE,TRUE
LEGO® Minifigürler Serisi 18,lego-minifigurler-serisi-18,lego-minifigures-series-18,2018-04-01,Brick Suit Guy,brick-suit-guy,brick-suit-guy,16,col18-16,Brick Suit Guy,"Brick Suit Guy, LEGO ruhunu kostümüyle temsil eder. Mizahi, neşeli ve pozitif tavrıyla dikkat çeker. Yaratıcılığı teşvik eder; her ortama oyun ruhu taşır.",,LEGO Temsilcisi,Mizahi / Yaratıcı,8,8,8,,Nadir,,,,,0,0,0,0,5,,,,,FALSE,TRUE,TRUE
LEGO® Minifigürler Serisi 18,lego-minifigurler-serisi-18,lego-minifigures-series-18,2018-04-01,Brick Suit Girl,brick-suit-girl,brick-suit-girl,17,col18-17,Brick Suit Girl,"Brick Suit Girl, renkli blok kostümüyle partilerin yıldızıdır. Enerjik, sempatik ve pozitif bir karakterdir; girdiği her yere yaratıcı bir dokunuş getirir.",,LEGO Temsilcisi,Pozitif / Enerjik,8,8,8,,Nadir,,,,,0,0,0,0,5,,,,,FALSE,TRUE,TRUE
LEGO® Minifigürler Serisi Harry Potter and Fantastic Beasts,lego-minifigurler-serisi-harry-potter-and-fantastic-beasts,lego-minifigures-series-harry-potter-and-fantastic-beasts,2018-08-01,Harry Potter (Hogwarts Robes),harry-potter-hogwarts-robes,harry-potter-hogwarts-robes,1,colHPFB-1,Harry Potter (Hogwarts Robes),"Harry Potter, cesareti ve liderliğiyle karanlığa karşı durur. Her savaşı dostları için verir, her kararı inancıyla alır.",,Kahraman,Cesur / Fedakâr,9,9,9,,Yaygın,,,,,0,0,0,0,6,,,,,FALSE,TRUE,TRUE
LEGO® Minifigürler Serisi Harry Potter and Fantastic Beasts,lego-minifigurler-serisi-harry-potter-and-fantastic-beasts,lego-minifigures-series-harry-potter-and-fantastic-beasts,2018-08-01,Hermione Granger (Hogwarts Robes),hermione-granger-hogwarts-robes,hermione-granger-hogwarts-robes,2,colHPFB-2,Hermione Granger (Hogwarts Robes),"Hermione Granger, bilgeliğiyle büyü dünyasını aydınlatır. Akıllı, kararlı ve çözüm odaklıdır. Her zorluğun anahtarını bulur.",,Kahraman,Zeki / Kararlı,9,9,9,,Yaygın,,,,,0,0,0,0,6,,,,,FALSE,TRUE,TRUE
LEGO® Minifigürler Serisi Harry Potter and Fantastic Beasts,lego-minifigurler-serisi-harry-potter-and-fantastic-beasts,lego-minifigures-series-harry-potter-and-fantastic-beasts,2018-08-01,Ron Weasley (Hogwarts Robes),ron-weasley-hogwarts-robes,ron-weasley-hogwarts-robes,3,colHPFB-3,Ron Weasley (Hogwarts Robes),"Ron Weasley, dostluğun en saf halidir. Neşeli, sadık ve içten bir kalbe sahiptir. Her korkusunu cesaretle yener.",,Kahraman,Sadık / Neşeli,9,9,9,,Yaygın,,,,,0,0,0,0,6,,,,,FALSE,TRUE,TRUE
LEGO® Minifigürler Serisi Harry Potter and Fantastic Beasts,lego-minifigurler-serisi-harry-potter-and-fantastic-beasts,lego-minifigures-series-harry-potter-and-fantastic-beasts,2018-08-01,Draco Malfoy,draco-malfoy,draco-malfoy,4,colHPFB-4,Draco Malfoy,"Draco Malfoy, gururu ve rekabetiyle tanınır. Zeki, kibirli ama içten içe çatışma yaşayan bir karakterdir.",,Rakip,Zeki / Kibirli,9,9,9,,Nadir,,,,,0,0,0,0,6,,,,,FALSE,TRUE,TRUE
LEGO® Minifigürler Serisi Harry Potter and Fantastic Beasts,lego-minifigurler-serisi-harry-potter-and-fantastic-beasts,lego-minifigures-series-harry-potter-and-fantastic-beasts,2018-08-01,Neville Longbottom (Mandrake),neville-longbottom-mandrake,neville-longbottom-mandrake,5,colHPFB-5,Neville Longbottom (Mandrake),"Neville Longbottom, korkaklığını cesarete dönüştüren gizli kahramandır. Saf, içten ve kararlıdır.",,Kahraman,Saf / Kararlı,9,9,9,,Yaygın,,,,,0,0,0,0,6,,,,,FALSE,TRUE,TRUE
LEGO® Minifigürler Serisi Harry Potter and Fantastic Beasts,lego-minifigurler-serisi-harry-potter-and-fantastic-beasts,lego-minifigures-series-harry-potter-and-fantastic-beasts,2018-08-01,Cho Chang,cho-chang,cho-chang,6,colHPFB-6,Cho Chang,"Cho Chang, zarafetiyle dikkat çeker. Duygusal, nazik ve vefalı bir ruha sahiptir.",,Kahraman,Nazik / Duygusal,8,8,8,,Yaygın,,,,,0,0,0,0,5,,,,,FALSE,TRUE,TRUE
LEGO® Minifigürler Serisi Harry Potter and Fantastic Beasts,lego-minifigurler-serisi-harry-potter-and-fantastic-beasts,lego-minifigures-series-harry-potter-and-fantastic-beasts,2018-08-01,Dean Thomas,dean-thomas,dean-thomas,7,colHPFB-7,Dean Thomas,"Dean Thomas, sadakatiyle bilinir. Sanatçı ruhlu, yardımsever ve adaletlidir.",,Kahraman,Sanatçı Ruhlu / Adaletli,8,8,8,,Yaygın,,,,,0,0,0,0,5,,,,,FALSE,TRUE,TRUE
LEGO® Minifigürler Serisi Harry Potter and Fantastic Beasts,lego-minifigurler-serisi-harry-potter-and-fantastic-beasts,lego-minifigures-series-harry-potter-and-fantastic-beasts,2018-08-01,Lord Voldemort,lord-voldemort,lord-voldemort,8,colHPFB-8,Lord Voldemort,"Lord Voldemort, karanlığın mutlak efendisidir. Acımasız, zeki ve güce aç bir karakterdir.",,Kötü Karakter,Acımasız / Zeki,12,12,12,,Çok Nadir,,,,,0,0,0,0,6,,,,,FALSE,TRUE,TRUE
LEGO® Minifigürler Serisi Harry Potter and Fantastic Beasts,lego-minifigurler-serisi-harry-potter-and-fantastic-beasts,lego-minifigures-series-harry-potter-and-fantastic-beasts,2018-08-01,Dobby,dobby,dobby,9,colHPFB-9,Dobby,"Dobby, özgürlüğün simgesidir. Cesur, duygusal ve fedakârdır. Her fedakârlığı sevgiyle yapar.",,Kahraman,Fedakâr / Duygusal,11,11,11,,Çok Nadir,,,,,0,0,0,0,6,,,,,FALSE,TRUE,TRUE
LEGO® Minifigürler Serisi Harry Potter and Fantastic Beasts,lego-minifigurler-serisi-harry-potter-and-fantastic-beasts,lego-minifigures-series-harry-potter-and-fantastic-beasts,2018-08-01,Cedric Diggory,cedric-diggory,cedric-diggory,10,colHPFB-10,Cedric Diggory,"Cedric Diggory, adaletin ve dürüstlüğün simgesidir. Cesur, asil ve centilmendir.",,Kahraman,Asil / Dürüst,10,10,10,,Nadir,,,,,0,0,0,0,6,,,,,FALSE,TRUE,TRUE
LEGO® Minifigürler Serisi Harry Potter and Fantastic Beasts,lego-minifigurler-serisi-harry-potter-and-fantastic-beasts,lego-minifigures-series-harry-potter-and-fantastic-beasts,2018-08-01,Mad-Eye Moody,mad-eye-moody,mad-eye-moody,11,colHPFB-11,Mad-Eye Moody,"Mad-Eye Moody, disiplinin ve temkinin ustasıdır. Paranoid ama bilge bir savaşçıdır.",,Bilge Karakter,Temkinli / Bilge,10,10,10,,Nadir,,,,,0,0,0,0,6,,,,,FALSE,TRUE,TRUE
LEGO® Minifigürler Serisi Harry Potter and Fantastic Beasts,lego-minifigurler-serisi-harry-potter-and-fantastic-beasts,lego-minifigures-series-harry-potter-and-fantastic-beasts,2018-08-01,Professor Flitwick,professor-flitwick,professor-flitwick,12,colHPFB-12,Professor Flitwick,"Professor Flitwick, eğlenceli bir büyü öğretmenidir. Kısa boyuna rağmen büyük bir kalbi vardır.",,Bilge Karakter,Eğlenceli / Öğretici,9,9,9,,Yaygın,,,,,0,0,0,0,6,,,,,FALSE,TRUE,TRUE
LEGO® Minifigürler Serisi Harry Potter and Fantastic Beasts,lego-minifigurler-serisi-harry-potter-and-fantastic-beasts,lego-minifigures-series-harry-potter-and-fantastic-beasts,2018-08-01,Albus Dumbledore (Classic Robes),albus-dumbledore-classic-robes,albus-dumbledore-classic-robes,13,colHPFB-13,Albus Dumbledore (Classic Robes),"Albus Dumbledore, bilgelik ve affediciliğin sembolüdür. Güçlü, vizyoner ve sevgi doludur.",,Bilge Karakter,Vizyoner / Merhametli,11,11,11,,Çok Nadir,,,,,0,0,0,0,6,,,,,FALSE,TRUE,TRUE
LEGO® Minifigürler Serisi Harry Potter and Fantastic Beasts,lego-minifigurler-serisi-harry-potter-and-fantastic-beasts,lego-minifigures-series-harry-potter-and-fantastic-beasts,2018-08-01,Harry Potter (School Uniform),harry-potter-school-uniform,harry-potter-school-uniform,14,colHPFB-14,Harry Potter (School Uniform),"Harry Potter (Uniform), gençliğin umut dolu halidir. Heyecanlı, kararlı ve cesurdur.",,Kahraman,Cesur / Genç,9,9,9,,Yaygın,,,,,0,0,0,0,6,,,,,FALSE,TRUE,TRUE
LEGO® Minifigürler Serisi Harry Potter and Fantastic Beasts,lego-minifigurler-serisi-harry-potter-and-fantastic-beasts,lego-minifigures-series-harry-potter-and-fantastic-beasts,2018-08-01,Newt Scamander,newt-scamander,newt-scamander,15,colHPFB-15,Newt Scamander,"Newt Scamander, büyü yaratıklarının dostudur. Merhametli, sabırlı ve doğa aşığıdır.",,Kahraman,Merhametli / Doğasever,11,11,11,,Nadir,,,,,0,0,0,0,6,,,,,FALSE,TRUE,TRUE
LEGO® Minifigürler Serisi Harry Potter and Fantastic Beasts,lego-minifigurler-serisi-harry-potter-and-fantastic-beasts,lego-minifigures-series-harry-potter-and-fantastic-beasts,2018-08-01,Tina Goldstein,tina-goldstein,tina-goldstein,16,colHPFB-16,Tina Goldstein,"Tina Goldstein, görevine bağlı bir kahramandır. Ciddi, dürüst ve yardımseverdir.",,Kahraman,Dürüst / Ciddi,9,9,9,,Yaygın,,,,,0,0,0,0,6,,,,,FALSE,TRUE,TRUE
LEGO® Minifigürler Serisi Harry Potter and Fantastic Beasts,lego-minifigurler-serisi-harry-potter-and-fantastic-beasts,lego-minifigures-series-harry-potter-and-fantastic-beasts,2018-08-01,Jacob Kowalski,jacob-kowalski,jacob-kowalski,17,colHPFB-17,Jacob Kowalski,"Jacob Kowalski, büyü dünyasında kalbiyle yer alan bir insandır. Komik, sevecen ve saf kalplidir.",,Eğlenceli Karakter,Mizahi / Saf Kalpli,8,8,8,,Yaygın,,,,,0,0,0,0,5,,,,,FALSE,TRUE,TRUE
LEGO® Minifigürler Serisi Harry Potter and Fantastic Beasts,lego-minifigurler-serisi-harry-potter-and-fantastic-beasts,lego-minifigures-series-harry-potter-and-fantastic-beasts,2018-08-01,Queenie Goldstein,queenie-goldstein,queenie-goldstein,18,colHPFB-18,Queenie Goldstein,"Queenie Goldstein, empati ve zarafetin sembolüdür. Neşeli, duygusal ve büyüleyicidir.",,Kahraman,Neşeli / Empatik,9,9,9,,Nadir,,,,,0,0,0,0,5,,,,,FALSE,TRUE,TRUE
LEGO® Minifigürler Serisi Harry Potter and Fantastic Beasts,lego-minifigurler-serisi-harry-potter-and-fantastic-beasts,lego-minifigures-series-harry-potter-and-fantastic-beasts,2018-08-01,Credence Barebone,credence-barebone,credence-barebone,19,colHPFB-19,Credence Barebone,"Credence Barebone, bastırılmış gücün ve kimlik arayışının temsilcisidir. Kırılgan ama güçlüdür.",,Kırılgan Karakter,Güçlü / Duygusal,10,10,10,,Nadir,,,,,0,0,0,0,6,,,,,FALSE,TRUE,TRUE
LEGO® Minifigürler Serisi Harry Potter and Fantastic Beasts,lego-minifigurler-serisi-harry-potter-and-fantastic-beasts,lego-minifigures-series-harry-potter-and-fantastic-beasts,2018-08-01,Percival Graves,percival-graves,percival-graves,20,colHPFB-20,Percival Graves,"Percival Graves, otoriter bir figürdür. Karizmatik ama gizemli bir karanlığa sahiptir.",,Karanlık Karakter,Karizmatik / Gizemli,11,11,11,,Nadir,,,,,0,0,0,0,6,,,,,FALSE,TRUE,TRUE
LEGO® Minifigürler Serisi Harry Potter and Fantastic Beasts,lego-minifigurler-serisi-harry-potter-and-fantastic-beasts,lego-minifigures-series-harry-potter-and-fantastic-beasts,2018-08-01,Grindelwald (Transforming Version),grindelwald-transforming-version,grindelwald-transforming-version,21,colHPFB-21,Grindelwald (Transforming Version),"Grindelwald, manipülasyonun ustasıdır. Büyüleyici, karizmatik ve acımasızdır.",,Kötü Karakter,Manipülatif / Karizmatik,12,12,12,,Çok Nadir,,,,,0,0,0,0,6,,,,,FALSE,TRUE,TRUE
LEGO® Minifigürler Serisi Harry Potter and Fantastic Beasts,lego-minifigurler-serisi-harry-potter-and-fantastic-beasts,lego-minifigures-series-harry-potter-and-fantastic-beasts,2018-08-01,Niffler,niffler,niffler,22,colHPFB-22,Niffler,"Niffler, altın ve parlak nesnelerin peşinde koşan eğlenceli bir yaratıktır. Sevimli, açgözlü ama sempatiktir.",,Fantastik Yaratık,Eğlenceli / Açgözlü,10,10,10,,Nadir,,,,,0,0,0,0,5,,,,,FALSE,TRUE,TRUE
LEGO® Minifigürler Serisi Unikitty!,lego-minifigurler-serisi-unikitty,lego-minifigures-series-unikitty,2018-08-01,Unikitty (Classic Smile),unikitty-classic-smile,unikitty-classic-smile,1,colUK-1,Unikitty (Classic Smile),"Unikitty (Classic Smile), her güne neşeyle başlayan bir karakterdir. Renkli boynuzuyla pozitifliği simgeler. Her durumda gülümser.",,Duygusal Kahraman,Neşeli / Pozitif,8,8,8,,Yaygın,,,,,0,0,0,0,6,,,,,FALSE,TRUE,TRUE
LEGO® Minifigürler Serisi Unikitty!,lego-minifigurler-serisi-unikitty,lego-minifigures-series-unikitty,2018-08-01,Unikitty (Angry),unikitty-angry,unikitty-angry,2,colUK-2,Unikitty (Angry),"Unikitty (Angry), öfkesini bile tatlı gösterir. Duygusal, dürüst ve içten tepkiler verir.",,Duygusal Kahraman,Kızgın / İçten,8,8,8,,Yaygın,,,,,0,0,0,0,6,,,,,FALSE,TRUE,TRUE
LEGO® Minifigürler Serisi Unikitty!,lego-minifigurler-serisi-unikitty,lego-minifigures-series-unikitty,2018-08-01,Unikitty (Sleepy),unikitty-sleepy,unikitty-sleepy,3,colUK-3,Unikitty (Sleepy),"Unikitty (Sleepy), dinlenmeyi seven bir karakterdir. Yorgun ama huzurludur. Uykusunda bile sevimlidir.",,Duygusal Kahraman,Huzurlu / Uykucu,8,8,8,,Yaygın,,,,,0,0,0,0,6,,,,,FALSE,TRUE,TRUE
LEGO® Minifigürler Serisi Unikitty!,lego-minifigurler-serisi-unikitty,lego-minifigures-series-unikitty,2018-08-01,Unikitty (Surprised),unikitty-surprised,unikitty-surprised,4,colUK-4,Unikitty (Surprised),"Unikitty (Surprised), meraklı ve enerjiktir. Her yeni şey karşısında şaşırarak tepki verir.",,Duygusal Kahraman,Meraklı / Enerjik,8,8,8,,Yaygın,,,,,0,0,0,0,6,,,,,FALSE,TRUE,TRUE
LEGO® Minifigürler Serisi Unikitty!,lego-minifigurler-serisi-unikitty,lego-minifigures-series-unikitty,2018-08-01,Unikitty (Sad),unikitty-sad,unikitty-sad,5,colUK-5,Unikitty (Sad),"Unikitty (Sad), duygularını gizlemez. Üzüntüsü bile içten ve samimidir. Empati gücü yüksektir.",,Duygusal Kahraman,Üzgün / Empatik,8,8,8,,Yaygın,,,,,0,0,0,0,6,,,,,FALSE,TRUE,TRUE
LEGO® Minifigürler Serisi Unikitty!,lego-minifigurler-serisi-unikitty,lego-minifigures-series-unikitty,2018-08-01,Unikitty (Happy),unikitty-happy,unikitty-happy,6,colUK-6,Unikitty (Happy),"Unikitty (Happy), sevincini paylaşarak çoğaltır. Umudu temsil eder.",,Duygusal Kahraman,Sevinçli / Umutlu,8,8,8,,Yaygın,,,,,0,0,0,0,6,,,,,FALSE,TRUE,TRUE
LEGO® Minifigürler Serisi Unikitty!,lego-minifigurler-serisi-unikitty,lego-minifigures-series-unikitty,2018-08-01,Unikitty (Confused),unikitty-confused,unikitty-confused,7,colUK-7,Unikitty (Confused),"Unikitty (Confused), kafası karıştığında bile pozitif kalır. Her durumu anlamaya çalışır.",,Duygusal Kahraman,Kararsız / İyi Niyetli,8,8,8,,Yaygın,,,,,0,0,0,0,6,,,,,FALSE,TRUE,TRUE
LEGO® Minifigürler Serisi Unikitty!,lego-minifigurler-serisi-unikitty,lego-minifigures-series-unikitty,2018-08-01,Unikitty (Royal),unikitty-royal,unikitty-royal,8,colUK-8,Unikitty (Royal),"Unikitty (Royal), zarafetiyle öne çıkar. Kraliyet duruşuyla liderlik yapar ama kalbi sevgi doludur.",,Kraliyet Karakteri,Zarif / Sevgi Dolu,9,9,9,,Nadir,,,,,0,0,0,0,6,,,,,FALSE,TRUE,TRUE
LEGO® Minifigürler Serisi Unikitty!,lego-minifigurler-serisi-unikitty,lego-minifigures-series-unikitty,2018-08-01,Puppycorn (Classic),puppycorn-classic,puppycorn-classic,9,colUK-9,Puppycorn (Classic),"Puppycorn (Classic), enerjik, sadık ve neşelidir. Her an oyuna hazırdır.",,Yardımcı,Enerjik / Sadık,8,8,8,,Yaygın,,,,,0,0,0,0,6,,,,,FALSE,TRUE,TRUE
LEGO® Minifigürler Serisi Unikitty!,lego-minifigurler-serisi-unikitty,lego-minifigures-series-unikitty,2018-08-01,Puppycorn (Surprised),puppycorn-surprised,puppycorn-surprised,10,colUK-10,Puppycorn (Surprised),"Puppycorn (Surprised), şaşırdığında bile gülümser. Naif ve saf tepkileriyle sevimlidir.",,Yardımcı,Saf / Şaşkın,8,8,8,,Yaygın,,,,,0,0,0,0,6,,,,,FALSE,TRUE,TRUE
LEGO® Minifigürler Serisi Unikitty!,lego-minifigurler-serisi-unikitty,lego-minifigures-series-unikitty,2018-08-01,Puppycorn (Sleepy),puppycorn-sleepy,puppycorn-sleepy,11,colUK-11,Puppycorn (Sleepy),"Puppycorn (Sleepy), günün sonunda dinlenmeyi hak eden sadık bir dosttur. Tatlı uykular onun uzmanlık alanıdır.",,Yardımcı,Huzurlu / Sevimli,8,8,8,,Yaygın,,,,,0,0,0,0,6,,,,,FALSE,TRUE,TRUE
LEGO® Minifigürler Serisi Unikitty!,lego-minifigurler-serisi-unikitty,lego-minifigures-series-unikitty,2018-08-01,Puppycorn (Happy),puppycorn-happy,puppycorn-happy,12,colUK-12,Puppycorn (Happy),"Puppycorn (Happy), neşesiyle etrafını aydınlatır. Kardeşi Unikitty kadar sevgi doludur.",,Yardımcı,Mutlu / Canlı,8,8,8,,Yaygın,,,,,0,0,0,0,6,,,,,FALSE,TRUE,TRUE
LEGO® Minifigürler Serisi The Lego Movie 2,lego-minifigurler-serisi-the-lego-movie-2,lego-minifigures-series-the-lego-movie-2,2019-02-01,Awesome Remix Emmet,awesome-remix-emmet,awesome-remix-emmet,1,colLM2-1,Awesome Remix Emmet,"Awesome Remix Emmet, müzik ritmini kalbinde hisseder. Hayal gücü ve iyimserliğiyle her zorluğu dansa dönüştürür.",,Müzik Kahramanı,Neşeli / Yaratıcı,9,9,9,,Yaygın,,,,,0,0,0,0,5,,,,,FALSE,TRUE,TRUE
LEGO® Minifigürler Serisi The Lego Movie 2,lego-minifigurler-serisi-the-lego-movie-2,lego-minifigures-series-the-lego-movie-2,2019-02-01,Battle-Ready Lucy,battle-ready-lucy,battle-ready-lucy,2,colLM2-2,Battle-Ready Lucy,"Battle-Ready Lucy, sertleşmiş bir dünyada bile umudunu korur. Cesaretiyle ilham verir.",,Direniş Lideri,Cesur / Kararlı,10,10,10,,Nadir,,,,,0,0,0,0,6,,,,,FALSE,TRUE,TRUE
LEGO® Minifigürler Serisi The Lego Movie 2,lego-minifigurler-serisi-the-lego-movie-2,lego-minifigures-series-the-lego-movie-2,2019-02-01,Apocalypse Benny,apocalypse-benny,apocalypse-benny,3,colLM2-3,Apocalypse Benny,"Apocalypse Benny, kaskı kırılmış ama morali yüksek uzay maceracısıdır. Eski günlerin neşesini taşır.",,Nostaljik Kahraman,Komik / Dayanıklı,11,11,11,,Nadir,,,,,0,0,0,0,5,,,,,FALSE,TRUE,TRUE
LEGO® Minifigürler Serisi The Lego Movie 2,lego-minifigurler-serisi-the-lego-movie-2,lego-minifigures-series-the-lego-movie-2,2019-02-01,Giraffe Guy,giraffe-guy,giraffe-guy,4,colLM2-4,Giraffe Guy,"Giraffe Guy, dev kostümüyle kalabalıkta hemen fark edilir. Eğlenceli, sevimli ve dikkat çekicidir.",,Kostümlü Karakter,Eğlenceli / Sevimli,8,8,8,,Yaygın,,,,,0,0,0,0,5,,,,,FALSE,TRUE,TRUE
LEGO® Minifigürler Serisi The Lego Movie 2,lego-minifigurler-serisi-the-lego-movie-2,lego-minifigures-series-the-lego-movie-2,2019-02-01,Crayon Girl,crayon-girl,crayon-girl,5,colLM2-5,Crayon Girl,"Crayon Girl, yaratıcılığı temsil eder. Renkleriyle karanlığı boyar, umudu yeniden çizer.",,Sanatçı,Renkli / Hayalperest,8,8,8,,Yaygın,,,,,0,0,0,0,5,,,,,FALSE,TRUE,TRUE
LEGO® Minifigürler Serisi The Lego Movie 2,lego-minifigurler-serisi-the-lego-movie-2,lego-minifigures-series-the-lego-movie-2,2019-02-01,Sherry Scratchen-Post & Cat,sherry-scratchen-post-cat,sherry-scratchen-post-cat,6,colLM2-6,Sherry Scratchen-Post & Cat,"Sherry Scratchen-Post & Cat, hayvan sevgisini her haliyle yaşatır. Kaotik ama komik bir enerjisi vardır.",,Hayvansever,Komik / Dağınık,9,9,9,,Nadir,,,,,0,0,0,0,6,,,,,FALSE,TRUE,TRUE
LEGO® Minifigürler Serisi The Lego Movie 2,lego-minifigurler-serisi-the-lego-movie-2,lego-minifigures-series-the-lego-movie-2,2019-02-01,Candy Rapper,candy-rapper,candy-rapper,7,colLM2-7,Candy Rapper,"Candy Rapper, sahnelerin yıldızıdır. Tatlı, ritmik ve özgüvenlidir. Mikrofonu eline aldığında dünya susar.",,Pop Yıldızı,Ritmik / Parlak,10,10,10,,Nadir,,,,,0,0,0,0,6,,,,,FALSE,TRUE,TRUE
LEGO® Minifigürler Serisi The Lego Movie 2,lego-minifigurler-serisi-the-lego-movie-2,lego-minifigures-series-the-lego-movie-2,2019-02-01,Gone Golfin’ President Business,gone-golfin-president-business,gone-golfin-president-business,8,colLM2-8,Gone Golfin’ President Business,"Gone Golfin’ President Business, iş stresini golfle atan bir patrondur. Artık daha rahat, mizahi bir karakterdir.",,Mizahi Yönetici,Rahat / Esprili,9,9,9,,Yaygın,,,,,0,0,0,0,5,,,,,FALSE,TRUE,TRUE
LEGO® Minifigürler Serisi The Lego Movie 2,lego-minifigurler-serisi-the-lego-movie-2,lego-minifigures-series-the-lego-movie-2,2019-02-01,Apocalypseburg Abe,apocalypseburg-abe,apocalypseburg-abe,9,colLM2-9,Apocalypseburg Abe,"Apocalypseburg Abe, klasik liderliğini kaybetmiş ama mizahını korumuştur. Kaos içinde düzen arar.",,Klasik Lider,Mizahi / Deneyimli,9,9,9,,Yaygın,,,,,0,0,0,0,6,,,,,FALSE,TRUE,TRUE
LEGO® Minifigürler Serisi The Lego Movie 2,lego-minifigurler-serisi-the-lego-movie-2,lego-minifigures-series-the-lego-movie-2,2019-02-01,Vest Friend Rex,vest-friend-rex,vest-friend-rex,10,colLM2-10,Vest Friend Rex,"Vest Friend Rex, dinamik, enerjik ve kahraman ruhludur. Dinozor dostlarıyla her maceraya atılmaya hazırdır.",,Kahraman Maceracı,Enerjik / Cesur,11,11,11,,Nadir,,,,,0,0,0,0,6,,,,,FALSE,TRUE,TRUE
LEGO® Minifigürler Serisi The Lego Movie 2,lego-minifigurler-serisi-the-lego-movie-2,lego-minifigures-series-the-lego-movie-2,2019-02-01,Kitty Pop,kitty-pop,kitty-pop,11,colLM2-11,Kitty Pop,"Kitty Pop, müziğiyle evreni renklendirir. Pozitifliğiyle sahneyi ışığa boğar.",,Müzik Karakteri,Parlak / Neşeli,9,9,9,,Yaygın,,,,,0,0,0,0,5,,,,,FALSE,TRUE,TRUE
LEGO® Minifigürler Serisi The Lego Movie 2,lego-minifigurler-serisi-the-lego-movie-2,lego-minifigures-series-the-lego-movie-2,2019-02-01,Watermelon Dude,watermelon-dude,watermelon-dude,12,colLM2-12,Watermelon Dude,"Watermelon Dude, yaz ruhunu taşır. Serinlik ve eğlenceyi simgeler.",,Eğlenceli Karakter,Yaz Ruhlu / Komik,8,8,8,,Yaygın,,,,,0,0,0,0,5,,,,,FALSE,TRUE,TRUE
LEGO® Minifigürler Serisi The Lego Movie 2,lego-minifigurler-serisi-the-lego-movie-2,lego-minifigures-series-the-lego-movie-2,2019-02-01,Flashback Lucy,flashback-lucy,flashback-lucy,13,colLM2-13,Flashback Lucy,"Flashback Lucy, geçmişin masumiyetini hatırlatır. Eski günlerin coşkusunu yansıtır.",,Flashback Versiyonu,Masum / Duygusal,8,8,8,,Yaygın,,,,,0,0,0,0,5,,,,,FALSE,TRUE,TRUE
LEGO® Minifigürler Serisi The Lego Movie 2,lego-minifigurler-serisi-the-lego-movie-2,lego-minifigures-series-the-lego-movie-2,2019-02-01,Hula Lula,hula-lula,hula-lula,14,colLM2-14,Hula Lula,"Hula Lula, tropikal müziğin ve ritmin temsilcisidir. Danslarıyla neşe saçar.",,Dansçı,Tropikal / Pozitif,9,9,9,,Yaygın,,,,,0,0,0,0,6,,,,,FALSE,TRUE,TRUE
LEGO® Minifigürler Serisi The Lego Movie 2,lego-minifigurler-serisi-the-lego-movie-2,lego-minifigures-series-the-lego-movie-2,2019-02-01,Dorothy Gale & Toto,dorothy-gale-toto,dorothy-gale-toto,15,colLM2-15,Dorothy Gale & Toto,"Dorothy Gale & Toto, klasik hikâyeden gelen saf bir ruhtur. Cesur ve dost canlısıdır.",,Masal Kahramanı,Saf / Cesur,10,10,10,,Nadir,,,,,0,0,0,0,6,,,,,FALSE,TRUE,TRUE
LEGO® Minifigürler Serisi The Lego Movie 2,lego-minifigurler-serisi-the-lego-movie-2,lego-minifigures-series-the-lego-movie-2,2019-02-01,Cowardly Lion,cowardly-lion,cowardly-lion,16,colLM2-16,Cowardly Lion,"Cowardly Lion, korkularına rağmen savaşır. Kalbiyle kahraman olur.",,Korkak Kahraman,Sevimli / İçten,10,10,10,,Nadir,,,,,0,0,0,0,6,,,,,FALSE,TRUE,TRUE
LEGO® Minifigürler Serisi Disney 2,lego-minifigurler-serisi-disney-2,lego-minifigures-series-disney-2,2019-05-01,Scarecrow,scarecrow,scarecrow,1,colLM2-17,Scarecrow,"Scarecrow, bilgeliğini samimiyetle taşır. Saf ama yardımseverdir.",,Bilge Yardımcı,Saf / Yardımsever,10,10,10,,Nadir,,,,,0,0,0,0,6,,,,,FALSE,TRUE,TRUE
LEGO® Minifigürler Serisi Disney 2,lego-minifigurler-serisi-disney-2,lego-minifigures-series-disney-2,2019-05-01,Tin Man,tin-man,tin-man,2,colLM2-18,Tin Man,"Tin Man, duygularını keşfetmeye çalışan metal kalpli bir kahramandır.",,Metal Kahraman,Duygusal / Güçlü,11,11,11,,Nadir,,,,,0,0,0,0,6,,,,,FALSE,TRUE,TRUE
LEGO® Minifigürler Serisi Disney 2,lego-minifigurler-serisi-disney-2,lego-minifigures-series-disney-2,2019-05-01,Unikitty (Angry Mode),unikitty-angry-mode,unikitty-angry-mode,3,colLM2-19,Unikitty (Angry Mode),"Unikitty (Angry Mode), öfkesini renk patlamalarıyla dışa vurur. Duygusal ama güçlüdür.",,Duygusal Kahraman,Öfkeli / Renkli,12,12,12,,Çok Nadir,,,,,0,0,0,0,6,,,,,FALSE,TRUE,TRUE
LEGO® Minifigürler Serisi Disney 2,lego-minifigurler-serisi-disney-2,lego-minifigures-series-disney-2,2019-05-01,Swamp Monster,swamp-monster,swamp-monster,4,colLM2-20,Swamp Monster,"Swamp Monster, bataklıktan gelen gizemli bir figürdür. Sakin ama ürkütücüdür.",,Canavar Karakter,Sakin / Gizemli,9,9,9,,Nadir,,,,,0,0,0,0,5,,,,,FALSE,TRUE,TRUE
LEGO® Minifigürler Serisi Disney 2,lego-minifigurler-serisi-disney-2,lego-minifigures-series-disney-2,2019-05-01,Chip,chip,chip,5,colDIS2-5,Chip,"Chip, zekası ve enerjisiyle dikkat çeker. Neşeli, çalışkan ve yardımseverdir. Dostluk onun için en büyük hazine gibidir.",,Kahraman,Çalışkan / Yardımsever,9,9,9,,Yaygın,,,,,0,0,0,0,5,,,,,FALSE,TRUE,TRUE
LEGO® Minifigürler Serisi Disney 2,lego-minifigurler-serisi-disney-2,lego-minifigures-series-disney-2,2019-05-01,Dale,dale,dale,6,colDIS2-6,Dale,"Dale, şakacı ve rahat bir karakterdir. Eğlenceli, yaramaz ve samimidir. Her sorunu gülerek çözer.",,Kahraman,Eğlenceli / Samimi,9,9,9,,Yaygın,,,,,0,0,0,0,5,,,,,FALSE,TRUE,TRUE
LEGO® Minifigürler Serisi Disney 2,lego-minifigurler-serisi-disney-2,lego-minifigures-series-disney-2,2019-05-01,Elsa (Frozen),elsa-frozen,elsa-frozen,7,colDIS2-7,Elsa (Frozen),"Elsa, buzların kraliçesidir. Güçlü, zarif ve duygusaldır. Korkularını güce dönüştürür.",,Kahraman,Güçlü / Zarif,11,11,11,,Çok Nadir,,,,,0,0,0,0,6,,,,,FALSE,TRUE,TRUE
LEGO® Minifigürler Serisi Disney 2,lego-minifigurler-serisi-disney-2,lego-minifigures-series-disney-2,2019-05-01,Anna (Frozen),anna-frozen,anna-frozen,8,colDIS2-8,Anna (Frozen),"Anna, umudun ve kardeşliğin sembolüdür. Neşeli, kararlı ve cesurdur. Her engeli sevgiyle aşar.",,Kahraman,Neşeli / Kararlı,10,10,10,,Nadir,,,,,0,0,0,0,6,,,,,FALSE,TRUE,TRUE
LEGO® Minifigürler Serisi Disney 2,lego-minifigurler-serisi-disney-2,lego-minifigures-series-disney-2,2019-05-01,Jafar (Aladdin),jafar-aladdin,jafar-aladdin,9,colDIS2-9,Jafar (Aladdin),"Jafar, hırsın karanlık yüzüdür. Zeki, manipülatif ve acımasızdır. Gücü her şeyin üstünde görür.",,Kötü Karakter,Zeki / Manipülatif,10,10,10,,Nadir,,,,,0,0,0,0,6,,,,,FALSE,TRUE,TRUE
LEGO® Minifigürler Serisi Disney 2,lego-minifigurler-serisi-disney-2,lego-minifigures-series-disney-2,2019-05-01,Jasmine (Aladdin),jasmine-aladdin,jasmine-aladdin,10,colDIS2-10,Jasmine (Aladdin),"Jasmine, özgürlüğün ve asaletin sesidir. Cesur, kararlı ve duygusaldır. Her kararıyla bağımsızlığını savunur.",,Kahraman,Cesur / Duygusal,10,10,10,,Nadir,,,,,0,0,0,0,6,,,,,FALSE,TRUE,TRUE
LEGO® Minifigürler Serisi Disney 2,lego-minifigurler-serisi-disney-2,lego-minifigures-series-disney-2,2019-05-01,Hades (Hercules),hades-hercules,hades-hercules,11,colDIS2-11,Hades (Hercules),"Hades, mizah dolu bir kötüdür. Zeki, sabırsız ve alaycıdır. Her planı ateşle oynar.",,Kötü Karakter,Zeki / Alaycı,11,11,11,,Çok Nadir,,,,,0,0,0,0,6,,,,,FALSE,TRUE,TRUE
LEGO® Minifigürler Serisi Disney 2,lego-minifigurler-serisi-disney-2,lego-minifigures-series-disney-2,2019-05-01,Hercules,hercules,hercules,12,colDIS2-12,Hercules,"Hercules, kahramanlığın ve azmin sembolüdür. Güçlü, saf kalpli ve cesurdur. Her zorluğu inancıyla aşar.",,Kahraman,Güçlü / Saf Kalpli,10,10,10,,Nadir,,,,,0,0,0,0,6,,,,,FALSE,TRUE,TRUE
LEGO® Minifigürler Serisi Disney 2,lego-minifigurler-serisi-disney-2,lego-minifigures-series-disney-2,2019-05-01,Edna Mode (Incredibles),edna-mode-incredibles,edna-mode-incredibles,13,colDIS2-13,Edna Mode (Incredibles),"Edna Mode, modanın dahi tasarımcısıdır. Zeki, kararlı ve özgün bir karakterdir. Her hatayı stiliyle düzeltir.",,Bilge Karakter,Zeki / Özgün,9,9,9,,Nadir,,,,,0,0,0,0,5,,,,,FALSE,TRUE,TRUE
LEGO® Minifigürler Serisi Disney 2,lego-minifigurler-serisi-disney-2,lego-minifigures-series-disney-2,2019-05-01,Frozone (Incredibles),frozone-incredibles,frozone-incredibles,14,colDIS2-14,Frozone (Incredibles),"Frozone, soğukkanlılığın ve hızın ustasıdır. Mizahi, kontrollü ve karizmatiktir. Her anı buz gibi sakinlikle yönetir.",,Kahraman,Mizahi / Kontrollü,10,10,10,,Nadir,,,,,0,0,0,0,6,,,,,FALSE,TRUE,TRUE
LEGO® Minifigürler Serisi Disney 2,lego-minifigurler-serisi-disney-2,lego-minifigures-series-disney-2,2019-05-01,Jack Skellington,jack-skellington,jack-skellington,15,colDIS2-15,Jack Skellington,"Jack Skellington, hayalet kasabanın meraklı kralıdır. Sanatçı ruhlu, karizmatik ve özgür düşüncelidir. Korkuyu bile eğlenceye çevirir.",,Kahraman,Sanatçı Ruhlu / Karizmatik,11,11,11,,Çok Nadir,,,,,0,0,0,0,6,,,,,FALSE,TRUE,TRUE
LEGO® Minifigürler Serisi Disney 2,lego-minifigurler-serisi-disney-2,lego-minifigures-series-disney-2,2019-05-01,Sally (Nightmare Before Christmas),sally-nightmare-before-christmas,sally-nightmare-before-christmas,16,colDIS2-16,Sally (Nightmare Before Christmas),"Sally, sevginin ve cesaretin sembolüdür. Nazik, bilge ve özverilidir. Her korkunun ardında umut arar.",,Kahraman,Nazik / Bilge,10,10,10,,Nadir,,,,,0,0,0,0,6,,,,,FALSE,TRUE,TRUE
LEGO® Minifigürler Serisi Disney 2,lego-minifigurler-serisi-disney-2,lego-minifigures-series-disney-2,2019-05-01,Vintage Mickey,vintage-mickey,vintage-mickey,17,colDIS2-17,Vintage Mickey,"Vintage Mickey, animasyon tarihinin ilk yıldızıdır. Neşeli, pozitif ve ikonik bir karakterdir. Her macerada umut taşır.",,Kahraman,Neşeli / İkonik,12,12,12,,Çok Nadir,,,,,0,0,0,0,5,,,,,FALSE,TRUE,TRUE
LEGO® Minifigürler Serisi Disney 2,lego-minifigurler-serisi-disney-2,lego-minifigures-series-disney-2,2019-05-01,Vintage Minnie,vintage-minnie,vintage-minnie,18,colDIS2-18,Vintage Minnie,"Vintage Minnie, zarafetin nostaljik halidir. Sevecen, zarif ve neşelidir. Her gülüşü eski zamanların sıcaklığını getirir.",,Kahraman,Zarif / Sevecen,12,12,12,,Çok Nadir,,,,,0,0,0,0,5,,,,,FALSE,TRUE,TRUE
LEGO® Minifigürler Serisi 19,lego-minifigurler-serisi-19,lego-minifigures-series-19,2019-09-01,Video Game Champ,video-game-champ,video-game-champ,1,col19-1,Video Game Champ,"Video Game Champ, oyunlardaki refleksleri ve becerisiyle öne çıkan dijital bir kahramandır. Kulaklığı ve kumandasıyla her zaman hazırdır. Enerjik, hırslı ve pozitif bir karakterdir; zaferi eğlenceyle yaşar.",,Oyuncu,Hırslı / Enerjik,8,8,8,,Yaygın,,,,,0,0,0,0,5,,,,,FALSE,TRUE,TRUE
LEGO® Minifigürler Serisi 19,lego-minifigurler-serisi-19,lego-minifigures-series-19,2019-09-01,Shower Guy,shower-guy,shower-guy,2,col19-2,Shower Guy,"Shower Guy, duş kostümü ve lastik ördeğiyle eğlenceli bir karakterdir. Komik, rahat ve pozitif tavrıyla dikkat çeker. Gülmeyi sever, hayatı fazla ciddiye almaz; her günü neşeyle yaşar.",,Eğlendirici,Komik / Rahat,7,7,7,,Yaygın,,,,,0,0,0,0,4,,,,,FALSE,TRUE,TRUE
LEGO® Minifigürler Serisi 19,lego-minifigurler-serisi-19,lego-minifigures-series-19,2019-09-01,Dog Sitter,dog-sitter,dog-sitter,3,col19-3,Dog Sitter,"Dog Sitter, köpeklerin enerjisine ayak uyduran sevecen bir hayvan dostudur. Neşeli, çalışkan ve sorumludur. Sabırla ilgilenir, her pati izinde sevgi taşır.",,Hayvan Dostu,Sorumlu / Sevecen,9,9,9,,Nadir,,,,,0,0,0,0,6,,,,,FALSE,TRUE,TRUE
LEGO® Minifigürler Serisi 19,lego-minifigurler-serisi-19,lego-minifigures-series-19,2019-09-01,Monkey King,monkey-king,monkey-king,4,col19-4,Monkey King,"Monkey King, efsanelerden gelen bilge bir savaşçıdır. Güçlü, kararlı ve adaletlidir. Sihirli asasıyla kötülüğe karşı savaşır; kadim bilgelik onun yol göstericisidir.",,Mitolojik Kahraman,Bilge / Adaletli,12,12,12,,Çok Nadir,,,,,0,0,0,0,6,,,,,FALSE,TRUE,TRUE
LEGO® Minifigürler Serisi 19,lego-minifigurler-serisi-19,lego-minifigures-series-19,2019-09-01,Programmer,programmer,programmer,5,col19-5,Programmer,"Programmer, teknolojinin yaratıcı zekâsını temsil eder. Bilgisayar başında dünyaları inşa eder. Dikkatli, akılcı ve hırslıdır. Hataları öğretici birer deneyim olarak görür.",,Yazılımcı,Zeki / Yaratıcı,9,9,9,,Nadir,,,,,0,0,0,0,5,,,,,FALSE,TRUE,TRUE
LEGO® Minifigürler Serisi 19,lego-minifigurler-serisi-19,lego-minifigures-series-19,2019-09-01,Mummy Queen,mummy-queen,mummy-queen,6,col19-6,Mummy Queen,"Mummy Queen, antik dünyanın asaletini taşıyan gizemli bir figürdür. Cesur, dengeli ve kararlıdır. Geçmişle bugünü birleştirir; her hareketinde zamanın bilgeliğini hissedersin.",,Kraliçe,Gizemli / Kudretli,10,10,10,,Nadir,,,,,0,0,0,0,5,,,,,FALSE,TRUE,TRUE
LEGO® Minifigürler Serisi 19,lego-minifigurler-serisi-19,lego-minifigures-series-19,2019-09-01,Firefighter,firefighter,firefighter,7,col19-7,Firefighter,"Firefighter, alevler arasına korkusuzca dalan cesur bir kurtarıcıdır. Yardımsever, dayanıklı ve kararlıdır. Her hayat onun için kutsaldır; görev bilinciyle hareket eder.",,Kahraman,Cesur / Yardımsever,8,8,8,,Yaygın,,,,,0,0,0,0,5,,,,,FALSE,TRUE,TRUE
LEGO® Minifigürler Serisi 19,lego-minifigurler-serisi-19,lego-minifigures-series-19,2019-09-01,Rugby Player,rugby-player,rugby-player,8,col19-8,Rugby Player,"Rugby Player, gücü ve azmiyle sahada fırtına gibi eser. Takımını ileri taşır. Dayanıklı, cesur ve disiplinlidir. Her mücadelede dostluğun ve centilmenliğin önemini vurgular.",,Sporcu,Güçlü / Azimli,8,8,8,,Yaygın,,,,,0,0,0,0,4,,,,,FALSE,TRUE,TRUE
LEGO® Minifigürler Serisi 19,lego-minifigurler-serisi-19,lego-minifigures-series-19,2019-09-01,Bear Costume Guy,bear-costume-guy,bear-costume-guy,9,col19-9,Bear Costume Guy,"Bear Costume Guy, şirin kostümüyle gülümseme yaratır. Neşeli, çocuk ruhlu ve komiktir. Basit ama etkili mizahıyla herkese pozitif enerji yayar.",,Eğlendirici,Neşeli / Şakacı,9,9,9,,Yaygın,,,,,0,0,0,0,4,,,,,FALSE,TRUE,TRUE
LEGO® Minifigürler Serisi 19,lego-minifigurler-serisi-19,lego-minifigures-series-19,2019-09-01,Pizza Costume Guy,pizza-costume-guy,pizza-costume-guy,10,col19-10,Pizza Costume Guy,"Pizza Costume Guy, eğlencenin yürüyen sembolüdür. Kostümüyle dikkat çeker. Saf, pozitif ve yaratıcıdır. Her ortamı kahkahaya dönüştürür, mizahın gücüne inanır.",,Eğlendirici,Komik / Pozitif,8,8,8,,Yaygın,,,,,0,0,0,0,4,,,,,FALSE,TRUE,TRUE
LEGO® Minifigürler Serisi 19,lego-minifigurler-serisi-19,lego-minifigures-series-19,2019-09-01,Mountain Biker,mountain-biker,mountain-biker,11,col19-11,Mountain Biker,"Mountain Biker, dağların özgür ruhudur. Cesur, enerjik ve kararlıdır. Her yokuşu bir meydan okuma, her zirveyi bir ödül olarak görür. Doğayla yarışır ama uyum içindedir.",,Sporcu,Cesur / Dayanıklı,10,10,10,,Nadir,,,,,0,0,0,0,6,,,,,FALSE,TRUE,TRUE
LEGO® Minifigürler Serisi 19,lego-minifigurler-serisi-19,lego-minifigures-series-19,2019-09-01,Galactic Bounty Hunter,galactic-bounty-hunter,galactic-bounty-hunter,12,col19-12,Galactic Bounty Hunter,"Galactic Bounty Hunter, galaksiler arası görevlerin soğukkanlı takipçisidir. Sessiz, stratejik ve kararlıdır. Adaletin peşindedir; görev onun için bir onur meselesidir.",,Asker / Avcı,Soğukkanlı / Stratejik,9,9,9,,Nadir,,,,,0,0,0,0,5,,,,,FALSE,TRUE,TRUE
LEGO® Minifigürler Serisi 19,lego-minifigurler-serisi-19,lego-minifigures-series-19,2019-09-01,Gardener,gardener,gardener,13,col19-13,Gardener,"Gardener, doğayla barışık ve sabırlı bir ruhtur. Çiçekleri sevgiyle büyütür. Sakin, şefkatli ve üretkendir. Her filiz onun için bir umut sembolüdür.",,Doğa Karakteri,Sabırlı / Huzurlu,8,8,8,,Yaygın,,,,,0,0,0,0,5,,,,,FALSE,TRUE,TRUE
LEGO® Minifigürler Serisi 19,lego-minifigurler-serisi-19,lego-minifigures-series-19,2019-09-01,Fright Knight,fright-knight,fright-knight,14,col19-14,Fright Knight,"Fright Knight, karanlığın içindeki adalet savaşçısıdır. Cesur, asil ve kararlıdır. Korkusuzdur; her zırh darbesiyle onuru temsil eder.",,Savaşçı,Asil / Kararlı,10,10,10,,Nadir,,,,,0,0,0,0,6,,,,,FALSE,TRUE,TRUE
LEGO® Minifigürler Serisi 19,lego-minifigurler-serisi-19,lego-minifigures-series-19,2019-09-01,Jungle Explorer,jungle-explorer,jungle-explorer,15,col19-15,Jungle Explorer,"Jungle Explorer, keşif tutkusuyla doğanın derinliklerine girer. Meraklı, cesur ve enerjiktir. Her adımı yeni bir maceradır. Bilinmeyeni aramaktan korkmaz.",,Kaşif,Meraklı / Cesur,9,9,9,,Nadir,,,,,0,0,0,0,6,,,,,FALSE,TRUE,TRUE
LEGO® Minifigürler Serisi 19,lego-minifigurler-serisi-19,lego-minifigures-series-19,2019-09-01,Fox Costume Girl,fox-costume-girl,fox-costume-girl,16,col19-16,Fox Costume Girl,"Fox Costume Girl, şirinliği ve kurnazlığı mizahla harmanlar. Komik, enerjik ve pozitif bir karakterdir. Her ortamda kahkaha yaratır; neşeyi paylaşmayı sever.",,Kostüm Karakteri,Komik / Enerjik,9,9,9,,Yaygın,,,,,0,0,0,0,5,,,,,FALSE,TRUE,TRUE
LEGO® Minifigürler Serisi DC Comics,lego-minifigurler-serisi-dc-comics,lego-minifigures-series-dc-comics,2020-01-01,Aquaman,aquaman,aquaman,1,colDC-1,Aquaman,"Aquaman, okyanusların karizmatik hükümdarıdır. Güçlü, bilge ve kararlıdır. Üç dişli mızrağıyla denizlerin dengesini korur.",,Kahraman,Güçlü / Bilge,8,8,8,,Yaygın,,,,,0,0,0,0,5,,,,,FALSE,TRUE,TRUE
LEGO® Minifigürler Serisi DC Comics,lego-minifigurler-serisi-dc-comics,lego-minifigures-series-dc-comics,2020-01-01,Batman (Rebirth Suit),batman-rebirth-suit,batman-rebirth-suit,2,colDC-2,Batman (Rebirth Suit),"Batman (Rebirth Suit), karanlığın yeniden doğmuş sembolüdür. Stratejik, kararlı ve korkusuzdur. Gotham’ın umudu her zaman gölgelerde parlar.",,Süper Kahraman,Stratejik / Kararlı,9,9,9,,Nadir,,,,,0,0,0,0,6,,,,,FALSE,TRUE,TRUE
LEGO® Minifigürler Serisi DC Comics,lego-minifigurler-serisi-dc-comics,lego-minifigures-series-dc-comics,2020-01-01,Bat-Mite,bat-mite,bat-mite,3,colDC-3,Bat-Mite,"Bat-Mite, Batman hayranı küçük bir boyutlar arası varlıktır. Komik, hayalperest ve enerjiktir. Gerçekliğin kurallarını eğlenceye dönüştürür.",,Mizahi Karakter,Komik / Hayalperest,8,8,8,,Yaygın,,,,,0,0,0,0,5,,,,,FALSE,TRUE,TRUE
LEGO® Minifigürler Serisi DC Comics,lego-minifigurler-serisi-dc-comics,lego-minifigures-series-dc-comics,2020-01-01,Bumblebee,bumblebee,bumblebee,4,colDC-4,Bumblebee,"Bumblebee, küçük boyuna rağmen büyük bir kahramandır. Cesur, enerjik ve pozitif bir karakterdir. Her zorlukta ışıltısıyla öne çıkar.",,Süper Kahraman,Cesur / Pozitif,8,8,8,,Yaygın,,,,,0,0,0,0,5,,,,,FALSE,TRUE,TRUE
LEGO® Minifigürler Serisi DC Comics,lego-minifigurler-serisi-dc-comics,lego-minifigures-series-dc-comics,2020-01-01,Cheetah,cheetah,cheetah,5,colDC-5,Cheetah,"Cheetah, hız ve hırsın vahşi temsilcisidir. Agresif, zeki ve özgüvenlidir. Avını asla kaçırmaz; rekabet onun doğasında vardır.",,Kötü Karakter,Hızlı / Agresif,8,8,8,,Yaygın,,,,,0,0,0,0,5,,,,,FALSE,TRUE,TRUE
LEGO® Minifigürler Serisi DC Comics,lego-minifigurler-serisi-dc-comics,lego-minifigures-series-dc-comics,2020-01-01,Cyborg (Teen Titans),cyborg-teen-titans,cyborg-teen-titans,6,colDC-6,Cyborg (Teen Titans),"Cyborg (Teen Titans), insan ile makinenin birleşimidir. Zeki, sadık ve güçlüdür. Teknolojiyi dostları için bir silaha çevirir.",,Yarı Robot,Zeki / Sadık,9,9,9,,Nadir,,,,,0,0,0,0,6,,,,,FALSE,TRUE,TRUE
LEGO® Minifigürler Serisi DC Comics,lego-minifigurler-serisi-dc-comics,lego-minifigures-series-dc-comics,2020-01-01,Flash (Golden Age),flash-golden-age,flash-golden-age,7,colDC-7,Flash (Golden Age),"Flash (Golden Age), hızın tarihini yazan kahramandır. Hırslı, enerjik ve karizmatiktir. Işık hızında koşarken bile adaleti korur.",,Süper Kahraman,Hızlı / Karizmatik,9,9,9,,Nadir,,,,,0,0,0,0,5,,,,,FALSE,TRUE,TRUE
LEGO® Minifigürler Serisi DC Comics,lego-minifigurler-serisi-dc-comics,lego-minifigures-series-dc-comics,2020-01-01,Green Lantern (Simon Baz),green-lantern-simon-baz,green-lantern-simon-baz,8,colDC-8,Green Lantern (Simon Baz),"Green Lantern (Simon Baz), cesaretin ışığıyla evreni korur. Kararlı, adaletli ve güçlüdür. Yüzüğüyle hayal gücünü şekillendirir.",,Koruyucu,Güçlü / Adaletli,10,10,10,,Çok Nadir,,,,,0,0,0,0,6,,,,,FALSE,TRUE,TRUE
LEGO® Minifigürler Serisi DC Comics,lego-minifigurler-serisi-dc-comics,lego-minifigures-series-dc-comics,2020-01-01,Huntress,huntress,huntress,9,colDC-9,Huntress,"Huntress, adaletin gölgesinde çalışan gizemli bir kahramandır. Soğukkanlı, kararlı ve disiplinlidir. Karanlıkla kendi yöntemleriyle savaşır.",,Kahraman,Soğukkanlı / Disiplinli,8,8,8,,Nadir,,,,,0,0,0,0,5,,,,,FALSE,TRUE,TRUE
LEGO® Minifigürler Serisi DC Comics,lego-minifigurler-serisi-dc-comics,lego-minifigures-series-dc-comics,2020-01-01,Joker (Classic),joker-classic,joker-classic,10,colDC-10,Joker (Classic),"Joker (Classic), kaosun ikonik yüzüdür. Deli, esprili ve tahmin edilemezdir. Her gülüşü Gotham’da yankılanır.",,Kötü Karakter,Deli / Tahmin Edilemez,9,9,9,,Yaygın,,,,,0,0,0,0,5,,,,,FALSE,TRUE,TRUE
LEGO® Minifigürler Serisi DC Comics,lego-minifigurler-serisi-dc-comics,lego-minifigures-series-dc-comics,2020-01-01,Metamorpho,metamorpho,metamorpho,11,colDC-11,Metamorpho,"Metamorpho, elementlerin gücünü şekillendiren bir varlıktır. Esnek, yaratıcı ve dayanıklıdır. Her zorlukta form değiştirir.",,Güç Ustası,Esnek / Yaratıcı,9,9,9,,Nadir,,,,,0,0,0,0,6,,,,,FALSE,TRUE,TRUE
LEGO® Minifigürler Serisi DC Comics,lego-minifigurler-serisi-dc-comics,lego-minifigures-series-dc-comics,2020-01-01,Mister Miracle,mister-miracle,mister-miracle,12,colDC-12,Mister Miracle,"Mister Miracle, imkânsız kaçışların ustasıdır. Zeki, kurnaz ve özgür ruhludur. Zincirleri bile sahne gösterisine dönüştürür.",,Kaçış Ustası,Zeki / Özgür Ruhlu,9,9,9,,Nadir,,,,,0,0,0,0,6,,,,,FALSE,TRUE,TRUE
LEGO® Minifigürler Serisi DC Comics,lego-minifigurler-serisi-dc-comics,lego-minifigures-series-dc-comics,2020-01-01,Sinestro,sinestro,sinestro,13,colDC-13,Sinestro,"Sinestro, korkunun gücünü kullanan eski bir koruyucudur. Kibirli, zeki ve tehlikelidir. Korku onun en sadık müttefikidir.",,Kötü Karakter,Kibirli / Tehlikeli,9,9,9,,Nadir,,,,,0,0,0,0,5,,,,,FALSE,TRUE,TRUE
LEGO® Minifigürler Serisi DC Comics,lego-minifigurler-serisi-dc-comics,lego-minifigures-series-dc-comics,2020-01-01,Stargirl,stargirl,stargirl,14,colDC-14,Stargirl,"Stargirl, gençliğin enerjisini yıldız gücüyle birleştirir. Neşeli, cesur ve ilham vericidir. Takım ruhunun parlayan yıldızıdır.",,Kahraman,Neşeli / İlham Verici,8,8,8,,Yaygın,,,,,0,0,0,0,5,,,,,FALSE,TRUE,TRUE
LEGO® Minifigürler Serisi DC Comics,lego-minifigurler-serisi-dc-comics,lego-minifigures-series-dc-comics,2020-01-01,Superman (Rebirth),superman-rebirth,superman-rebirth,15,colDC-15,Superman (Rebirth),"Superman (Rebirth), umudun modern yüzüdür. Güçlü, asil ve yardımseverdir. Her zorlukta insanlığın yanında durur.",,Süper Kahraman,Asil / Yardımsever,10,10,10,,Çok Nadir,,,,,0,0,0,0,6,,,,,FALSE,TRUE,TRUE
LEGO® Minifigürler Serisi DC Comics,lego-minifigurler-serisi-dc-comics,lego-minifigures-series-dc-comics,2020-01-01,Wonder Woman (Classic),wonder-woman-classic,wonder-woman-classic,16,colDC-16,Wonder Woman (Classic),"Wonder Woman (Classic), adaletin ve barışın simgesidir. Cesur, asil ve bilgedir. Savaşırken bile kalbinde sevgi taşır.",,Kahraman,Cesur / Bilge,10,10,10,,Çok Nadir,,,,,0,0,0,0,5,,,,,FALSE,TRUE,TRUE
LEGO® Minifigürler Serisi 20,lego-minifigurler-serisi-20,lego-minifigures-series-20,2020-04-01,Piñata Boy,pinata-boy,pinata-boy,1,col20-1,Piñata Boy,"Piñata Boy, kutlamaların enerjik ruhudur. Kostümü ve sopasıyla renkli şekerleri saçarken herkese neşe dağıtır. Neşeli, saf ve pozitif bir karakterdir; her partiyi tatlı bir maceraya dönüştürür.",,Kutlama Karakteri,Neşeli / Enerjik,8,8,8,,Yaygın,,,,,0,0,0,0,5,,,,,FALSE,TRUE,TRUE
LEGO® Minifigürler Serisi 20,lego-minifigurler-serisi-20,lego-minifigures-series-20,2020-04-01,Breakdancer,breakdancer,breakdancer,2,col20-2,Breakdancer,"Breakdancer, ritim ve enerjinin vücut bulmuş halidir. Hızlı, karizmatik ve özgüvenlidir. Her hareketinde dansın özgürlüğünü yansıtır; sahneyi bir fırtına gibi döndürür.",,Dansçı,Hızlı / Karizmatik,8,8,8,,Yaygın,,,,,0,0,0,0,5,,,,,FALSE,TRUE,TRUE
LEGO® Minifigürler Serisi 20,lego-minifigurler-serisi-20,lego-minifigures-series-20,2020-04-01,Pea Pod Costume Girl,pea-pod-costume-girl,pea-pod-costume-girl,3,col20-3,Pea Pod Costume Girl,"Pea Pod Costume Girl, doğallığı ve neşeyi temsil eder. Kostümüyle dikkat çeker, pozitifliğiyle ortamı aydınlatır. Sade, masum ve pozitif bir karakterdir; her ortama huzur getirir.",,Doğa Karakteri,Sade / Pozitif,7,7,7,,Yaygın,,,,,0,0,0,0,4,,,,,FALSE,TRUE,TRUE
LEGO® Minifigürler Serisi 20,lego-minifigurler-serisi-20,lego-minifigures-series-20,2020-04-01,Viking,viking,viking,4,col20-4,Viking,"Viking, denizlerin cesur savaşçısıdır. Baltası ve kalkanıyla korkusuzdur. Kararlı, gururlu ve güçlüdür; her fırtınayı onuruyla aşar.",,Savaşçı,Cesur / Gururlu,10,10,10,,Nadir,,,,,0,0,0,0,6,,,,,FALSE,TRUE,TRUE
LEGO® Minifigürler Serisi 20,lego-minifigurler-serisi-20,lego-minifigures-series-20,2020-04-01,Super Warrior,super-warrior,super-warrior,5,col20-5,Super Warrior,"Super Warrior, geleceğin zırhlı kahramanıdır. Teknolojik gücüyle kötülüğe karşı durur. Cesur, kararlı ve adaletlidir. Gücü kadar kalbi de büyüktür.",,Kahraman,Adaletli / Kararlı,9,9,9,,Nadir,,,,,0,0,0,0,5,,,,,FALSE,TRUE,TRUE
LEGO® Minifigürler Serisi 20,lego-minifigurler-serisi-20,lego-minifigures-series-20,2020-04-01,Pirate Girl,pirate-girl,pirate-girl,6,col20-6,Pirate Girl,"Pirate Girl, denizlerin maceracı ruhudur. Cesur, enerjik ve kararlıdır. Korkusuzca hazine peşinde koşar; her dalgada özgürlüğü hisseder.",,Korsan,Maceracı / Cesur,9,9,9,,Nadir,,,,,0,0,0,0,6,,,,,FALSE,TRUE,TRUE
LEGO® Minifigürler Serisi 20,lego-minifigurler-serisi-20,lego-minifigures-series-20,2020-04-01,Sea Rescuer,sea-rescuer,sea-rescuer,7,col20-7,Sea Rescuer,"Sea Rescuer, dalgaların ortasında hayat kurtaran bir kahramandır. Soğukkanlı, yardımsever ve cesurdur. Her görevde insanlık için mücadele eder.",,Kurtarıcı,Yardımsever / Soğukkanlı,8,8,8,,Yaygın,,,,,0,0,0,0,5,,,,,FALSE,TRUE,TRUE
LEGO® Minifigürler Serisi 20,lego-minifigurler-serisi-20,lego-minifigures-series-20,2020-04-01,Green Brick Costume Guy,green-brick-costume-guy,green-brick-costume-guy,8,col20-8,Green Brick Costume Guy,"Green Brick Costume Guy, LEGO’nun mizahi yanını temsil eder. Kostümüyle dikkat çeker, pozitif ve eğlencelidir. Her adımında oyun ruhunu taşır.",,LEGO Temsilcisi,Mizahi / Eğlenceli,7,7,7,,Yaygın,,,,,0,0,0,0,4,,,,,FALSE,TRUE,TRUE
LEGO® Minifigürler Serisi 20,lego-minifigurler-serisi-20,lego-minifigures-series-20,2020-04-01,Llama Costume Girl,llama-costume-girl,llama-costume-girl,9,col20-9,Llama Costume Girl,"Llama Costume Girl, doğanın eğlenceli tarafını yansıtır. Kostümüyle neşeyi saçar. Komik, enerjik ve pozitif bir karakterdir; girdiği her ortamı şenlendirir.",,Kostüm Karakteri,Komik / Enerjik,8,8,8,,Yaygın,,,,,0,0,0,0,4,,,,,FALSE,TRUE,TRUE
LEGO® Minifigürler Serisi 20,lego-minifigurler-serisi-20,lego-minifigures-series-20,2020-04-01,Drone Boy,drone-boy,drone-boy,10,col20-10,Drone Boy,"Drone Boy, teknolojinin meraklı kâşifidir. Elindeki drone ile gökyüzünü keşfeder. Meraklı, yenilikçi ve pozitif bir ruha sahiptir; her uçuş yeni bir maceradır.",,Kaşif,Meraklı / Yenilikçi,8,8,8,,Yaygın,,,,,0,0,0,0,5,,,,,FALSE,TRUE,TRUE
LEGO® Minifigürler Serisi 20,lego-minifigurler-serisi-20,lego-minifigures-series-20,2020-04-01,Martial Arts Boy,martial-arts-boy,martial-arts-boy,11,col20-11,Martial Arts Boy,"Martial Arts Boy, disiplini ve dengeyi temsil eder. Sakin, kararlı ve cesurdur. Dövüş sanatlarını bir yaşam biçimi olarak görür; gücünü kontrolle birleştirir.",,Dövüşçü,Disiplinli / Cesur,9,9,9,,Nadir,,,,,0,0,0,0,5,,,,,FALSE,TRUE,TRUE
LEGO® Minifigürler Serisi 20,lego-minifigurler-serisi-20,lego-minifigures-series-20,2020-04-01,Athlete,athlete,athlete,12,col20-12,Athlete,"Athlete, kararlılığı ve azmiyle her engeli aşar. Güçlü, hırslı ve motive edicidir. Her yarış onun için bir sınavdır; başarının terle geldiğini bilir.",,Sporcu,Hırslı / Güçlü,8,8,8,,Yaygın,,,,,0,0,0,0,5,,,,,FALSE,TRUE,TRUE
LEGO® Minifigürler Serisi 20,lego-minifigurler-serisi-20,lego-minifigures-series-20,2020-04-01,Tournament Knight,tournament-knight,tournament-knight,13,col20-13,Tournament Knight,"Tournament Knight, onur ve cesaretin simgesidir. Zırhı parıldar, kılıcı adalet için sallanır. Gururlu, asil ve kararlıdır; savaşta şeref, barışta adalet arar.",,Şövalye,Asil / Onurlu,10,10,10,,Nadir,,,,,0,0,0,0,6,,,,,FALSE,TRUE,TRUE
LEGO® Minifigürler Serisi 20,lego-minifigurler-serisi-20,lego-minifigures-series-20,2020-04-01,Pajama Girl,pajama-girl,pajama-girl,14,col20-14,Pajama Girl,"Pajama Girl, tatlı oyuncağıyla hayal dünyasında yaşayan neşeli bir çocuktur. Saf, pozitif ve sevecendir; hayal gücüyle herkese umut verir.",,Çocuk Karakter,Saf / Sevecen,7,7,7,,Yaygın,,,,,0,0,0,0,4,,,,,FALSE,TRUE,TRUE
LEGO® Minifigürler Serisi 20,lego-minifigurler-serisi-20,lego-minifigures-series-20,2020-04-01,Space Fan,space-fan,space-fan,15,col20-15,Space Fan,"Space Fan, uzaya hayran bir LEGO severdir. Roket planları çizer, hayal gücüyle gezegenleri dolaşır. Meraklı, yaratıcı ve vizyon sahibidir.",,Hayalperest,Meraklı / Yaratıcı,9,9,9,,Nadir,,,,,0,0,0,0,5,,,,,FALSE,TRUE,TRUE
LEGO® Minifigürler Serisi 20,lego-minifigurler-serisi-20,lego-minifigures-series-20,2020-04-01,80s Musician,80s-musician,80s-musician,16,col20-16,80s Musician,"80s Musician, geçmişin enerjik tınılarını bugüne taşır. Tutkulu, karizmatik ve özgüvenlidir. Müziğiyle insanları coşturur; sahnede efsaneleşir.",,Müzisyen,Tutkulu / Karizmatik,10,10,10,,Çok Nadir,,,,,0,0,0,0,6,,,,,FALSE,TRUE,TRUE
LEGO® Minifigürler Serisi Super Mario Character Packs,lego-minifigurler-serisi-super-mario-character-packs,lego-minifigures-series-super-mario-character-packs,2020-08-01,Buzzy Beetle,buzzy-beetle,buzzy-beetle,1,colSM-1,Buzzy Beetle,"Buzzy Beetle, kabuğuyla kendini koruyan dayanıklı bir düşmandır. Soğukkanlı ve kararlıdır. Üzerine zıplanamaz, bu da onu özel kılar.",,Düşman Karakter,Dayanıklı / Soğukkanlı,9,9,9,,Nadir,,,,,0,0,0,0,7,,,,,FALSE,TRUE,TRUE
LEGO® Minifigürler Serisi Super Mario Character Packs,lego-minifigurler-serisi-super-mario-character-packs,lego-minifigures-series-super-mario-character-packs,2020-08-01,Eep Cheep,eep-cheep,eep-cheep,2,colSM-2,Eep Cheep,"Eep Cheep, su altı dünyasının enerjik ve hızlı balığıdır. Oyunda dengesiz hareketleriyle oyuncuya sürpriz yapar. Neşelidir ama öngörülemezdir.",,Su Altı Düşmanı,Hızlı / Neşeli,8,8,8,,Yaygın,,,,,0,0,0,0,7,,,,,FALSE,TRUE,TRUE
LEGO® Minifigürler Serisi Super Mario Character Packs,lego-minifigurler-serisi-super-mario-character-packs,lego-minifigures-series-super-mario-character-packs,2020-08-01,Peepa,peepa,peepa,3,colSM-3,Peepa,"Peepa, sessiz ama rahatsız edici bir hayalettir. Oyuncuya arkasından yaklaşır, ürkütücü ama sevimli bir figürdür.",,Hayalet Karakter,Sessiz / Ürkütücü,8,8,8,,Yaygın,,,,,0,0,0,0,6,,,,,FALSE,TRUE,TRUE
LEGO® Minifigürler Serisi Super Mario Character Packs,lego-minifigurler-serisi-super-mario-character-packs,lego-minifigures-series-super-mario-character-packs,2020-08-01,Paragoomba,paragoomba,paragoomba,4,colSM-4,Paragoomba,"Paragoomba, klasik Goomba’ların kanatlı versiyonudur. Zıplayarak ilerler, azmiyle tanınır. Engelleri aşmaya çalışırken komik bir görüntü sergiler.",,Klasik Düşman,Zıplayan / Azimli,7,7,7,,Yaygın,,,,,0,0,0,0,6,,,,,FALSE,TRUE,TRUE
LEGO® Minifigürler Serisi Super Mario Character Packs,lego-minifigurler-serisi-super-mario-character-packs,lego-minifigures-series-super-mario-character-packs,2020-08-01,Fuzzy,fuzzy,fuzzy,5,colSM-5,Fuzzy,"Fuzzy, sürekli hareket eden, enerjik bir karakterdir. Oyunda platformları zorlaştırır. Güler yüzlü görünse de oyuncular için tam bir baş belasıdır.",,Platform Engeli,Enerjik / Baş Belası,7,7,7,,Yaygın,,,,,0,0,0,0,6,,,,,FALSE,TRUE,TRUE
LEGO® Minifigürler Serisi Super Mario Character Packs,lego-minifigurler-serisi-super-mario-character-packs,lego-minifigures-series-super-mario-character-packs,2020-08-01,Spiny,spiny,spiny,6,colSM-6,Spiny,"Spiny, dikenli kabuğuyla bilinir. Sabit ama tehlikelidir. Teması yasaktır; dikkatli yaklaşmak gerekir.",,Dikenli Düşman,Sabit / Tehlikeli,8,8,8,,Nadir,,,,,0,0,0,0,6,,,,,FALSE,TRUE,TRUE
LEGO® Minifigürler Serisi Super Mario Character Packs,lego-minifigurler-serisi-super-mario-character-packs,lego-minifigures-series-super-mario-character-packs,2020-08-01,Urchin,urchin,urchin,7,colSM-7,Urchin,"Urchin, su altı dünyasının dikenli koruyucusudur. Sakin görünür ama temas eden oyuncuyu anında cezalandırır.",,Su Altı Koruyucusu,Sakin / Cezalandırıcı,8,8,8,,Nadir,,,,,0,0,0,0,6,,,,,FALSE,TRUE,TRUE
LEGO® Minifigürler Serisi Super Mario Character Packs,lego-minifigurler-serisi-super-mario-character-packs,lego-minifigures-series-super-mario-character-packs,2020-08-01,Blooper,blooper,blooper,8,colSM-8,Blooper,"Blooper, denizlerin mürekkep püskürten yaratığıdır. Oyuncunun görüşünü engeller. Sessiz ama zekice saldırır.",,Deniz Canavarı,Sessiz / Zeki,8,8,8,,Yaygın,,,,,0,0,0,0,6,,,,,FALSE,TRUE,TRUE
LEGO® Minifigürler Serisi Super Mario Character Packs,lego-minifigurler-serisi-super-mario-character-packs,lego-minifigures-series-super-mario-character-packs,2020-08-01,Bullet Bill,bullet-bill,bullet-bill,9,colSM-9,Bullet Bill,"Bullet Bill, patlayıcı gücüyle tanınır. Hedefini asla şaşırmaz, hızla uçar ve etkileyici bir tehdit oluşturur.",,Uçan Mermi,Güçlü / İsabetli,9,9,9,,Nadir,,,,,0,0,0,0,6,,,,,FALSE,TRUE,TRUE
LEGO® Minifigürler Serisi Super Mario Character Packs,lego-minifigurler-serisi-super-mario-character-packs,lego-minifigures-series-super-mario-character-packs,2020-08-01,Bob-omb,bob-omb,bob-omb,10,colSM-10,Bob-omb,"Bob-omb, patlamaya hazır bir enerjidir. Geri sayım başladığında kaos başlar. Komik ama ölümcül bir figürdür.",,Patlayıcı Düşman,Komik / Tehlikeli,9,9,9,,Çok Nadir,,,,,0,0,0,0,6,,,,,FALSE,TRUE,TRUE
LEGO® Minifigürler Serisi Harry Potter 2,lego-minifigurler-serisi-harry-potter-2,lego-minifigures-series-harry-potter-2,2020-09-01,Harry Potter (Invisibility Cloak),harry-potter-invisibility-cloak,harry-potter-invisibility-cloak,1,colHP2-1,Harry Potter (Invisibility Cloak),"Harry Potter, görünmezlik peleriniyle gizliliğin ustasıdır. Cesur, fedakâr ve lider ruhludur. Her adımı dostlarını korumak içindir.",,Kahraman,Cesur / Fedakâr,9,9,9,,Yaygın,,,,,0,0,0,0,6,,,,,FALSE,TRUE,TRUE
LEGO® Minifigürler Serisi Harry Potter 2,lego-minifigurler-serisi-harry-potter-2,lego-minifigures-series-harry-potter-2,2020-09-01,Hermione Granger (Polyjuice Potion),hermione-granger-polyjuice-potion,hermione-granger-polyjuice-potion,2,colHP2-2,Hermione Granger (Polyjuice Potion),"Hermione Granger, Polyjuice iksiriyle zekâsını eyleme dönüştürür. Bilge, çalışkan ve kararlıdır. Her çözüm onun aklından geçer.",,Kahraman,Zeki / Kararlı,9,9,9,,Yaygın,,,,,0,0,0,0,6,,,,,FALSE,TRUE,TRUE
LEGO® Minifigürler Serisi Harry Potter 2,lego-minifigurler-serisi-harry-potter-2,lego-minifigures-series-harry-potter-2,2020-09-01,Ron Weasley (Polyjuice Potion),ron-weasley-polyjuice-potion,ron-weasley-polyjuice-potion,3,colHP2-3,Ron Weasley (Polyjuice Potion),"Ron Weasley, dostluğun ve sadakatin sembolüdür. Neşeli, korkak ama cesaretiyle parlayan bir kalbe sahiptir.",,Kahraman,Sadık / Neşeli,9,9,9,,Yaygın,,,,,0,0,0,0,6,,,,,FALSE,TRUE,TRUE
LEGO® Minifigürler Serisi Harry Potter 2,lego-minifigurler-serisi-harry-potter-2,lego-minifigures-series-harry-potter-2,2020-09-01,Luna Lovegood (Lion Hat),luna-lovegood-lion-hat,luna-lovegood-lion-hat,4,colHP2-4,Luna Lovegood (Lion Hat),"Luna Lovegood, hayal gücüyle dünyayı yeniden çizer. Özgün, meraklı ve hayalperesttir. Her sözü bir bilgelik taşır.",,Bilge Karakter,Özgün / Hayalperest,10,10,10,,Nadir,,,,,0,0,0,0,6,,,,,FALSE,TRUE,TRUE
LEGO® Minifigürler Serisi Harry Potter 2,lego-minifigurler-serisi-harry-potter-2,lego-minifigures-series-harry-potter-2,2020-09-01,Neville Longbottom (Herbology Outfit),neville-longbottom-herbology-outfit,neville-longbottom-herbology-outfit,5,colHP2-5,Neville Longbottom (Herbology Outfit),"Neville Longbottom, korkularını aşan kahramandır. Duygusal, saf kalpli ve dayanıklıdır. Zamanla efsaneye dönüşür.",,Kahraman,Duygusal / Dayanıklı,9,9,9,,Yaygın,,,,,0,0,0,0,6,,,,,FALSE,TRUE,TRUE
LEGO® Minifigürler Serisi Harry Potter 2,lego-minifigurler-serisi-harry-potter-2,lego-minifigures-series-harry-potter-2,2020-09-01,Professor Sprout,professor-sprout,professor-sprout,6,colHP2-6,Professor Sprout,"Professor Sprout, doğanın büyüsünü öğreten bilgedir. Sabırlı, şefkatli ve üretkendir. Her tohumu umutla büyütür.",,Bilge Karakter,Şefkatli / Sabırlı,9,9,9,,Nadir,,,,,0,0,0,0,6,,,,,FALSE,TRUE,TRUE
LEGO® Minifigürler Serisi Harry Potter 2,lego-minifigurler-serisi-harry-potter-2,lego-minifigures-series-harry-potter-2,2020-09-01,Bellatrix Lestrange (Azkaban Outfit),bellatrix-lestrange-azkaban-outfit,bellatrix-lestrange-azkaban-outfit,7,colHP2-7,Bellatrix Lestrange (Azkaban Outfit),"Bellatrix Lestrange, karanlığın en sadık hizmetkârıdır. Deli, acımasız ve büyüde ustadır. Her kahkahası korku saçar.",,Kötü Karakter,Acımasız / Deli,11,11,11,,Çok Nadir,,,,,0,0,0,0,6,,,,,FALSE,TRUE,TRUE
LEGO® Minifigürler Serisi Harry Potter 2,lego-minifigurler-serisi-harry-potter-2,lego-minifigures-series-harry-potter-2,2020-09-01,Moaning Myrtle,moaning-myrtle,moaning-myrtle,8,colHP2-8,Moaning Myrtle,"Moaning Myrtle, hüzünlü bir hayalet olarak Hogwarts’ın duvarlarında yaşar. Duygusal, alıngan ama içten bir ruha sahiptir.",,Hayalet,Hüzünlü / Alıngan,12,12,12,,Çok Nadir,,,,,0,0,0,0,5,,,,,FALSE,TRUE,TRUE
LEGO® Minifigürler Serisi Harry Potter 2,lego-minifigurler-serisi-harry-potter-2,lego-minifigures-series-harry-potter-2,2020-09-01,Griphook,griphook,griphook,9,colHP2-9,Griphook,"Griphook, hazine ve güç denince akla gelen ilk isimdir. Kurnaz, akıllı ve çıkarcıdır. Altın parıltısına karşı zaafı büyüktür.",,Nötr Karakter,Kurnaz / Çıkarcı,10,10,10,,Nadir,,,,,0,0,0,0,6,,,,,FALSE,TRUE,TRUE
LEGO® Minifigürler Serisi Harry Potter 2,lego-minifigurler-serisi-harry-potter-2,lego-minifigures-series-harry-potter-2,2020-09-01,Professor Dumbledore (New Robes),professor-dumbledore-new-robes,professor-dumbledore-new-robes,10,colHP2-10,Professor Dumbledore (New Robes),"Professor Dumbledore, bilgelik ve merhametin simgesidir. Güçlü, affedici ve vizyon sahibidir. Her adımı kaderi şekillendirir.",,Bilge Karakter,Güçlü / Merhametli,10,10,10,,Nadir,,,,,0,0,0,0,6,,,,,FALSE,TRUE,TRUE
LEGO® Minifigürler Serisi Harry Potter 2,lego-minifigurler-serisi-harry-potter-2,lego-minifigures-series-harry-potter-2,2020-09-01,Kingsley Shacklebolt,kingsley-shacklebolt,kingsley-shacklebolt,11,colHP2-11,Kingsley Shacklebolt,"Kingsley Shacklebolt, cesaretin ve adaletin yüzüdür. Soğukkanlı, karizmatik ve inançlıdır. Her kararında ölçülüdür.",,Kahraman,Karizmatik / Adaletli,10,10,10,,Nadir,,,,,0,0,0,0,6,,,,,FALSE,TRUE,TRUE
LEGO® Minifigürler Serisi Harry Potter 2,lego-minifigurler-serisi-harry-potter-2,lego-minifigures-series-harry-potter-2,2020-09-01,Fred Weasley,fred-weasley,fred-weasley,12,colHP2-12,Fred Weasley,"Fred Weasley, şakanın ve eğlencenin kralıdır. Neşeli, enerjik ve yaratıcıdır. Her anı bir kahkaha patlamasıdır.",,Eğlenceli Karakter,Mizahi / Enerjik,9,9,9,,Yaygın,,,,,0,0,0,0,6,,,,,FALSE,TRUE,TRUE
LEGO® Minifigürler Serisi Harry Potter 2,lego-minifigurler-serisi-harry-potter-2,lego-minifigures-series-harry-potter-2,2020-09-01,George Weasley,george-weasley,george-weasley,13,colHP2-13,George Weasley,"George Weasley, ikiz kardeşiyle aynı mizahın parçasıdır. Akıllı, samimi ve dayanışmacıdır. Her planında dostluk vardır.",,Eğlenceli Karakter,Samimi / Dayanışmacı,9,9,9,,Yaygın,,,,,0,0,0,0,6,,,,,FALSE,TRUE,TRUE
LEGO® Minifigürler Serisi Harry Potter 2,lego-minifigurler-serisi-harry-potter-2,lego-minifigures-series-harry-potter-2,2020-09-01,Ginny Weasley (Yule Ball Dress),ginny-weasley-yule-ball-dress,ginny-weasley-yule-ball-dress,14,colHP2-14,Ginny Weasley (Yule Ball Dress),"Ginny Weasley, özgüveniyle ışıldayan genç bir kahramandır. Cesur, güçlü ve duygusaldır. Her savaşa kalbiyle katılır.",,Kahraman,Cesur / Duygusal,9,9,9,,Yaygın,,,,,0,0,0,0,6,,,,,FALSE,TRUE,TRUE
LEGO® Minifigürler Serisi Harry Potter 2,lego-minifigurler-serisi-harry-potter-2,lego-minifigures-series-harry-potter-2,2020-09-01,Lily Potter,lily-potter,lily-potter,15,colHP2-15,Lily Potter,"Lily Potter, sevginin büyüsünü dünyaya kanıtlamıştır. Nazik, fedakâr ve saf kalplidir. Her hatırası umut taşır.",,Bilge Karakter,Fedakâr / Nazik,11,11,11,,Çok Nadir,,,,,0,0,0,0,6,,,,,FALSE,TRUE,TRUE
LEGO® Minifigürler Serisi Harry Potter 2,lego-minifigurler-serisi-harry-potter-2,lego-minifigures-series-harry-potter-2,2020-09-01,James Potter,james-potter,james-potter,16,colHP2-16,James Potter,"James Potter, cesur bir lider ve sadık bir dosttur. Gururlu, koruyucu ve eğlencelidir. Onun mirası asla unutulmaz.",,Kahraman,Koruyucu / Eğlenceli,11,11,11,,Çok Nadir,,,,,0,0,0,0,6,,,,,FALSE,TRUE,TRUE
LEGO® Minifigürler Serisi 21,lego-minifigurler-serisi-21,lego-minifigures-series-21,2021-01-01,Pug Costume Guy,pug-costume-guy,pug-costume-guy,1,col21-1,Pug Costume Guy,"Pug Costume Guy, sadık dostluğun ve eğlencenin simgesidir. Şirin kostümüyle herkesi güldürür. Neşeli, pozitif ve komik bir karakterdir; çocuk ruhunu asla kaybetmez.",,Kostüm Karakteri,Komik / Neşeli,7,7,7,,Yaygın,,,,,0,0,0,0,4,,,,,FALSE,TRUE,TRUE
LEGO® Minifigürler Serisi 21,lego-minifigurler-serisi-21,lego-minifigures-series-21,2021-01-01,Beekeeper,beekeeper,beekeeper,2,col21-2,Beekeeper,"Beekeeper, doğanın dengesini koruyan sakin bir kahramandır. Arılarla uyum içinde çalışır. Sabırlı, dikkatli ve yardımseverdir; doğayı korumayı görev bilir.",,Doğa Karakteri,Sabırlı / Huzurlu,8,8,8,,Yaygın,,,,,0,0,0,0,5,,,,,FALSE,TRUE,TRUE
LEGO® Minifigürler Serisi 21,lego-minifigurler-serisi-21,lego-minifigures-series-21,2021-01-01,Alien,alien,alien,3,col21-3,Alien,"Alien, galaksinin uzak köşelerinden gelen gizemli bir varlıktır. Meraklı, enerjik ve komiktir. Her gezegende arkadaşlık arar; barış ve eğlence onun dilidir.",,Uzaylı,Meraklı / Enerjik,8,8,8,,Yaygın,,,,,0,0,0,0,4,,,,,FALSE,TRUE,TRUE
LEGO® Minifigürler Serisi 21,lego-minifigurler-serisi-21,lego-minifigures-series-21,2021-01-01,Violin Kid,violin-kid,violin-kid,4,col21-4,Violin Kid,"Violin Kid, müziğin duygusal gücünü yansıtan genç bir sanatçıdır. Duygusal, yaratıcı ve sevecendir. Kemanıyla insanlara umut ve huzur verir.",,Sanatçı,Duygusal / Yaratıcı,9,9,9,,Nadir,,,,,0,0,0,0,5,,,,,FALSE,TRUE,TRUE
LEGO® Minifigürler Serisi 21,lego-minifigurler-serisi-21,lego-minifigures-series-21,2021-01-01,Centaur Warrior,centaur-warrior,centaur-warrior,5,col21-5,Centaur Warrior,"Centaur Warrior, mitolojinin güçlü figürlerinden biridir. Cesur, asil ve savaşçıdır. Doğayla bütünleşmiştir; adalet ve onur için mücadele eder.",,Mitolojik Kahraman,Cesur / Asil,10,10,10,,Nadir,,,,,0,0,0,0,6,,,,,FALSE,TRUE,TRUE
LEGO® Minifigürler Serisi 21,lego-minifigurler-serisi-21,lego-minifigures-series-21,2021-01-01,Shipwreck Survivor,shipwreck-survivor,shipwreck-survivor,6,col21-6,Shipwreck Survivor,"Shipwreck Survivor, fırtınalardan kurtulmuş kararlı bir denizcidir. Cesur, dayanıklı ve mizah sahibidir. Her dalgada yeniden doğmayı bilir.",,Kaşif,Dayanıklı / Mizahi,8,8,8,,Yaygın,,,,,0,0,0,0,5,,,,,FALSE,TRUE,TRUE
LEGO® Minifigürler Serisi 21,lego-minifigurler-serisi-21,lego-minifigures-series-21,2021-01-01,Ladybug Girl,ladybug-girl,ladybug-girl,7,col21-7,Ladybug Girl,"Ladybug Girl, şans ve neşenin sembolüdür. Tatlı, pozitif ve umut doludur. Her yerde mutluluk yayar; gülümsemek onun süper gücüdür.",,Kostüm Karakteri,Tatlı / Pozitif,7,7,7,,Yaygın,,,,,0,0,0,0,4,,,,,FALSE,TRUE,TRUE
LEGO® Minifigürler Serisi 21,lego-minifigurler-serisi-21,lego-minifigures-series-21,2021-01-01,Paddle Surfer,paddle-surfer,paddle-surfer,8,col21-8,Paddle Surfer,"Paddle Surfer, dalgalarla dans eden özgür bir ruhtur. Enerjik, cesur ve dengelidir. Her dalga onun için bir meydan okumadır; doğayla uyum içindedir.",,Sporcu,Cesur / Enerjik,8,8,8,,Yaygın,,,,,0,0,0,0,5,,,,,FALSE,TRUE,TRUE
LEGO® Minifigürler Serisi 21,lego-minifigurler-serisi-21,lego-minifigures-series-21,2021-01-01,Cabaret Singer,cabaret-singer,cabaret-singer,9,col21-9,Cabaret Singer,"Cabaret Singer, sahnenin parlayan yıldızıdır. Tutkulu, özgüvenli ve karizmatiktir. Şarkılarıyla kalplere dokunur; her notası bir hikâye anlatır.",,Sanatçı,Tutkulu / Karizmatik,9,9,9,,Nadir,,,,,0,0,0,0,5,,,,,FALSE,TRUE,TRUE
LEGO® Minifigürler Serisi 21,lego-minifigurler-serisi-21,lego-minifigures-series-21,2021-01-01,Airplane Girl,airplane-girl,airplane-girl,10,col21-10,Airplane Girl,"Airplane Girl, uçmanın hayalini kuran küçük bir mucittir. Meraklı, yaratıcı ve enerjiktir. Her tasarımında gökyüzünü keşfeder.",,Hayalperest,Meraklı / Yaratıcı,8,8,8,,Yaygın,,,,,0,0,0,0,5,,,,,FALSE,TRUE,TRUE
LEGO® Minifigürler Serisi 21,lego-minifigurler-serisi-21,lego-minifigures-series-21,2021-01-01,Ancient Warrior,ancient-warrior,ancient-warrior,11,col21-11,Ancient Warrior,"Ancient Warrior, geçmiş uygarlıkların onurlu savaşçısıdır. Disiplinli, bilge ve cesurdur. Her dövüşte geçmişin şerefini taşır.",,Savaşçı,Disiplinli / Onurlu,10,10,10,,Nadir,,,,,0,0,0,0,6,,,,,FALSE,TRUE,TRUE
LEGO® Minifigürler Serisi 21,lego-minifigurler-serisi-21,lego-minifigures-series-21,2021-01-01,Space Police Officer,space-police-officer,space-police-officer,12,col21-12,Space Police Officer,"Space Police Officer, galaktik düzenin koruyucusudur. Soğukkanlı, adaletli ve kararlıdır. Uzayda barışın sembolü olarak görev yapar.",,Kahraman,Adaletli / Soğukkanlı,9,9,9,,Nadir,,,,,0,0,0,0,5,,,,,FALSE,TRUE,TRUE
LEGO® Minifigürler Serisi Super Mario Character Packs 2,lego-minifigurler-serisi-super-mario-character-packs-2,lego-minifigures-series-super-mario-character-packs-2,2021-01-01,Poison Mushroom,poison-mushroom,poison-mushroom,1,colSM2-1,Poison Mushroom,"Poison Mushroom, oyuncunun dikkatini test eden sinsi bir mantardır. Görünüşü dost canlısı olsa da dokunulduğunda zarar verir. Oyunda tehlikenin masum yüzünü temsil eder.",,Tuzak Karakter,Sinsi / Tehlikeli,9,9,9,,Çok Nadir,,,,,0,0,0,0,6,,,,,FALSE,TRUE,TRUE
LEGO® Minifigürler Serisi Super Mario Character Packs 2,lego-minifigurler-serisi-super-mario-character-packs-2,lego-minifigures-series-super-mario-character-packs-2,2021-01-01,Para Beetle,para-beetle,para-beetle,2,colSM2-2,Para Beetle,"Para Beetle, gökyüzünde süzülen dayanıklı bir yaratık. Üzerinde yürümek dengeni sınar. Sabırlı ve düzenlidir.",,Gökyüzü Düşmanı,Sabırlı / Dayanıklı,8,8,8,,Nadir,,,,,0,0,0,0,6,,,,,FALSE,TRUE,TRUE
LEGO® Minifigürler Serisi Super Mario Character Packs 2,lego-minifigurler-serisi-super-mario-character-packs-2,lego-minifigures-series-super-mario-character-packs-2,2021-01-01,Spiny Cheep Cheep,spiny-cheep-cheep,spiny-cheep-cheep,3,colSM2-3,Spiny Cheep Cheep,"Spiny Cheep Cheep, dikenli yüzgeçleriyle tanınır. Suda çevik, karada tehlikelidir. Gülümser ama yaklaşanı pişman eder.",,Su Altı Düşmanı,Dikenli / Çevik,8,8,8,,Nadir,,,,,0,0,0,0,6,,,,,FALSE,TRUE,TRUE
LEGO® Minifigürler Serisi Super Mario Character Packs 2,lego-minifigurler-serisi-super-mario-character-packs-2,lego-minifigures-series-super-mario-character-packs-2,2021-01-01,Ninji,ninji,ninji,4,colSM2-4,Ninji,"Ninji, karanlıkta zıplayarak hareket eden çevik bir düşmandır. Sessiz ama etkilidir. Hızlı refleksleriyle dikkat çeker.",,Gölgeli Düşman,Hızlı / Sessiz,7,7,7,,Yaygın,,,,,0,0,0,0,6,,,,,FALSE,TRUE,TRUE
LEGO® Minifigürler Serisi Super Mario Character Packs 2,lego-minifigurler-serisi-super-mario-character-packs-2,lego-minifigures-series-super-mario-character-packs-2,2021-01-01,Thwimp,thwimp,thwimp,5,colSM2-5,Thwimp,"Thwimp, yukarıdan inen minik taş canavardır. Saldırıları kestirilemez, acele eden oyuncular için kabus gibidir.",,Hava Tuzağı,Agresif / Ani,8,8,8,,Yaygın,,,,,0,0,0,0,5,,,,,FALSE,TRUE,TRUE
LEGO® Minifigürler Serisi Super Mario Character Packs 2,lego-minifigurler-serisi-super-mario-character-packs-2,lego-minifigures-series-super-mario-character-packs-2,2021-01-01,Fly Guy,fly-guy,fly-guy,6,colSM2-6,Fly Guy,"Fly Guy, maskeli, pervaneli ve şaşırtıcı bir düşmandır. Havada süzülür, beklenmedik anlarda saldırır.",,Uçan Düşman,Komik / Tehlikeli,9,9,9,,Nadir,,,,,0,0,0,0,6,,,,,FALSE,TRUE,TRUE
LEGO® Minifigürler Serisi Super Mario Character Packs 2,lego-minifigurler-serisi-super-mario-character-packs-2,lego-minifigures-series-super-mario-character-packs-2,2021-01-01,Bone Goomba,bone-goomba,bone-goomba,7,colSM2-7,Bone Goomba,"Bone Goomba, klasik Goomba’nın kemikten versiyonudur. Korkutucu görünüşüyle ölümsüzlüğü temsil eder. Zorlu seviyelerde yeniden dirilerek oyuncunun sabrını test eder.",,Ölümsüz Düşman,Sert / Kalıcı,9,9,9,,Çok Nadir,,,,,0,0,0,0,6,,,,,FALSE,TRUE,TRUE
LEGO® Minifigürler Serisi Super Mario Character Packs 2,lego-minifigurler-serisi-super-mario-character-packs-2,lego-minifigures-series-super-mario-character-packs-2,2021-01-01,Parachute Goomba,parachute-goomba,parachute-goomba,8,colSM2-8,Parachute Goomba,"Parachute Goomba, gökten süzülen sevimli ama tehlikeli bir figürdür. Yavaş düşer, ama ani hamleleriyle dikkat dağıtır.",,Hava Desteği,Yavaş / Beklenmedik,8,8,8,,Yaygın,,,,,0,0,0,0,6,,,,,FALSE,TRUE,TRUE
LEGO® Minifigürler Serisi Super Mario Character Packs 2,lego-minifigurler-serisi-super-mario-character-packs-2,lego-minifigures-series-super-mario-character-packs-2,2021-01-01,Crowber,crowber,crowber,9,colSM2-9,Crowber,"Crowber, gökyüzünde pusu kuran saldırgan bir kuştur. Oyuncuya üstten yaklaşır, beklenmedik ataklarıyla şaşırtır.",,Kuş Düşman,Saldırgan / Kurnaz,8,8,8,,Nadir,,,,,0,0,0,0,5,,,,,FALSE,TRUE,TRUE
LEGO® Minifigürler Serisi Super Mario Character Packs 2,lego-minifigurler-serisi-super-mario-character-packs-2,lego-minifigures-series-super-mario-character-packs-2,2021-01-01,Huckit Crab,huckit-crab,huckit-crab,10,colSM2-10,Huckit Crab,"Huckit Crab, deniz kıyısında taş fırlatarak saldıran asi bir karakterdir. Komik görünür ama hedefinden şaşmaz.",,Deniz Düşmanı,Komik / İsabetli,9,9,9,,Nadir,,,,,0,0,0,0,6,,,,,FALSE,TRUE,TRUE
LEGO® Minifigürler Serisi VIDIYO Bandmates,lego-minifigurler-serisi-vidiyo-bandmates,lego-minifigures-series-vidiyo-bandmates,2021-03-01,DJ Cheetah,dj-cheetah,dj-cheetah,1,colVID-1,DJ Cheetah,"DJ Cheetah, ritim ve hızı birleştirir. Sahneye adım attığında tüm gözler onda olur. Ritim onun DNA’sında vardır.",,DJ,Hızlı / Ritmik,8,8,8,,Yaygın,,,,,0,0,0,0,6,,,,,FALSE,TRUE,TRUE
LEGO® Minifigürler Serisi VIDIYO Bandmates,lego-minifigurler-serisi-vidiyo-bandmates,lego-minifigures-series-vidiyo-bandmates,2021-03-01,Genie Dancer,genie-dancer,genie-dancer,2,colVID-2,Genie Dancer,"Genie Dancer, danslarıyla büyü yapar. Enerjisiyle izleyenleri hipnotize eder, sahneyi bir sihir gösterisine çevirir.",,Dansçı,Büyüleyici / Enerjik,8,8,8,,Yaygın,,,,,0,0,0,0,6,,,,,FALSE,TRUE,TRUE
LEGO® Minifigürler Serisi VIDIYO Bandmates,lego-minifigurler-serisi-vidiyo-bandmates,lego-minifigures-series-vidiyo-bandmates,2021-03-01,Shark Singer,shark-singer,shark-singer,3,colVID-3,Shark Singer,"Shark Singer, güçlü sesiyle sahneyi sarsar. Korkusuz bir performans sergiler. Müziğin derin sularında yaşar.",,Şarkıcı,Güçlü / Cesur,9,9,9,,Nadir,,,,,0,0,0,0,6,,,,,FALSE,TRUE,TRUE
LEGO® Minifigürler Serisi VIDIYO Bandmates,lego-minifigurler-serisi-vidiyo-bandmates,lego-minifigures-series-vidiyo-bandmates,2021-03-01,Discowboy,discowboy,discowboy,4,colVID-4,Discowboy,"Discowboy, geçmişin disko ruhunu batı tarzıyla harmanlar. Özgürlüğü ve ritmi temsil eder.",,Dansçı,Özgür / Karizmatik,8,8,8,,Yaygın,,,,,0,0,0,0,6,,,,,FALSE,TRUE,TRUE
LEGO® Minifigürler Serisi VIDIYO Bandmates,lego-minifigurler-serisi-vidiyo-bandmates,lego-minifigures-series-vidiyo-bandmates,2021-03-01,Red Panda Dancer,red-panda-dancer,red-panda-dancer,5,colVID-5,Red Panda Dancer,"Red Panda Dancer, tatlı görünümünün altında müthiş bir dans yeteneği barındırır. Sahne onun evi gibidir.",,Dansçı,Tatlı / Yetenekli,8,8,8,,Yaygın,,,,,0,0,0,0,6,,,,,FALSE,TRUE,TRUE
LEGO® Minifigürler Serisi VIDIYO Bandmates,lego-minifigurler-serisi-vidiyo-bandmates,lego-minifigures-series-vidiyo-bandmates,2021-03-01,Alien DJ,alien-dj,alien-dj,6,colVID-6,Alien DJ,"Alien DJ, uzaydan gelen melodilerle ritmi yeniden tanımlar. Fütüristik tarzı ile kalabalığı büyüler.",,DJ,Fütüristik / Yaratıcı,9,9,9,,Nadir,,,,,0,0,0,0,6,,,,,FALSE,TRUE,TRUE
LEGO® Minifigürler Serisi VIDIYO Bandmates,lego-minifigurler-serisi-vidiyo-bandmates,lego-minifigures-series-vidiyo-bandmates,2021-03-01,Samurai Rapper,samurai-rapper,samurai-rapper,7,colVID-7,Samurai Rapper,"Samurai Rapper, disiplinli duruşunu rap kültürüyle birleştirir. Gücünü kelimelerle ifade eder.",,Rapçi,Güçlü / Disiplinli,9,9,9,,Nadir,,,,,0,0,0,0,6,,,,,FALSE,TRUE,TRUE
LEGO® Minifigürler Serisi VIDIYO Bandmates,lego-minifigurler-serisi-vidiyo-bandmates,lego-minifigures-series-vidiyo-bandmates,2021-03-01,Banshee Singer,banshee-singer,banshee-singer,8,colVID-8,Banshee Singer,"Banshee Singer, gizemli sesiyle duyguları titreştirir. Her notasında büyü vardır.",,Şarkıcı,Gizemli / Etkileyici,9,9,9,,Nadir,,,,,0,0,0,0,6,,,,,FALSE,TRUE,TRUE
LEGO® Minifigürler Serisi VIDIYO Bandmates,lego-minifigurler-serisi-vidiyo-bandmates,lego-minifigures-series-vidiyo-bandmates,2021-03-01,Ice Cream Saxophonist,ice-cream-saxophonist,ice-cream-saxophonist,9,colVID-9,Ice Cream Saxophonist,"Ice Cream Saxophonist, müziğe tatlılık katar. Eğlenceli melodileriyle herkesi gülümsetir.",,Müzisyen,Pozitif / Eğlenceli,8,8,8,,Yaygın,,,,,0,0,0,0,6,,,,,FALSE,TRUE,TRUE
LEGO® Minifigürler Serisi VIDIYO Bandmates,lego-minifigurler-serisi-vidiyo-bandmates,lego-minifigures-series-vidiyo-bandmates,2021-03-01,Cotton Candy Cheerleader,cotton-candy-cheerleader,cotton-candy-cheerleader,10,colVID-10,Cotton Candy Cheerleader,"Cotton Candy Cheerleader, neşesiyle izleyenleri motive eder. Her hareketi pozitif enerji saçar.",,Cheerleader,Enerjik / Motive Edici,8,8,8,,Yaygın,,,,,0,0,0,0,6,,,,,FALSE,TRUE,TRUE
LEGO® Minifigürler Serisi VIDIYO Bandmates,lego-minifigurler-serisi-vidiyo-bandmates,lego-minifigures-series-vidiyo-bandmates,2021-03-01,Punk Pirate,punk-pirate,punk-pirate,11,colVID-11,Punk Pirate,"Punk Pirate, sahnede isyankâr bir ruhla çalar. Kuralları değil, müziği takip eder.",,Gitarist,Asi / Tutkulu,9,9,9,,Nadir,,,,,0,0,0,0,6,,,,,FALSE,TRUE,TRUE
LEGO® Minifigürler Serisi VIDIYO Bandmates,lego-minifigurler-serisi-vidiyo-bandmates,lego-minifigures-series-vidiyo-bandmates,2021-03-01,Robot Drummer,robot-drummer,robot-drummer,12,colVID-12,Robot Drummer,"Robot Drummer, mükemmel ritim anlayışıyla grubun temelidir. Soğukkanlı ama efsanevi bir müzisyendir.",,Davulcu,Soğukkanlı / Kusursuz,9,9,9,,Nadir,,,,,0,0,0,0,6,,,,,FALSE,TRUE,TRUE
LEGO® Minifigürler Serisi Looney Tunes,lego-minifigurler-serisi-looney-tunes,lego-minifigures-series-looney-tunes,2021-04-01,Bugs Bunny,bugs-bunny,bugs-bunny,1,colLT-1,Bugs Bunny,"Bugs Bunny, neşeli, esprili ve kurnaz bir karakterdir. Karşısına çıkan engelleri zekâsı ve hazırcevaplığıyla aşar. Her ortamda liderliği ele alır ve eğlenceli yapısıyla dikkat çeker.",,Mizahi Kahraman,Zeki / Neşeli,10,10,10,,Çok Nadir,,,,,0,0,0,0,6,,,,,FALSE,TRUE,TRUE
LEGO® Minifigürler Serisi Looney Tunes,lego-minifigurler-serisi-looney-tunes,lego-minifigures-series-looney-tunes,2021-04-01,Lola Bunny,lola-bunny,lola-bunny,2,colLT-2,Lola Bunny,"Lola Bunny, atletik, özgüvenli ve zariftir. Sporda yetenekli, duruşuyla da ilham vericidir. Enerjik yapısı ve kararlılığıyla koleksiyonun güçlü figürlerinden biridir.",,Kahraman,Zarif / Kararlı,9,9,9,,Nadir,,,,,0,0,0,0,6,,,,,FALSE,TRUE,TRUE
LEGO® Minifigürler Serisi Looney Tunes,lego-minifigurler-serisi-looney-tunes,lego-minifigures-series-looney-tunes,2021-04-01,Daffy Duck,daffy-duck,daffy-duck,3,colLT-3,Daffy Duck,"Daffy Duck, hırslı, komik ve abartılı tepkileriyle tanınır. Her zaman öne çıkmak ister ama çoğu zaman işleri karıştırır. Mizahi yönüyle koleksiyonda farklı bir enerji yaratır.",,Komik Karakter,Hırslı / Eğlenceli,9,9,9,,Nadir,,,,,0,0,0,0,6,,,,,FALSE,TRUE,TRUE
LEGO® Minifigürler Serisi Looney Tunes,lego-minifigurler-serisi-looney-tunes,lego-minifigures-series-looney-tunes,2021-04-01,Porky Pig,porky-pig,porky-pig,4,colLT-4,Porky Pig,"Porky Pig, sevecen, utangaç ama bir o kadar da kararlıdır. Hatalarına rağmen pes etmez. Onun sabırlı yapısı koleksiyona içten bir sıcaklık katar.",,Sevecen Karakter,Utangaç / Kararlı,8,8,8,,Yaygın,,,,,0,0,0,0,5,,,,,FALSE,TRUE,TRUE
LEGO® Minifigürler Serisi Looney Tunes,lego-minifigurler-serisi-looney-tunes,lego-minifigures-series-looney-tunes,2021-04-01,Petunia Pig,petunia-pig,petunia-pig,5,colLT-5,Petunia Pig,"Petunia Pig, nazik, uyumlu ve akıllı bir karakterdir. Porky Pig ile uyumlu bir figür oluşturur. Sakinliğiyle koleksiyonun denge unsurlarındandır.",,Yardımcı Karakter,Nazik / Uyumlu,8,8,8,,Yaygın,,,,,0,0,0,0,5,,,,,FALSE,TRUE,TRUE
LEGO® Minifigürler Serisi Looney Tunes,lego-minifigurler-serisi-looney-tunes,lego-minifigures-series-looney-tunes,2021-04-01,Wile E. Coyote,wile-e-coyote,wile-e-coyote,6,colLT-6,Wile E. Coyote,"Sylvester the Cat, azimli, kurnaz ve rekabetçi bir karakterdir. Tweety’yi yakalamaya çalışsa da her seferinde başarısız olur. Onun azmi koleksiyona mizahi bir hava katar.",,Rakip Karakter,Kurnaz / Azimli,10,10,10,,Nadir,,,,,0,0,0,0,6,,,,,FALSE,TRUE,TRUE
LEGO® Minifigürler Serisi Looney Tunes,lego-minifigurler-serisi-looney-tunes,lego-minifigures-series-looney-tunes,2021-04-01,Road Runner,road-runner,road-runner,7,colLT-7,Road Runner,"Tweety Bird, tatlı, küçük ama zeki bir karakterdir. Masum görünüşüne rağmen oldukça kurnazdır. Her zaman beklenmedik hamlelerle düşmanlarını alt eder.",,Sevimli Karakter,Küçük / Zeki,9,9,9,,Yaygın,,,,,0,0,0,0,5,,,,,FALSE,TRUE,TRUE
LEGO® Minifigürler Serisi Looney Tunes,lego-minifigurler-serisi-looney-tunes,lego-minifigures-series-looney-tunes,2021-04-01,Sylvester the Cat,sylvester-the-cat,sylvester-the-cat,8,colLT-8,Sylvester the Cat,"Wile E. Coyote, maceraperest, planlayıcı ama şanssız bir karakterdir. Her defasında başarısız olsa da denemekten vazgeçmez. Koleksiyonda mizah ve azmin sembolüdür.",,Mizahi Rakip,Planlayıcı / Şanssız,10,10,10,,Nadir,,,,,0,0,0,0,6,,,,,FALSE,TRUE,TRUE
LEGO® Minifigürler Serisi Looney Tunes,lego-minifigurler-serisi-looney-tunes,lego-minifigures-series-looney-tunes,2021-04-01,Tweety Bird,tweety-bird,tweety-bird,9,colLT-9,Tweety Bird,"Road Runner, hız, çeviklik ve sabır figürüdür. Wile E. Coyote’yi her seferinde zekice tuzaklara düşürür. Hızıyla koleksiyona dinamizm katar.",,Hızlı Karakter,Çevik / Sabırlı,9,9,9,,Nadir,,,,,0,0,0,0,6,,,,,FALSE,TRUE,TRUE
LEGO® Minifigürler Serisi Looney Tunes,lego-minifigurler-serisi-looney-tunes,lego-minifigures-series-looney-tunes,2021-04-01,Speedy Gonzales,speedy-gonzales,speedy-gonzales,10,colLT-10,Speedy Gonzales,"Tasmanian Devil (Taz), enerjik, güçlü ve kontrolsüzdür. Dönen kasırga gibi her yeri altüst eder ama eğlencelidir. Koleksiyonun kaotik gücünü temsil eder.",,Kaotik Karakter,Güçlü / Eğlenceli,11,11,11,,Çok Nadir,,,,,0,0,0,0,6,,,,,FALSE,TRUE,TRUE
LEGO® Minifigürler Serisi Looney Tunes,lego-minifigurler-serisi-looney-tunes,lego-minifigures-series-looney-tunes,2021-04-01,Tasmanian Devil,tasmanian-devil,tasmanian-devil,11,colLT-11,Tasmanian Devil,"Marvin the Martian, sessiz ama zekidir. Uzaylı bir karakter olarak teknolojiyi ve düzeni temsil eder. Gizemli duruşuyla koleksiyona derinlik katar.",,Gizemli Karakter,Sessiz / Zeki,10,10,10,,Nadir,,,,,0,0,0,0,5,,,,,FALSE,TRUE,TRUE
LEGO® Minifigürler Serisi Looney Tunes,lego-minifigurler-serisi-looney-tunes,lego-minifigures-series-looney-tunes,2021-04-01,Marvin the Martian,marvin-the-martian,marvin-the-martian,12,colLT-12,Marvin the Martian,"Speedy Gonzales, hızlı, çevik ve eğlencelidir. Cesareti ve enerjisiyle her durumu lehine çevirir. Koleksiyonun neşeli kahramanlarından biridir.",,Neşeli Kahraman,Hızlı / Cesur,10,10,10,,Çok Nadir,,,,,0,0,0,0,6,,,,,FALSE,TRUE,TRUE
LEGO® Minifigürler Serisi Super Mario Character Packs 3,lego-minifigurler-serisi-super-mario-character-packs-3,lego-minifigures-series-super-mario-character-packs-3,2021-08-01,Galoomba,galoomba,galoomba,1,colSM3-1,Galoomba,"Galoomba, klasik Goomba’nın daha sert bir versiyonudur. Üzerine zıplandığında bile kolay pes etmez. Oyuncular için küçük ama inatçı bir engeldir.",,Klasik Düşman,Sert / İnatçı,8,8,8,,Nadir,,,,,0,0,0,0,6,,,,,FALSE,TRUE,TRUE
LEGO® Minifigürler Serisi Super Mario Character Packs 3,lego-minifigurler-serisi-super-mario-character-packs-3,lego-minifigures-series-super-mario-character-packs-3,2021-08-01,Boo,boo,boo,2,colSM3-2,Boo,"Boo, Mario evreninin ünlü hayaletidir. Oyuncuya arkasından yaklaşır ama göz göze gelindiğinde donar. Korkutucu ama sevimli bir figürdür.",,Hayalet Düşman,Sessiz / Korkutucu,9,9,9,,Nadir,,,,,0,0,0,0,5,,,,,FALSE,TRUE,TRUE
LEGO® Minifigürler Serisi Super Mario Character Packs 3,lego-minifigurler-serisi-super-mario-character-packs-3,lego-minifigures-series-super-mario-character-packs-3,2021-08-01,Crowber,crowber,crowber,3,colSM3-3,Crowber,"Crowber, havadan saldıran kurnaz bir kuştur. Oyuncuya yukarıdan yaklaşır ve planlı ataklar yapar. Hızlı ve agresiftir.",,Hava Saldırganı,Hızlı / Kurnaz,8,8,8,,Yaygın,,,,,0,0,0,0,6,,,,,FALSE,TRUE,TRUE
LEGO® Minifigürler Serisi Super Mario Character Packs 3,lego-minifigurler-serisi-super-mario-character-packs-3,lego-minifigures-series-super-mario-character-packs-3,2021-08-01,Amp,amp,amp,4,colSM3-4,Amp,"Amp, elektrik enerjisiyle dolu bir düşmandır. Dokunan oyuncuyu çarpar. Küçük ama etkili bir tehdittir.",,Elektrik Düşmanı,Küçük / Tehlikeli,7,7,7,,Yaygın,,,,,0,0,0,0,6,,,,,FALSE,TRUE,TRUE
LEGO® Minifigürler Serisi Super Mario Character Packs 3,lego-minifigurler-serisi-super-mario-character-packs-3,lego-minifigures-series-super-mario-character-packs-3,2021-08-01,Torpedo Ted,torpedo-ted,torpedo-ted,5,colSM3-5,Torpedo Ted,"Torpedo Ted, denizlerdeki füzeli düşmandır. Hedefini şaşırmaz, düz bir hat üzerinde hızla ilerler. Gücüyle dikkat çeker.",,Füze Düşmanı,Hedefli / Güçlü,9,9,9,,Nadir,,,,,0,0,0,0,6,,,,,FALSE,TRUE,TRUE
LEGO® Minifigürler Serisi Super Mario Character Packs 3,lego-minifigurler-serisi-super-mario-character-packs-3,lego-minifigures-series-super-mario-character-packs-3,2021-08-01,1-Up Mushroom,1-up-mushroom,1-up-mushroom,6,colSM3-6,1-Up Mushroom,"1-Up Mushroom, yaşam şansı veren sembolik bir mantardır. Oyuncuya ekstra can kazandırır. Yeşil rengiyle umudu temsil eder.",,Güç Figürü,Umut Veren / İyileştirici,10,10,10,,Çok Nadir,,,,,0,0,0,0,5,,,,,FALSE,TRUE,TRUE
LEGO® Minifigürler Serisi Super Mario Character Packs 3,lego-minifigurler-serisi-super-mario-character-packs-3,lego-minifigures-series-super-mario-character-packs-3,2021-08-01,Scuttlebug,scuttlebug,scuttlebug,7,colSM3-7,Scuttlebug,"Scuttlebug, dört ayaklı örümcek benzeri bir düşmandır. Platformlarda dengesizce yürür, oyuncuyu tuzağa düşürür.",,Platform Düşmanı,Zıplayan / Kurnaz,8,8,8,,Nadir,,,,,0,0,0,0,6,,,,,FALSE,TRUE,TRUE
LEGO® Minifigürler Serisi Super Mario Character Packs 3,lego-minifigurler-serisi-super-mario-character-packs-3,lego-minifigures-series-super-mario-character-packs-3,2021-08-01,Bony Beetle,bony-beetle,bony-beetle,8,colSM3-8,Bony Beetle,"Bony Beetle, kabuğu ve kemik yapısıyla dayanıklıdır. Zıplanamaz ama dikkatli yaklaşılırsa etkisiz hale getirilebilir.",,Zırhlı Düşman,Dayanıklı / Stratejik,9,9,9,,Nadir,,,,,0,0,0,0,6,,,,,FALSE,TRUE,TRUE
LEGO® Minifigürler Serisi Super Mario Character Packs 3,lego-minifigurler-serisi-super-mario-character-packs-3,lego-minifigures-series-super-mario-character-packs-3,2021-08-01,Swoop,swoop,swoop,9,colSM3-9,Swoop,"Swoop, mağaralarda yaşayan yarasa benzeri bir karakterdir. Sessizce asılı kalır, ansızın saldırır.",,Mağara Düşmanı,Gizli / Sessiz,8,8,8,,Yaygın,,,,,0,0,0,0,5,,,,,FALSE,TRUE,TRUE
LEGO® Minifigürler Serisi Super Mario Character Packs 3,lego-minifigurler-serisi-super-mario-character-packs-3,lego-minifigures-series-super-mario-character-packs-3,2021-08-01,Chain Chomp,chain-chomp,chain-chomp,10,colSM3-10,Chain Chomp,"Chain Chomp, zincirli, vahşi ama komik bir yaratıktır. Alanını korur, yaklaşanı korkutur ama sevimli görüntüsünü korur.",,Zincirli Düşman,Güçlü / Komik,10,10,10,,Çok Nadir,,,,,0,0,0,0,6,,,,,FALSE,TRUE,TRUE
LEGO® Minifigürler Serisi Marvel Studios,lego-minifigurler-serisi-marvel-studios,lego-minifigures-series-marvel-studios,2021-09-01,The Scarlet Witch (Wanda Maximoff),the-scarlet-witch-wanda-maximoff,the-scarlet-witch-wanda-maximoff,1,colMS-1,The Scarlet Witch (Wanda Maximoff),"The Scarlet Witch (Wanda Maximoff), büyü gücü ve duygusal derinliğiyle dikkat çeker. Gerçekliği değiştirme yeteneğiyle hem kahraman hem tehdit olabilir. Gücünü sevgisinden ve kayıplarından alır, karmaşık bir figürdür.",,Büyücü Kahraman,Güçlü / Duygusal,12,12,12,,Çok Nadir,,,,,0,0,0,0,6,,,,,FALSE,TRUE,TRUE
LEGO® Minifigürler Serisi Marvel Studios,lego-minifigurler-serisi-marvel-studios,lego-minifigures-series-marvel-studios,2021-09-01,The Vision (White Vision),the-vision-white-vision,the-vision-white-vision,2,colMS-2,The Vision (White Vision),"The Vision (White Vision), yapay zekânın bilinçle buluştuğu figürdür. Saf, meraklı ve sorgulayıcıdır. Kimliğini bulma arayışı onu hem insana hem makineye yaklaştırır.",,Yapay Zeka Kahraman,Bilge / Sorgulayıcı,11,11,11,,Nadir,,,,,0,0,0,0,6,,,,,FALSE,TRUE,TRUE
LEGO® Minifigürler Serisi Marvel Studios,lego-minifigurler-serisi-marvel-studios,lego-minifigures-series-marvel-studios,2021-09-01,Monica Rambeau,monica-rambeau,monica-rambeau,3,colMS-3,Monica Rambeau,"Monica Rambeau, cesur, kararlı ve enerjik bir ajandır. Kozmik güçlerle donanmış, adalet arayışıyla hareket eder. Her durumda doğru olanı savunur.",,Kozmik Kahraman,Cesur / Adaletli,10,10,10,,Yaygın,,,,,0,0,0,0,6,,,,,FALSE,TRUE,TRUE
LEGO® Minifigürler Serisi Marvel Studios,lego-minifigurler-serisi-marvel-studios,lego-minifigures-series-marvel-studios,2021-09-01,Winter Soldier (Bucky Barnes),winter-soldier-bucky-barnes,winter-soldier-bucky-barnes,4,colMS-4,Winter Soldier (Bucky Barnes),"Winter Soldier (Bucky Barnes), geçmişinin yüküyle mücadele eden bir savaşçıdır. Sadık, güçlü ve içsel çatışmalarla doludur. Yeniden doğuşu kahramanlığının sembolüdür.",,Savaşçı,Güçlü / İçsel Çatışmalı,9,9,9,,Yaygın,,,,,0,0,0,0,6,,,,,FALSE,TRUE,TRUE
LEGO® Minifigürler Serisi Marvel Studios,lego-minifigurler-serisi-marvel-studios,lego-minifigures-series-marvel-studios,2021-09-01,Captain America (Sam Wilson),captain-america-sam-wilson,captain-america-sam-wilson,5,colMS-5,Captain America (Sam Wilson),"Captain America (Sam Wilson), adaletin yeni yüzüdür. Cesur, vicdanlı ve halktan biridir. Kalkanı taşıması, umudun yeni bir nesle geçtiğini gösterir.",,Yeni Nesil Lider,Cesur / İlham Verici,12,12,12,,Çok Nadir,,,,,0,0,0,0,6,,,,,FALSE,TRUE,TRUE
LEGO® Minifigürler Serisi Marvel Studios,lego-minifigurler-serisi-marvel-studios,lego-minifigures-series-marvel-studios,2021-09-01,Loki,loki,loki,6,colMS-6,Loki,"Loki, kaosun ve mizahın efendisidir. Zeki, kurnaz ama kalbinde gizli bir yalnızlık taşır. Her zaman kendi kaderini yeniden yazar.",,Anti Kahraman,Zeki / Kurnaz,11,11,11,,Nadir,,,,,0,0,0,0,6,,,,,FALSE,TRUE,TRUE
LEGO® Minifigürler Serisi Marvel Studios,lego-minifigurler-serisi-marvel-studios,lego-minifigures-series-marvel-studios,2021-09-01,Sylvie,sylvie,sylvie,7,colMS-7,Sylvie,"Sylvie, kararlı, özgür ruhlu ve intikam doludur. Geçmişini değiştirmek için savaşır. Her adımı kendi kimliğini bulma mücadelesidir.",,Asi Kahraman,Kararlı / Özgür Ruhlu,10,10,10,,Nadir,,,,,0,0,0,0,6,,,,,FALSE,TRUE,TRUE
LEGO® Minifigürler Serisi Marvel Studios,lego-minifigurler-serisi-marvel-studios,lego-minifigures-series-marvel-studios,2021-09-01,Captain Carter,captain-carter,captain-carter,8,colMS-8,Captain Carter,"Captain Carter, alternatif evrende süper serumla güçlenmiş cesur bir liderdir. Sadık, disiplinli ve kararlıdır. Kadın kahramanlığının güçlü simgesidir.",,Alternatif Lider,Güçlü / Disiplinli,11,11,11,,Nadir,,,,,0,0,0,0,6,,,,,FALSE,TRUE,TRUE
LEGO® Minifigürler Serisi Marvel Studios,lego-minifigurler-serisi-marvel-studios,lego-minifigures-series-marvel-studios,2021-09-01,Gamora (Blade of Thanos),gamora-blade-of-thanos,gamora-blade-of-thanos,9,colMS-9,Gamora (Blade of Thanos),"Gamora (Blade of Thanos), kaderini değiştiren bir savaşçıdır. Karanlık geçmişine rağmen iyiliği seçer. Gücü, inancı ve affetme yeteneğiyle öne çıkar.",,İyileşmiş Savaşçı,Cesur / Bilge,10,10,10,,Yaygın,,,,,0,0,0,0,6,,,,,FALSE,TRUE,TRUE
LEGO® Minifigürler Serisi Marvel Studios,lego-minifigurler-serisi-marvel-studios,lego-minifigures-series-marvel-studios,2021-09-01,Star-Lord T’Challa,star-lord-t-challa,star-lord-t-challa,10,colMS-10,Star-Lord T’Challa,"Star-Lord T’Challa, liderlik ve nezaketin birleşimidir. Galaksiyi birleştirici, barışçıl ve vizyoner bir kahramandır. Her eylemi umutla doludur.",,Galaktik Kahraman,Barışçıl / Vizyoner,10,10,10,,Nadir,,,,,0,0,0,0,6,,,,,FALSE,TRUE,TRUE
LEGO® Minifigürler Serisi Marvel Studios,lego-minifigurler-serisi-marvel-studios,lego-minifigures-series-marvel-studios,2021-09-01,Zombie Hunter Spidey,zombie-hunter-spidey,zombie-hunter-spidey,11,colMS-11,Zombie Hunter Spidey,"Zombie Hunter Spidey, mizahını koruyan bir hayatta kalandır. Zorlu dünyada bile dostluğun ve umudun sembolüdür. Cesareti bulaşıcıdır.",,Hayatta Kalan,Mizahi / Cesur,11,11,11,,Nadir,,,,,0,0,0,0,6,,,,,FALSE,TRUE,TRUE
LEGO® Minifigürler Serisi Marvel Studios,lego-minifigurler-serisi-marvel-studios,lego-minifigures-series-marvel-studios,2021-09-01,Zombie Captain America,zombie-captain-america,zombie-captain-america,12,colMS-12,Zombie Captain America,"Zombie Captain America, karanlığın içinde kaybolmuş bir semboldür. Eskinin kahramanı, şimdi korkunun yüzüdür. Trajik geçmişiyle ürkütücü bir hatırlatmadır.",,Karanlık Figür,Trajik / Ürkütücü,12,12,12,,Çok Nadir,,,,,0,0,0,0,6,,,,,FALSE,TRUE,TRUE
LEGO® Minifigürler Serisi VIDIYO Bandmates 2,lego-minifigurler-serisi-vidiyo-bandmates-2,lego-minifigures-series-vidiyo-bandmates-2,2021-10-01,DJ Beatbox,dj-beatbox,dj-beatbox,1,colVID2-1,DJ Beatbox,"DJ Beatbox, her ritmi karıştırarak eşsiz soundlar yaratır. Enerjik, karizmatik ve müzik tutkunu bir figürdür.",,DJ,Karizmatik / Enerjik,9,9,9,,Nadir,,,,,0,0,0,0,6,,,,,FALSE,TRUE,TRUE
LEGO® Minifigürler Serisi VIDIYO Bandmates 2,lego-minifigurler-serisi-vidiyo-bandmates-2,lego-minifigures-series-vidiyo-bandmates-2,2021-10-01,Tiger Guitarist,tiger-guitarist,tiger-guitarist,2,colVID2-2,Tiger Guitarist,"Tiger Guitarist, sahnede vahşi enerjisiyle parlayarak dikkat çeker. Gitarı kükreyiş gibidir.",,Gitarist,Vahşi / Güçlü,9,9,9,,Nadir,,,,,0,0,0,0,6,,,,,FALSE,TRUE,TRUE
LEGO® Minifigürler Serisi VIDIYO Bandmates 2,lego-minifigurler-serisi-vidiyo-bandmates-2,lego-minifigures-series-vidiyo-bandmates-2,2021-10-01,K-Pop Dancer,k-pop-dancer,k-pop-dancer,3,colVID2-3,K-Pop Dancer,"K-Pop Dancer, sahne ışıklarının parlayan yıldızıdır. Tarzı modern, hareketleri kusursuzdur.",,Dansçı,Modern / Havalı,8,8,8,,Yaygın,,,,,0,0,0,0,6,,,,,FALSE,TRUE,TRUE
LEGO® Minifigürler Serisi VIDIYO Bandmates 2,lego-minifigurler-serisi-vidiyo-bandmates-2,lego-minifigures-series-vidiyo-bandmates-2,2021-10-01,Vampire Bassist,vampire-bassist,vampire-bassist,4,colVID2-4,Vampire Bassist,"Vampire Bassist, gotik karizmasıyla dikkat çeker. Karanlık tınılarıyla müziğe derinlik katar.",,Basçı,Gotik / Karizmatik,9,9,9,,Nadir,,,,,0,0,0,0,6,,,,,FALSE,TRUE,TRUE
LEGO® Minifigürler Serisi VIDIYO Bandmates 2,lego-minifigurler-serisi-vidiyo-bandmates-2,lego-minifigures-series-vidiyo-bandmates-2,2021-10-01,Dragon Guitarist,dragon-guitarist,dragon-guitarist,5,colVID2-5,Dragon Guitarist,"Dragon Guitarist, sahneyi ateşiyle aydınlatır. Tutkulu ve unutulmaz bir performans sergiler.",,Gitarist,Tutkulu / Parlak,9,9,9,,Nadir,,,,,0,0,0,0,6,,,,,FALSE,TRUE,TRUE
LEGO® Minifigürler Serisi VIDIYO Bandmates 2,lego-minifigurler-serisi-vidiyo-bandmates-2,lego-minifigures-series-vidiyo-bandmates-2,2021-10-01,Alien Singer,alien-singer,alien-singer,6,colVID2-6,Alien Singer,"Alien Singer, uzay melodilerini dünyaya taşır. Fütüristik tarzıyla dikkat çeker.",,Şarkıcı,Fütüristik / Özgün,9,9,9,,Nadir,,,,,0,0,0,0,6,,,,,FALSE,TRUE,TRUE
LEGO® Minifigürler Serisi VIDIYO Bandmates 2,lego-minifigurler-serisi-vidiyo-bandmates-2,lego-minifigures-series-vidiyo-bandmates-2,2021-10-01,Zombie Dancer,zombie-dancer,zombie-dancer,7,colVID2-7,Zombie Dancer,"Zombie Dancer, ritimleriyle ölümsüzleşir. Eğlenceli, komik ve beklenmedik hareketlerle doludur.",,Dansçı,Eğlenceli / Komik,8,8,8,,Yaygın,,,,,0,0,0,0,6,,,,,FALSE,TRUE,TRUE
LEGO® Minifigürler Serisi VIDIYO Bandmates 2,lego-minifigurler-serisi-vidiyo-bandmates-2,lego-minifigures-series-vidiyo-bandmates-2,2021-10-01,DJ Panda,dj-panda,dj-panda,8,colVID2-8,DJ Panda,"DJ Panda, sevimliliğiyle sahnede fark yaratır. Ritimleri tatlı ama güçlüdür.",,DJ,Sevimli / Güçlü,9,9,9,,Yaygın,,,,,0,0,0,0,6,,,,,FALSE,TRUE,TRUE
LEGO® Minifigürler Serisi VIDIYO Bandmates 2,lego-minifigurler-serisi-vidiyo-bandmates-2,lego-minifigures-series-vidiyo-bandmates-2,2021-10-01,Robot Singer,robot-singer,robot-singer,9,colVID2-9,Robot Singer,"Robot Singer, kusursuz vokaliyle sahneye düzen getirir. Mükemmeliyetçi ama duygusaldır.",,Şarkıcı,Kusursuz / Duygusal,9,9,9,,Nadir,,,,,0,0,0,0,6,,,,,FALSE,TRUE,TRUE
LEGO® Minifigürler Serisi VIDIYO Bandmates 2,lego-minifigurler-serisi-vidiyo-bandmates-2,lego-minifigures-series-vidiyo-bandmates-2,2021-10-01,Mermaid Rapper,mermaid-rapper,mermaid-rapper,10,colVID2-10,Mermaid Rapper,"Mermaid Rapper, dalgaların sesiyle rap’i harmanlar. Güçlü, zarif ve özgün bir karakterdir.",,Rapçi,Zarif / Güçlü,9,9,9,,Nadir,,,,,0,0,0,0,6,,,,,FALSE,TRUE,TRUE
LEGO® Minifigürler Serisi VIDIYO Bandmates 2,lego-minifigurler-serisi-vidiyo-bandmates-2,lego-minifigures-series-vidiyo-bandmates-2,2021-10-01,Werewolf Drummer,werewolf-drummer,werewolf-drummer,11,colVID2-11,Werewolf Drummer,"Werewolf Drummer, sahneye vahşi bir enerji katar. Güçlü davul vuruşlarıyla dikkat çeker.",,Davulcu,Vahşi / Güçlü,9,9,9,,Nadir,,,,,0,0,0,0,6,,,,,FALSE,TRUE,TRUE
LEGO® Minifigürler Serisi VIDIYO Bandmates 2,lego-minifigurler-serisi-vidiyo-bandmates-2,lego-minifigures-series-vidiyo-bandmates-2,2021-10-01,Disco Fairy,disco-fairy,disco-fairy,12,colVID2-12,Disco Fairy,"Disco Fairy, sahneyi parıltısıyla aydınlatır. Neşeli, sihirli ve pozitif enerjilidir.",,Peri,Neşeli / Parlak,9,9,9,,Nadir,,,,,0,0,0,0,6,,,,,FALSE,TRUE,TRUE
LEGO® Minifigürler Serisi 22,lego-minifigurler-serisi-22,lego-minifigures-series-22,2022-01-01,Robot Repair Tech,robot-repair-tech,robot-repair-tech,1,col22-1,Robot Repair Tech,"Robot Repair Tech, geleceğin tamircisidir. Mekanik zekâsı ve neşeli tavrıyla bozuk robotlara yeniden hayat verir. Yaratıcı, sabırlı ve pozitif bir karakterdir. Teknolojiye ruh katar.",,Mühendis,Yaratıcı / Sabırlı,9,9,9,,Nadir,,,,,0,0,0,0,5,,,,,FALSE,TRUE,TRUE
LEGO® Minifigürler Serisi 22,lego-minifigurler-serisi-22,lego-minifigures-series-22,2022-01-01,Chili Costume Girl,chili-costume-girl,chili-costume-girl,2,col22-2,Chili Costume Girl,"Chili Costume Girl, eğlencenin ateşli yüzüdür. Cesur, enerjik ve neşelidir. Kostümüyle dikkat çeker, her ortamda kahkaha yaratır. Sıcakkanlıdır, pozitif enerji saçar.",,Kostüm Karakteri,Komik / Enerjik,8,8,8,,Yaygın,,,,,0,0,0,0,4,,,,,FALSE,TRUE,TRUE
LEGO® Minifigürler Serisi 22,lego-minifigurler-serisi-22,lego-minifigures-series-22,2022-01-01,Troubadour,troubadour,troubadour,3,col22-3,Troubadour,"Troubadour, eski çağların neşeli ozanıdır. Lütle müziğini paylaşır, hikâyeler anlatır. Romantik, sanatsal ve pozitif bir karakterdir. Her melodisiyle insanlara umut verir.",,Sanatçı,Romantik / Pozitif,9,9,9,,Nadir,,,,,0,0,0,0,5,,,,,FALSE,TRUE,TRUE
LEGO® Minifigürler Serisi 22,lego-minifigurler-serisi-22,lego-minifigures-series-22,2022-01-01,Snow Guardian,snow-guardian,snow-guardian,4,col22-4,Snow Guardian,"Snow Guardian, karlar diyarının cesur savaşçısıdır. Soğukkanlı, adaletli ve kararlıdır. Fırtınalar arasında onuruyla yürür, her adımında cesareti temsil eder.",,Savaşçı,Cesur / Soğukkanlı,10,10,10,,Nadir,,,,,0,0,0,0,6,,,,,FALSE,TRUE,TRUE
LEGO® Minifigürler Serisi 22,lego-minifigurler-serisi-22,lego-minifigures-series-22,2022-01-01,Horse and Groom,horse-and-groom,horse-and-groom,5,col22-5,Horse and Groom,"Horse and Groom, düğün gününün şık kahramanıdır. Neşeli, romantik ve sorumludur. Sevgiyi ve bağlılığı simgeler; zarif duruşuyla fark yaratır.",,Damat,Neşeli / Romantik,9,9,9,,Nadir,,,,,0,0,0,0,6,,,,,FALSE,TRUE,TRUE
LEGO® Minifigürler Serisi 22,lego-minifigurler-serisi-22,lego-minifigures-series-22,2022-01-01,Figure Skating Champion,figure-skating-champion,figure-skating-champion,6,col22-6,Figure Skating Champion,"Figure Skating Champion, zarafetin ve disiplini temsil eder. Sahada dengeli, sahne dışında mütevazıdır. Azimli, hırslı ve çalışkandır. Her dönüşünde mükemmeli arar.",,Sporcu,Zarif / Disiplinli,8,8,8,,Yaygın,,,,,0,0,0,0,5,,,,,FALSE,TRUE,TRUE
LEGO® Minifigürler Serisi 22,lego-minifigurler-serisi-22,lego-minifigures-series-22,2022-01-01,Raccoon Costume Girl,raccoon-costume-girl,raccoon-costume-girl,7,col22-7,Raccoon Costume Girl,"Raccoon Costume Girl, doğanın mizahi yanını taşır. Komik, enerjik ve yaratıcıdır. Kostümüyle dikkat çeker; temizlik ve çevre dostu mesajlar verir.",,Kostüm Karakteri,Mizahi / Yaratıcı,7,7,7,,Yaygın,,,,,0,0,0,0,4,,,,,FALSE,TRUE,TRUE
LEGO® Minifigürler Serisi 22,lego-minifigurler-serisi-22,lego-minifigures-series-22,2022-01-01,Forest Elf,forest-elf,forest-elf,8,col22-8,Forest Elf,"Forest Elf, doğayla bütünleşmiş bilge bir varlıktır. Sakin, yardımsever ve sezgiseldir. Her ağacın hikayesini duyar, doğayı korumayı görev bilir.",,Doğa Karakteri,Sakin / Bilge,9,9,9,,Nadir,,,,,0,0,0,0,6,,,,,FALSE,TRUE,TRUE
LEGO® Minifigürler Serisi 22,lego-minifigurler-serisi-22,lego-minifigures-series-22,2022-01-01,Night Protector,night-protector,night-protector,9,col22-9,Night Protector,"Night Protector, adaletin gece savaşçısıdır. Cesur, kararlı ve bilgedir. Işığın yokluğunda bile umudu taşır; her zırh darbesiyle iyiliği savunur.",,Kahraman,Adaletli / Kararlı,10,10,10,,Çok Nadir,,,,,0,0,0,0,6,,,,,FALSE,TRUE,TRUE
LEGO® Minifigürler Serisi 22,lego-minifigurler-serisi-22,lego-minifigures-series-22,2022-01-01,Birdwatcher,birdwatcher,birdwatcher,10,col22-10,Birdwatcher,"Birdwatcher, doğa sevgisiyle kuşları gözlemler. Sabırlı, dikkatli ve sevecendir. Her kuşta yeni bir hikâye bulur; doğanın güzelliğini keşfeder.",,Gözlemci,Sabırlı / Sevecen,8,8,8,,Nadir,,,,,0,0,0,0,5,,,,,FALSE,TRUE,TRUE
LEGO® Minifigürler Serisi 22,lego-minifigurler-serisi-22,lego-minifigures-series-22,2022-01-01,Space Creature,space-creature,space-creature,11,col22-11,Space Creature,"Space Creature, uzak galaksilerden gelen eğlenceli bir karakterdir. Komik, pozitif ve meraklıdır. Evrende dostluk arar, her gezegende kahkaha bırakır.",,Uzaylı,Komik / Meraklı,8,8,8,,Yaygın,,,,,0,0,0,0,4,,,,,FALSE,TRUE,TRUE
LEGO® Minifigürler Serisi 22,lego-minifigurler-serisi-22,lego-minifigures-series-22,2022-01-01,Wheelchair Racer,wheelchair-racer,wheelchair-racer,12,col22-12,Wheelchair Racer,"Wheelchair Racer, azmin ve cesaretin sembolüdür. Güçlü, hırslı ve kararlıdır. Engelleri aşmakta ustadır; sınır tanımadan yoluna devam eder.",,Sporcu,Güçlü / Azimli,9,9,9,,Nadir,,,,,0,0,0,0,5,,,,,FALSE,TRUE,TRUE
LEGO® Minifigürler Serisi Super Mario Character Packs 4,lego-minifigurler-serisi-super-mario-character-packs-4,lego-minifigures-series-super-mario-character-packs-4,2022-01-01,Mechakoopa,mechakoopa,mechakoopa,1,colSM4-1,Mechakoopa,"Mechakoopa, mekanik zekâsıyla üretilmiş bir düşmandır. Küçük ama güçlüdür. Elektrik saçan gözleriyle dikkat çeker.",,Mekanik Düşman,Küçük / Tehlikeli,9,9,9,,Nadir,,,,,0,0,0,0,6,,,,,FALSE,TRUE,TRUE
LEGO® Minifigürler Serisi Super Mario Character Packs 4,lego-minifigurler-serisi-super-mario-character-packs-4,lego-minifigures-series-super-mario-character-packs-4,2022-01-01,Para Biddybud,para-biddybud,para-biddybud,2,colSM4-2,Para Biddybud,"Para Biddybud, sevimli bir uçan karakterdir. Görünüşü zararsız olsa da hızla yaklaşır. Gökyüzünün huzursuz misafiridir.",,Gökyüzü Karakteri,Hızlı / Neşeli,8,8,8,,Yaygın,,,,,0,0,0,0,6,,,,,FALSE,TRUE,TRUE
LEGO® Minifigürler Serisi Super Mario Character Packs 4,lego-minifigurler-serisi-super-mario-character-packs-4,lego-minifigures-series-super-mario-character-packs-4,2022-01-01,Ant Trooper,ant-trooper,ant-trooper,3,colSM4-3,Ant Trooper,"Ant Trooper, karınca benzeri bir düşmandır. Platformlarda sabırla yürür, acele eden oyuncular için risk oluşturur.",,Platform Düşmanı,Sabırlı / Azimli,7,7,7,,Yaygın,,,,,0,0,0,0,6,,,,,FALSE,TRUE,TRUE
LEGO® Minifigürler Serisi Super Mario Character Packs 4,lego-minifigurler-serisi-super-mario-character-packs-4,lego-minifigures-series-super-mario-character-packs-4,2022-01-01,Goombrat,goombrat,goombrat,4,colSM4-4,Goombrat,"Goombrat, klasik Goomba’nın yeni nesil versiyonudur. Daha yassı ve hızlıdır. Küçük ama azimlidir.",,Klasik Düşman,Yassı / Hızlı,7,7,7,,Yaygın,,,,,0,0,0,0,5,,,,,FALSE,TRUE,TRUE
LEGO® Minifigürler Serisi Super Mario Character Packs 4,lego-minifigurler-serisi-super-mario-character-packs-4,lego-minifigures-series-super-mario-character-packs-4,2022-01-01,Koopa Paratroopa,koopa-paratroopa,koopa-paratroopa,5,colSM4-5,Koopa Paratroopa,"Koopa Paratroopa, kanatlarıyla engelleri aşar. Uçuşu düzensizdir ama kararlıdır. Klasik düşmanlar arasında favoridir.",,Uçan Düşman,Dengesiz / Kararlı,8,8,8,,Nadir,,,,,0,0,0,0,6,,,,,FALSE,TRUE,TRUE
LEGO® Minifigürler Serisi Super Mario Character Packs 4,lego-minifigurler-serisi-super-mario-character-packs-4,lego-minifigures-series-super-mario-character-packs-4,2022-01-01,Bulber,bulber,bulber,6,colSM4-6,Bulber,"Bulber, geceleri ışık saçan bir deniz canlısıdır. Su altında yolu aydınlatır, ama dokunana zarar verir.",,Deniz Canlısı,Işıltılı / Tehlikeli,8,8,8,,Nadir,,,,,0,0,0,0,6,,,,,FALSE,TRUE,TRUE
LEGO® Minifigürler Serisi Super Mario Character Packs 4,lego-minifigurler-serisi-super-mario-character-packs-4,lego-minifigures-series-super-mario-character-packs-4,2022-01-01,Freezie,freezie,freezie,7,colSM4-7,Freezie,"Freezie, buz patlamasıyla bilinir. Platformları dondurarak oyuncunun hareket alanını kısıtlar. Soğukkanlı bir düşmandır.",,Buz Düşmanı,Soğukkanlı / Tehditkâr,9,9,9,,Nadir,,,,,0,0,0,0,5,,,,,FALSE,TRUE,TRUE
LEGO® Minifigürler Serisi Super Mario Character Packs 4,lego-minifigurler-serisi-super-mario-character-packs-4,lego-minifigures-series-super-mario-character-packs-4,2022-01-01,Scaredy Rat,scaredy-rat,scaredy-rat,8,colSM4-8,Scaredy Rat,"Scaredy Rat, ürkek ama hızlı bir düşmandır. Kaçarak oynar, vurulması zordur. Komik davranışlarıyla dikkat çeker.",,Kaçak Düşman,Ürkek / Komik,7,7,7,,Yaygın,,,,,0,0,0,0,5,,,,,FALSE,TRUE,TRUE
LEGO® Minifigürler Serisi Super Mario Character Packs 4,lego-minifigurler-serisi-super-mario-character-packs-4,lego-minifigures-series-super-mario-character-packs-4,2022-01-01,Baby Penguin,baby-penguin,baby-penguin,9,colSM4-9,Baby Penguin,"Baby Penguin, sevimli ama savunmasız bir figürdür. Kayarken düşebilir, ama tatlılığıyla gönül kazanır.",,Sevimli Karakter,Zararsız / Dengeci,6,6,6,,Yaygın,,,,,0,0,0,0,4,,,,,FALSE,TRUE,TRUE
LEGO® Minifigürler Serisi Super Mario Character Packs 4,lego-minifigurler-serisi-super-mario-character-packs-4,lego-minifigures-series-super-mario-character-packs-4,2022-01-01,Boomerang Bro,boomerang-bro,boomerang-bro,10,colSM4-10,Boomerang Bro,"Boomerang Bro, yetenekli bir savaşçıdır. Bumeranglarını isabetle fırlatır. Zorluk seviyesi yüksek düşmanlardandır.",,Savaşçı Düşman,Hedefli / Güçlü,10,10,10,,Çok Nadir,,,,,0,0,0,0,7,,,,,FALSE,TRUE,TRUE
LEGO® Minifigürler Serisi The Muppets,lego-minifigurler-serisi-the-muppets,lego-minifigures-series-the-muppets,2022-05-01,Kermit the Frog,kermit-the-frog,kermit-the-frog,1,colMU-1,Kermit the Frog,"Kermit the Frog, sakinliği ve bilge sözleriyle tanınır. Zorluklara rağmen iyimserliğini kaybetmez. Yeşil kalbiyle herkese umut verir.",,Ana Karakter,Bilge / Sakin,12,12,12,,Çok Nadir,,,,,0,0,0,0,5,,,,,FALSE,TRUE,TRUE
LEGO® Minifigürler Serisi The Muppets,lego-minifigurler-serisi-the-muppets,lego-minifigures-series-the-muppets,2022-05-01,Miss Piggy,miss-piggy,miss-piggy,2,colMU-2,Miss Piggy,"Miss Piggy, sahnelerin yıldızıdır. Gücü, zarafeti ve özgüveniyle dikkat çeker. Girdiği her ortamda parlamayı bilir.",,Sahne Yıldızı,Güçlü / Gösterişli,13,13,13,,Çok Nadir,,,,,0,0,0,0,5,,,,,FALSE,TRUE,TRUE
LEGO® Minifigürler Serisi The Muppets,lego-minifigurler-serisi-the-muppets,lego-minifigures-series-the-muppets,2022-05-01,Fozzie Bear,fozzie-bear,fozzie-bear,3,colMU-3,Fozzie Bear,"Fozzie Bear, komik şakalarıyla herkesin neşesidir. Mizah anlayışı saf, enerjisi sınırsızdır. “Wocka wocka!” repliğiyle efsaneleşmiştir.",,Komedyen,Saf / Neşeli,10,10,10,,Nadir,,,,,0,0,0,0,5,,,,,FALSE,TRUE,TRUE
LEGO® Minifigürler Serisi The Muppets,lego-minifigurler-serisi-the-muppets,lego-minifigures-series-the-muppets,2022-05-01,Gonzo the Great,gonzo-the-great,gonzo-the-great,4,colMU-4,Gonzo the Great,"Gonzo the Great, çılgın numaralarıyla tanınır. Cesur, özgün ve biraz da delidir. Eğlencenin sınırlarını zorlar.",,Gösteri Adamı,Cesur / Çılgın,10,10,10,,Nadir,,,,,0,0,0,0,5,,,,,FALSE,TRUE,TRUE
LEGO® Minifigürler Serisi The Muppets,lego-minifigurler-serisi-the-muppets,lego-minifigures-series-the-muppets,2022-05-01,Animal,animal,animal,5,colMU-5,Animal,"Animal, baterinin efendisidir. Enerjik, vahşi ama müzikte dahi bir ruha sahiptir. Sahne onun evi gibidir.",,Müzisyen,Enerjik / Tutkulu,14,14,14,,Çok Nadir,,,,,0,0,0,0,6,,,,,FALSE,TRUE,TRUE
LEGO® Minifigürler Serisi The Muppets,lego-minifigurler-serisi-the-muppets,lego-minifigures-series-the-muppets,2022-05-01,Swedish Chef,swedish-chef,swedish-chef,6,colMU-6,Swedish Chef,"Swedish Chef, mutfakta kaos yaratan bir ustadır. Anlaşılmaz diliyle bile gülümsetir. Her yemeği bir gösteriye dönüştürür.",,Şef,Dağınık / Komik,12,12,12,,Nadir,,,,,0,0,0,0,6,,,,,FALSE,TRUE,TRUE
LEGO® Minifigürler Serisi The Muppets,lego-minifigurler-serisi-the-muppets,lego-minifigures-series-the-muppets,2022-05-01,Beaker,beaker,beaker,7,colMU-7,Beaker,"Beaker, sürekli başına iş gelen saf bilim asistanıdır. Korkak ama sevimlidir. “Mee mee!” sesleriyle tanınır.",,Bilim Asistanı,Saf / Korkak,9,9,9,,Yaygın,,,,,0,0,0,0,5,,,,,FALSE,TRUE,TRUE
LEGO® Minifigürler Serisi The Muppets,lego-minifigurler-serisi-the-muppets,lego-minifigures-series-the-muppets,2022-05-01,Dr. Bunsen Honeydew,dr-bunsen-honeydew,dr-bunsen-honeydew,8,colMU-8,Dr. Bunsen Honeydew,"Dr. Bunsen Honeydew, deneylerin arkasındaki dâhidir. Soğukkanlı, meraklı ve yenilikçidir. Bilimle eğlenceyi harmanlar.",,Bilim Adamı,Zeki / Meraklı,9,9,9,,Yaygın,,,,,0,0,0,0,5,,,,,FALSE,TRUE,TRUE
LEGO® Minifigürler Serisi The Muppets,lego-minifigurler-serisi-the-muppets,lego-minifigures-series-the-muppets,2022-05-01,Statler,statler,statler,9,colMU-9,Statler,"Statler, tiyatro balkonundan eleştiri yağdırır. Esprileri keskin, mizahı kurudur. Her şakada ince bir bilgelik vardır.",,Eleştirmen,Alaycı / Bilge,10,10,10,,Nadir,,,,,0,0,0,0,5,,,,,FALSE,TRUE,TRUE
LEGO® Minifigürler Serisi The Muppets,lego-minifigurler-serisi-the-muppets,lego-minifigures-series-the-muppets,2022-05-01,Waldorf,waldorf,waldorf,10,colMU-10,Waldorf,"Waldorf, Statler’ın alaycı ortağıdır. Yaşlı ama enerjik bir mizah ustasıdır. Herkesi güldürmeyi başarır.",,Eleştirmen,Mizahi / Yaşlı,10,10,10,,Nadir,,,,,0,0,0,0,5,,,,,FALSE,TRUE,TRUE
LEGO® Minifigürler Serisi The Muppets,lego-minifigurler-serisi-the-muppets,lego-minifigures-series-the-muppets,2022-05-01,Janice,janice,janice,11,colMU-11,Janice,"Janice, rahat tavırlarıyla özgür ruhun temsilcisidir. Müzik onun dili, barış onun felsefesidir.",,Müzisyen,Rahat / Barışçıl,11,11,11,,Yaygın,,,,,0,0,0,0,5,,,,,FALSE,TRUE,TRUE
LEGO® Minifigürler Serisi The Muppets,lego-minifigurler-serisi-the-muppets,lego-minifigures-series-the-muppets,2022-05-01,Rowlf the Dog,rowlf-the-dog,rowlf-the-dog,12,colMU-12,Rowlf the Dog,"Rowlf the Dog, piyano başında klasik müzikle eğlenceyi birleştirir. Sadık, huzurlu ve derin bir karakterdir.",,Müzisyen,Sadık / Huzurlu,12,12,12,,Nadir,,,,,0,0,0,0,6,,,,,FALSE,TRUE,TRUE
LEGO® Minifigürler Serisi Super Mario Character Packs 5,lego-minifigurler-serisi-super-mario-character-packs-5,lego-minifigures-series-super-mario-character-packs-5,2022-08-01,Blue Shy Guy,blue-shy-guy,blue-shy-guy,1,colSM5-1,Blue Shy Guy,"Blue Shy Guy, maskesinin ardında saklanan gizemli bir karakterdir. Neşeli görünür ama tehlikeli hamleleriyle bilinir. Her an sürpriz yapabilir.",,Maskeli Düşman,Neşeli / Gizemli,9,9,9,,Nadir,,,,,0,0,0,0,6,,,,,FALSE,TRUE,TRUE
LEGO® Minifigürler Serisi Super Mario Character Packs 5,lego-minifigurler-serisi-super-mario-character-packs-5,lego-minifigures-series-super-mario-character-packs-5,2022-08-01,Nabbit,nabbit,nabbit,2,colSM5-2,Nabbit,"Nabbit, hırsız karakterdir. Koşarak eşyaları çalar ama sevimliliğiyle affedilir. Mario evreninin kaçak kahramanıdır.",,Kaçak Karakter,Hızlı / Kurnaz,9,9,9,,Nadir,,,,,0,0,0,0,6,,,,,FALSE,TRUE,TRUE
LEGO® Minifigürler Serisi Super Mario Character Packs 5,lego-minifigurler-serisi-super-mario-character-packs-5,lego-minifigures-series-super-mario-character-packs-5,2022-08-01,Toadette,toadette,toadette,3,colSM5-3,Toadette,"Toadette, enerjik ve neşeli bir karakterdir. Cesur ruhu ve yardımseverliğiyle bilinir. Platformlarda dengenin ustasıdır.",,Yardımcı Karakter,Cesur / Neşeli,10,10,10,,Çok Nadir,,,,,0,0,0,0,5,,,,,FALSE,TRUE,TRUE
LEGO® Minifigürler Serisi Super Mario Character Packs 5,lego-minifigurler-serisi-super-mario-character-packs-5,lego-minifigures-series-super-mario-character-packs-5,2022-08-01,Hammer Bro,hammer-bro,hammer-bro,4,colSM5-4,Hammer Bro,"Hammer Bro, savaşçı karakterdir. Fırlattığı çekiçlerle oyuncuyu zorlar. Zorlu bölümlerin ikonik düşmanıdır.",,Savaşçı Düşman,Güçlü / Agresif,8,8,8,,Nadir,,,,,0,0,0,0,6,,,,,FALSE,TRUE,TRUE
LEGO® Minifigürler Serisi Super Mario Character Packs 5,lego-minifigurler-serisi-super-mario-character-packs-5,lego-minifigures-series-super-mario-character-packs-5,2022-08-01,Waddlewing,waddlewing,waddlewing,5,colSM5-5,Waddlewing,"Waddlewing, süzülen bir yaratık. Havadaki dengesiz uçuşuyla tahmin edilmezdir. Klasik düşmanlar arasında özel yere sahiptir.",,Hava Düşmanı,Dengesiz / Uçucu,8,8,8,,Yaygın,,,,,0,0,0,0,6,,,,,FALSE,TRUE,TRUE
LEGO® Minifigürler Serisi Super Mario Character Packs 5,lego-minifigurler-serisi-super-mario-character-packs-5,lego-minifigures-series-super-mario-character-packs-5,2022-08-01,Tanoomba,tanoomba,tanoomba,6,colSM5-6,Tanoomba,"Tanoomba, tanuki gücüne sahip bir Goomba’dır. Kuyruğuyla saldırır. Küçük ama kararlı bir rakiptir.",,Hayvan Temalı Düşman,Küçük / Kararlı,8,8,8,,Yaygın,,,,,0,0,0,0,6,,,,,FALSE,TRUE,TRUE
LEGO® Minifigürler Serisi Super Mario Character Packs 5,lego-minifigurler-serisi-super-mario-character-packs-5,lego-minifigures-series-super-mario-character-packs-5,2022-08-01,Yoshi (Purple),yoshi-purple,yoshi-purple,7,colSM5-7,Yoshi (Purple),"Yoshi (Purple), sevimliliğiyle tanınır. Sadık, dost canlısı ve hızlıdır. Renkli görünümüyle koleksiyonun gözdesidir.",,Sadık Yardımcı,Hızlı / Sevimli,10,10,10,,Çok Nadir,,,,,0,0,0,0,5,,,,,FALSE,TRUE,TRUE
LEGO® Minifigürler Serisi Super Mario Character Packs 5,lego-minifigurler-serisi-super-mario-character-packs-5,lego-minifigures-series-super-mario-character-packs-5,2022-08-01,Cat Goomba,cat-goomba,cat-goomba,8,colSM5-8,Cat Goomba,"Cat Goomba, kedi kostümüyle sempatik ama tırmalayıcı bir karakterdir. Engelleri aşarken çevikliğiyle fark yaratır.",,Kostümlü Düşman,Çevik / Komik,9,9,9,,Nadir,,,,,0,0,0,0,6,,,,,FALSE,TRUE,TRUE
LEGO® Minifigürler Serisi 23,lego-minifigurler-serisi-23,lego-minifigures-series-23,2022-09-01,Nutcracker,nutcracker,nutcracker,1,col23-1,Nutcracker,"Nutcracker, klasik hikâyelerin kahraman ruhunu taşır. Asil, cesur ve kararlıdır. Üniformasıyla nostaljiyi temsil eder. Her adımıyla gelenekleri yaşatır, adaletin sesi olur.",,Asker / Kahraman,Asil / Cesur,9,9,9,,Nadir,,,,,0,0,0,0,6,,,,,FALSE,TRUE,TRUE
LEGO® Minifigürler Serisi 23,lego-minifigurler-serisi-23,lego-minifigures-series-23,2022-09-01,Sugar Fairy,sugar-fairy,sugar-fairy,2,col23-2,Sugar Fairy,"Sugar Fairy, tatlılığın ve sihrin simgesidir. Neşeli, pozitif ve yardımseverdir. Şeker tozu sihriyle mutluluk yayar; her ortamı renkli bir masala çevirir.",,Peri,Neşeli / Pozitif,8,8,8,,Nadir,,,,,0,0,0,0,5,,,,,FALSE,TRUE,TRUE
LEGO® Minifigürler Serisi 23,lego-minifigurler-serisi-23,lego-minifigures-series-23,2022-09-01,Green Dragon Costume Guy,green-dragon-costume-guy,green-dragon-costume-guy,3,col23-3,Green Dragon Costume Guy,"Green Dragon Costume Guy, efsanelerin komik yüzüdür. Kostümüyle güldürür, enerjisiyle motive eder. Cesur, eğlenceli ve pozitif bir karakterdir.",,Kostüm Karakteri,Komik / Enerjik,8,8,8,,Yaygın,,,,,0,0,0,0,5,,,,,FALSE,TRUE,TRUE
LEGO® Minifigürler Serisi 23,lego-minifigurler-serisi-23,lego-minifigures-series-23,2022-09-01,Snowman,snowman,snowman,4,col23-4,Snowman,"Snowman, kışın neşesini taşıyan dost canlısı bir karakterdir. Saf, sevecen ve pozitif bir ruhtur. Soğuğu değil, sıcak kalbiyle tanınır.",,Kış Karakteri,Saf / Sevecen,8,8,8,,Yaygın,,,,,0,0,0,0,5,,,,,FALSE,TRUE,TRUE
LEGO® Minifigürler Serisi 23,lego-minifigurler-serisi-23,lego-minifigures-series-23,2022-09-01,Reindeer Costume Girl,reindeer-costume-girl,reindeer-costume-girl,5,col23-5,Reindeer Costume Girl,"Reindeer Costume Girl, kutlamaların şirin yüzüdür. Kostümüyle dikkat çeker, enerjik ve neşelidir. Her yılbaşını sevgiyle kutlar.",,Kostüm Karakteri,Tatlı / Neşeli,7,7,7,,Yaygın,,,,,0,0,0,0,4,,,,,FALSE,TRUE,TRUE
LEGO® Minifigürler Serisi 23,lego-minifigurler-serisi-23,lego-minifigures-series-23,2022-09-01,Turkey Costume Guy,turkey-costume-guy,turkey-costume-guy,6,col23-6,Turkey Costume Guy,"Turkey Costume Guy, eğlenceli mizah anlayışıyla dikkat çeker. Komik, pozitif ve rahat bir karakterdir. Her kutlamaya kahkaha getirir.",,Kostüm Karakteri,Komik / Rahat,7,7,7,,Yaygın,,,,,0,0,0,0,4,,,,,FALSE,TRUE,TRUE
LEGO® Minifigürler Serisi 23,lego-minifigurler-serisi-23,lego-minifigures-series-23,2022-09-01,Cardboard Robot,cardboard-robot,cardboard-robot,7,col23-7,Cardboard Robot,"Cardboard Robot, yaratıcılığın saf halidir. Basit kutularla büyük hayaller kurar. Zeki, yenilikçi ve sevecendir. Her şeyin mümkün olduğuna inanır.",,Robot,Zeki / Yenilikçi,8,8,8,,Nadir,,,,,0,0,0,0,5,,,,,FALSE,TRUE,TRUE
LEGO® Minifigürler Serisi 23,lego-minifigurler-serisi-23,lego-minifigures-series-23,2022-09-01,Popcorn Costume Kid,popcorn-costume-kid,popcorn-costume-kid,8,col23-8,Popcorn Costume Kid,"Popcorn Costume Kid, eğlencenin simgesidir. Neşeli, saf ve enerjiktir. Her ortamı festival havasına sokar; etrafındakilere mutluluk saçar.",,Kostüm Karakteri,Saf / Eğlenceli,7,7,7,,Yaygın,,,,,0,0,0,0,4,,,,,FALSE,TRUE,TRUE
LEGO® Minifigürler Serisi 23,lego-minifigurler-serisi-23,lego-minifigures-series-23,2022-09-01,Wolf Costume,wolf-costume,wolf-costume,9,col23-9,Wolf Costume,"Wolf Costume, masalların komik tarafını yansıtır. Cesur, şakacı ve mizah doludur. Herkesi şaşırtmayı sever; korkutmak yerine güldürür.",,Kostüm Karakteri,Şakacı / Cesur,8,8,8,,Nadir,,,,,0,0,0,0,5,,,,,FALSE,TRUE,TRUE
LEGO® Minifigürler Serisi 23,lego-minifigurler-serisi-23,lego-minifigures-series-23,2022-09-01,Ferry Captain,ferry-captain,ferry-captain,10,col23-10,Ferry Captain,"Ferry Captain, denizlerin sevecen lideridir. Kararlı, sakin ve yardımseverdir. Gemi dümeniyle yol gösterir; güvenin sembolüdür.",,Denizci,Kararlı / Yardımsever,8,8,8,,Nadir,,,,,0,0,0,0,5,,,,,FALSE,TRUE,TRUE
LEGO® Minifigürler Serisi 23,lego-minifigurler-serisi-23,lego-minifigures-series-23,2022-09-01,Knight of the Yellow Castle,knight-of-the-yellow-castle,knight-of-the-yellow-castle,11,col23-11,Knight of the Yellow Castle,"Knight of the Yellow Castle, geçmişe selam veren asil bir savaşçıdır. Cesur, onurlu ve bilgedir. LEGO tarihine gururla sahip çıkar.",,Şövalye,Onurlu / Bilge,10,10,10,,Çok Nadir,,,,,0,0,0,0,6,,,,,FALSE,TRUE,TRUE
LEGO® Minifigürler Serisi 23,lego-minifigurler-serisi-23,lego-minifigures-series-23,2022-09-01,Christmas Elf,christmas-elf,christmas-elf,12,col23-12,Christmas Elf,"Christmas Elf, yılbaşı neşesinin sembolüdür. Çalışkan, mutlu ve pozitif bir karakterdir. Her hediyede sevgi taşır; mutluluğu paylaşmayı sever.",,Elf,Çalışkan / Pozitif,9,9,9,,Nadir,,,,,0,0,0,0,5,,,,,FALSE,TRUE,TRUE
LEGO® Minifigürler Serisi 24,lego-minifigurler-serisi-24,lego-minifigures-series-24,2023-01-01,T-Rex Costume Fan,t-rex-costume-fan,t-rex-costume-fan,1,col24-1,T-Rex Costume Fan,"T-Rex Costume Fan, dinozor sevgisini komik bir şekilde yansıtır. Enerjik, eğlenceli ve pozitif bir karakterdir. Kostümüyle dikkat çeker, herkese gülümseme getirir.",,Kostüm Karakteri,Komik / Enerjik,8,8,8,,Yaygın,,,,,0,0,0,0,4,,,,,FALSE,TRUE,TRUE
LEGO® Minifigürler Serisi 24,lego-minifigurler-serisi-24,lego-minifigures-series-24,2023-01-01,Rococo Aristocrat,rococo-aristocrat,rococo-aristocrat,2,col24-2,Rococo Aristocrat,"Rococo Aristocrat, zarafetin ve eski çağların ihtişamının sembolüdür. Asil, kibar ve sanatseverdir. Her hareketinde zarafet vardır; geçmişin ihtişamını günümüze taşır.",,Asil Karakter,Zarif / Sanatsever,9,9,9,,Nadir,,,,,0,0,0,0,5,,,,,FALSE,TRUE,TRUE
LEGO® Minifigürler Serisi 24,lego-minifigurler-serisi-24,lego-minifigures-series-24,2023-01-01,Robot Warrior,robot-warrior,robot-warrior,3,col24-3,Robot Warrior,"Robot Warrior, geleceğin savaşçısıdır. Cesur, stratejik ve güçlüdür. Teknolojiyle birleşmiş bu figür, adalet için savaşır.",,Savaşçı,Cesur / Stratejik,9,9,9,,Nadir,,,,,0,0,0,0,6,,,,,FALSE,TRUE,TRUE
LEGO® Minifigürler Serisi 24,lego-minifigurler-serisi-24,lego-minifigures-series-24,2023-01-01,Potter,potter,potter,4,col24-4,Potter,"Potter, emek ve sabrın simgesidir. Ellerinde şekillenen çamurla yaratıcılığını konuşturur. Sabırlı, huzurlu ve sanatsal bir karakterdir.",,Sanatçı,Sabırlı / Yaratıcı,8,8,8,,Yaygın,,,,,0,0,0,0,5,,,,,FALSE,TRUE,TRUE
LEGO® Minifigürler Serisi 24,lego-minifigurler-serisi-24,lego-minifigures-series-24,2023-01-01,Orc,orc,orc,5,col24-5,Orc,"Orc, fantastik dünyanın güçlü savaşçısıdır. Korkusuz, kararlı ve onurludur. Savaş alanında cesaretiyle tanınır; sadık bir dosttur.",,Fantastik Karakter,Güçlü / Onurlu,10,10,10,,Nadir,,,,,0,0,0,0,6,,,,,FALSE,TRUE,TRUE
LEGO® Minifigürler Serisi 24,lego-minifigurler-serisi-24,lego-minifigures-series-24,2023-01-01,Conservationist,conservationist,conservationist,6,col24-6,Conservationist,"Conservationist, doğayı korumaya adanmış bir karakterdir. Sevecen, bilinçli ve kararlıdır. Her canlıyı önemser; gezegen için mücadele eder.",,Doğa Koruyucusu,Sevecen / Bilinçli,8,8,8,,Yaygın,,,,,0,0,0,0,5,,,,,FALSE,TRUE,TRUE
LEGO® Minifigürler Serisi 24,lego-minifigurler-serisi-24,lego-minifigures-series-24,2023-01-01,Carrot Mascot,carrot-mascot,carrot-mascot,7,col24-7,Carrot Mascot,"Carrot Mascot, eğlencenin vitamin dolu yüzüdür. Komik, enerjik ve pozitif bir karakterdir. Her etkinliği şenlik havasına çevirir.",,Kostüm Karakteri,Komik / Pozitif,7,7,7,,Yaygın,,,,,0,0,0,0,4,,,,,FALSE,TRUE,TRUE
LEGO® Minifigürler Serisi 24,lego-minifigurler-serisi-24,lego-minifigures-series-24,2023-01-01,Falconer,falconer,falconer,8,col24-8,Falconer,"Falconer, özgürlüğün ve sadakatin temsilcisidir. Kararlı, sabırlı ve asil bir karakterdir. Şahin dostuyla birlikte gökyüzünü keşfeder.",,Avcı,Asil / Sabırlı,9,9,9,,Nadir,,,,,0,0,0,0,6,,,,,FALSE,TRUE,TRUE
LEGO® Minifigürler Serisi 24,lego-minifigurler-serisi-24,lego-minifigures-series-24,2023-01-01,Park Ranger,park-ranger,park-ranger,9,col24-9,Park Ranger,"Park Ranger, doğayı gözlemleyen, koruyan bir liderdir. Cesur, dikkatli ve yardımseverdir. Her ağacı, her canlıyı önemser; düzenin koruyucusudur.",,Koruyucu,Cesur / Dikkatli,8,8,8,,Yaygın,,,,,0,0,0,0,5,,,,,FALSE,TRUE,TRUE
LEGO® Minifigürler Serisi 24,lego-minifigurler-serisi-24,lego-minifigures-series-24,2023-01-01,Football Referee,football-referee,football-referee,10,col24-10,Football Referee,"Football Referee, adaletin ve disiplinin temsilcisidir. Kararlı, tarafsız ve profesyoneldir. Her düdüğüyle düzeni sağlar.",,Hakem,Tarafsız / Disiplinli,7,7,7,,Yaygın,,,,,0,0,0,0,5,,,,,FALSE,TRUE,TRUE
LEGO® Minifigürler Serisi 24,lego-minifigurler-serisi-24,lego-minifigures-series-24,2023-01-01,Brown Astronaut and Spacebaby,brown-astronaut-and-spacebaby,brown-astronaut-and-spacebaby,11,col24-11,Brown Astronaut and Spacebaby,"Brown Astronaut and Spacebaby, nostaljiyle geleceği birleştirir. Sevecen, meraklı ve pozitif karakterlerdir. Aile bağlarını uzaya taşırlar.",,Uzaylı / Astronot,Meraklı / Sevecen,12,12,12,,Çok Nadir,,,,,0,0,0,0,6,,,,,FALSE,TRUE,TRUE
LEGO® Minifigürler Serisi 24,lego-minifigurler-serisi-24,lego-minifigures-series-24,2023-01-01,Rockin’ Horse Rider,rockin-horse-rider,rockin-horse-rider,12,col24-12,Rockin’ Horse Rider,"Rockin’ Horse Rider, çocuk ruhunun saf neşesini yansıtır. Masum, enerjik ve pozitif bir karakterdir. Hayal gücüyle herkese ilham verir.",,Çocuk Karakter,Masum / Pozitif,8,8,8,,Yaygın,,,,,0,0,0,0,4,,,,,FALSE,TRUE,TRUE
LEGO® Minifigürler Serisi Super Mario Character Packs 6,lego-minifigurler-serisi-super-mario-character-packs-6,lego-minifigures-series-super-mario-character-packs-6,2023-01-01,Birdo,birdo,birdo,1,colSM6-1,Birdo,"Birdo, kendine özgü görünümüyle Mario evreninin en ikonik karakterlerinden biridir. Renkli yapısı ve güçlü duruşuyla dikkat çeker. Hem dost hem rakip olabilen nadir figürlerden biridir.",,Rakip / İkonik Karakter,Güçlü / Karizmatik,11,11,11,,Çok Nadir,,,,,0,0,0,0,6,,,,,FALSE,TRUE,TRUE
LEGO® Minifigürler Serisi Super Mario Character Packs 6,lego-minifigurler-serisi-super-mario-character-packs-6,lego-minifigures-series-super-mario-character-packs-6,2023-01-01,Green Toad,green-toad,green-toad,2,colSM6-2,Green Toad,"Green Toad, Mario’nun en sadık yardımcılarından biridir. Sakin ve güvenilir yapısıyla bilinir. Zorlu platformlarda destek rolünü üstlenir.",,Yardımcı Karakter,Sakin / Güvenilir,9,9,9,,Nadir,,,,,0,0,0,0,6,,,,,FALSE,TRUE,TRUE
LEGO® Minifigürler Serisi Super Mario Character Packs 6,lego-minifigurler-serisi-super-mario-character-packs-6,lego-minifigures-series-super-mario-character-packs-6,2023-01-01,Ice Bro,ice-bro,ice-bro,3,colSM6-3,Ice Bro,"Ice Bro, buz saldırılarıyla rakiplerini yavaşlatan tehlikeli bir düşmandır. Soğukkanlı ve stratejik hareket eder. Zorlu seviyelerin kilit karakterlerinden biridir.",,Elemental Düşman,Soğukkanlı / Stratejik,10,10,10,,Nadir,,,,,0,0,0,0,5,,,,,FALSE,TRUE,TRUE
LEGO® Minifigürler Serisi Super Mario Character Packs 6,lego-minifigurler-serisi-super-mario-character-packs-6,lego-minifigures-series-super-mario-character-packs-6,2023-01-01,Bramball,bramball,bramball,4,colSM6-4,Bramball,"Bramball, dikenli yapısıyla savunma odaklı bir düşmandır. Dokunulması zor ve dikkat gerektiren bir karakterdir. Sabırlı oyuncuları test eder.",,Savunmacı Düşman,Dikenli / Savunmacı,8,8,8,,Yaygın,,,,,0,0,0,0,6,,,,,FALSE,TRUE,TRUE
LEGO® Minifigürler Serisi Super Mario Character Packs 6,lego-minifigurler-serisi-super-mario-character-packs-6,lego-minifigures-series-super-mario-character-packs-6,2023-01-01,Spike,spike,spike,5,colSM6-5,Spike,"Spike, güçlü saldırılarıyla bilinen agresif bir düşmandır. Fırlattığı objelerle oyuncuya baskı kurar. Mario evreninin sert karakterlerinden biridir.",,Agresif Düşman,Güçlü / Agresif,10,10,10,,Nadir,,,,,0,0,0,0,6,,,,,FALSE,TRUE,TRUE
LEGO® Minifigürler Serisi Super Mario Character Packs 6,lego-minifigurler-serisi-super-mario-character-packs-6,lego-minifigures-series-super-mario-character-packs-6,2023-01-01,Swoop,swoop,swoop,6,colSM6-6,Swoop,"Swoop, karanlıkta ortaya çıkan uçan bir yaratıktır. Ani saldırılarıyla oyuncuyu şaşırtır. Zamanlama gerektiren karşılaşmalar sunar.",,Hava Düşmanı,Hızlı / Gizemli,9,9,9,,Nadir,,,,,0,0,0,0,5,,,,,FALSE,TRUE,TRUE
LEGO® Minifigürler Serisi Super Mario Character Packs 6,lego-minifigurler-serisi-super-mario-character-packs-6,lego-minifigures-series-super-mario-character-packs-6,2023-01-01,Blooper Nanny,blooper-nanny,blooper-nanny,7,colSM6-7,Blooper Nanny,"Blooper Nanny, su altı dünyasının koruyucu karakteridir. Küçük Bloop’ları yönetir ve savunur. Tehlikeli ama kontrollü bir düşmandır.",,Su Altı Düşmanı,Koruyucu / Kontrollü,9,9,9,,Yaygın,,,,,0,0,0,0,6,,,,,FALSE,TRUE,TRUE
LEGO® Minifigürler Serisi Super Mario Character Packs 6,lego-minifigurler-serisi-super-mario-character-packs-6,lego-minifigures-series-super-mario-character-packs-6,2023-01-01,Baby Penguin,baby-penguin,baby-penguin,8,colSM6-8,Baby Penguin,"Baby Penguin, sevimli görünümüyle dikkat çeker. Dost canlısı ve sakin yapısıyla bilinir. Mario evrenine sıcaklık katan karakterlerden biridir.",,Sadık Yardımcı,Sevimli / Dost Canlısı,11,11,11,,Çok Nadir,,,,,0,0,0,0,5,,,,,FALSE,TRUE,TRUE
LEGO® Minifigürler Serisi Disney 100,lego-minifigurler-serisi-disney-100,lego-minifigures-series-disney-100,2023-05-01,Sorcerer’s Apprentice Mickey,sorcerer-s-apprentice-mickey,sorcerer-s-apprentice-mickey,1,colDIS100-1,Sorcerer’s Apprentice Mickey,"Sorcerer’s Apprentice Mickey, büyünün gücünü keşfeden neşeli bir kahramandır. Cesur, meraklı ve lider ruhludur. Her hatası bile bir ders taşır.",,Kahraman,Cesur / Meraklı,10,10,10,,Çok Nadir,,,,,0,0,0,0,6,,,,,FALSE,TRUE,TRUE
LEGO® Minifigürler Serisi Disney 100,lego-minifigurler-serisi-disney-100,lego-minifigures-series-disney-100,2023-05-01,Pinocchio,pinocchio,pinocchio,2,colDIS100-2,Pinocchio,"Pinocchio, dürüstlüğün ve masumiyetin sembolüdür. Saf, meraklı ve duygusaldır. Her yalanı onu gerçeğe bir adım daha yaklaştırır.",,Kahraman,Saf / Duygusal,9,9,9,,Nadir,,,,,0,0,0,0,6,,,,,FALSE,TRUE,TRUE
LEGO® Minifigürler Serisi Disney 100,lego-minifigurler-serisi-disney-100,lego-minifigures-series-disney-100,2023-05-01,Jiminy Cricket,jiminy-cricket,jiminy-cricket,3,colDIS100-3,Jiminy Cricket,"Jiminy Cricket, vicdanın sesi ve bilgelik kaynağıdır. Neşeli, dürüst ve rehber bir karakterdir. Her nasihati bir öğüt gibidir.",,Yardımcı,Bilge / Neşeli,9,9,9,,Nadir,,,,,0,0,0,0,5,,,,,FALSE,TRUE,TRUE
LEGO® Minifigürler Serisi Disney 100,lego-minifigurler-serisi-disney-100,lego-minifigures-series-disney-100,2023-05-01,The Queen (Snow White),the-queen-snow-white,the-queen-snow-white,4,colDIS100-4,The Queen (Snow White),"The Queen, hırsın ve kıskançlığın yüzüdür. Güçlü, soğukkanlı ve acımasızdır. Güzellik takıntısı onun sonunu getirir.",,Kötü Karakter,Soğukkanlı / Güçlü,11,11,11,,Çok Nadir,,,,,0,0,0,0,6,,,,,FALSE,TRUE,TRUE
LEGO® Minifigürler Serisi Disney 100,lego-minifigurler-serisi-disney-100,lego-minifigures-series-disney-100,2023-05-01,Aurora (Sleeping Beauty),aurora-sleeping-beauty,aurora-sleeping-beauty,5,colDIS100-5,Aurora (Sleeping Beauty),"Aurora, zarafetin ve umudun temsilcisidir. Neşeli, nazik ve içten bir ruha sahiptir. Her uykusu yeniden doğuşla sonuçlanır.",,Kahraman,Zarif / Umutlu,9,9,9,,Nadir,,,,,0,0,0,0,5,,,,,FALSE,TRUE,TRUE
LEGO® Minifigürler Serisi Disney 100,lego-minifigurler-serisi-disney-100,lego-minifigures-series-disney-100,2023-05-01,Mulan,mulan,mulan,6,colDIS100-6,Mulan,"Mulan, cesaretin ve kararlılığın simgesidir. Güçlü, akıllı ve özverilidir. Ailesi için her riski göze alır.",,Kahraman,Cesur / Akıllı,10,10,10,,Nadir,,,,,0,0,0,0,6,,,,,FALSE,TRUE,TRUE
LEGO® Minifigürler Serisi Disney 100,lego-minifigurler-serisi-disney-100,lego-minifigures-series-disney-100,2023-05-01,Pocahontas,pocahontas,pocahontas,7,colDIS100-7,Pocahontas,"Pocahontas, doğayla uyumun ve barışın sesidir. Bilge, özgür ruhlu ve duygusaldır. Rüzgâr bile onunla konuşur.",,Kahraman,Bilge / Özgür Ruhlu,10,10,10,,Nadir,,,,,0,0,0,0,5,,,,,FALSE,TRUE,TRUE
LEGO® Minifigürler Serisi Disney 100,lego-minifigurler-serisi-disney-100,lego-minifigures-series-disney-100,2023-05-01,Cruella de Vil,cruella-de-vil,cruella-de-vil,8,colDIS100-8,Cruella de Vil,"Cruella de Vil, modanın karanlık yüzüdür. Hırslı, abartılı ve bencil bir karakterdir. Her planı şıklıkla karışır.",,Kötü Karakter,Hırslı / Bencil,11,11,11,,Çok Nadir,,,,,0,0,0,0,6,,,,,FALSE,TRUE,TRUE
LEGO® Minifigürler Serisi Disney 100,lego-minifigurler-serisi-disney-100,lego-minifigures-series-disney-100,2023-05-01,Robin Hood,robin-hood,robin-hood,9,colDIS100-9,Robin Hood,"Robin Hood, adaletin ormanlardaki kahramanıdır. Cesur, yardımsever ve karizmatiktir. Zenginlerden alır, fakirlere umut verir.",,Kahraman,Cesur / Yardımsever,10,10,10,,Nadir,,,,,0,0,0,0,6,,,,,FALSE,TRUE,TRUE
LEGO® Minifigürler Serisi Disney 100,lego-minifigurler-serisi-disney-100,lego-minifigures-series-disney-100,2023-05-01,Prince John,prince-john,prince-john,10,colDIS100-10,Prince John,"Prince John, kibirli ama komik bir hükümdardır. Kendini beğenmiş, korkak ve inatçıdır. Tahtta olsa da kalplerde yer bulamaz.",,Kötü Karakter,Kibirli / Komik,9,9,9,,Yaygın,,,,,0,0,0,0,6,,,,,FALSE,TRUE,TRUE
LEGO® Minifigürler Serisi Disney 100,lego-minifigurler-serisi-disney-100,lego-minifigures-series-disney-100,2023-05-01,Stitch (with Blasters),stitch-with-blasters,stitch-with-blasters,11,colDIS100-11,Stitch (with Blasters),"Stitch (with Blasters), kaosun en sevimli halidir. Enerjik, çılgın ve sadıktır. Her kuralı kahkahaya dönüştürür.",,Kahraman,Çılgın / Sadık,12,12,12,,Çok Nadir,,,,,0,0,0,0,6,,,,,FALSE,TRUE,TRUE
LEGO® Minifigürler Serisi Disney 100,lego-minifigurler-serisi-disney-100,lego-minifigures-series-disney-100,2023-05-01,Baymax,baymax,baymax,12,colDIS100-12,Baymax,"Baymax, şefkatin teknolojiyle birleşimidir. Nazik, sakin ve yardımseverdir. Her dokunuşunda güven hissedilir.",,Yardımcı,Nazik / Yardımsever,11,11,11,,Nadir,,,,,0,0,0,0,5,,,,,FALSE,TRUE,TRUE
LEGO® Minifigürler Serisi Marvel Studios 2,lego-minifigurler-serisi-marvel-studios-2,lego-minifigures-series-marvel-studios-2,2023-09-01,Moon Knight,moon-knight,moon-knight,1,colMS2-1,Moon Knight,"Moon Knight, geceyle birlikte adaleti getiren bir anti kahramandır. İçsel çatışmalarıyla dolu ama inançla savaşır. Gücünü ay tanrısından alır, adaleti karanlıkta sağlar.",,Anti Kahraman,Karanlık / İnançlı,12,12,12,,Çok Nadir,,,,,0,0,0,0,6,,,,,FALSE,TRUE,TRUE
LEGO® Minifigürler Serisi Marvel Studios 2,lego-minifigurler-serisi-marvel-studios-2,lego-minifigures-series-marvel-studios-2,2023-09-01,Mr. Knight,mr-knight,mr-knight,2,colMS2-2,Mr. Knight,"Mr. Knight, zekâ ve stratejinin vücut bulmuş halidir. Sakin tavrı ve zarif giyimiyle farklı bir kahraman kimliği sunar. Şiddetten çok aklıyla hareket eder.",,Zeki Kahraman,Stratejik / Sakin,11,11,11,,Nadir,,,,,0,0,0,0,6,,,,,FALSE,TRUE,TRUE
LEGO® Minifigürler Serisi Marvel Studios 2,lego-minifigurler-serisi-marvel-studios-2,lego-minifigures-series-marvel-studios-2,2023-09-01,She-Hulk,she-hulk,she-hulk,3,colMS2-3,She-Hulk,"She-Hulk, gücüyle adaletin temsilcisidir. Avukat kimliğiyle zekâyı, kahraman kimliğiyle cesareti birleştirir. Mizahı ve özgüveniyle dikkat çeker.",,Güçlü Kahraman,Mizahi / Cesur,10,10,10,,Nadir,,,,,0,0,0,0,6,,,,,FALSE,TRUE,TRUE
LEGO® Minifigürler Serisi Marvel Studios 2,lego-minifigurler-serisi-marvel-studios-2,lego-minifigures-series-marvel-studios-2,2023-09-01,Hawkeye (Clint Barton),hawkeye-clint-barton,hawkeye-clint-barton,4,colMS2-4,Hawkeye (Clint Barton),"Hawkeye (Clint Barton), sadakati ve doğruluğuyla bilinen bir nişancıdır. Ailesine bağlılığı ve dostlarına olan inancı onu benzersiz kılar.",,Usta Nişancı,Sadık / Gerçekçi,9,9,9,,Yaygın,,,,,0,0,0,0,6,,,,,FALSE,TRUE,TRUE
LEGO® Minifigürler Serisi Marvel Studios 2,lego-minifigurler-serisi-marvel-studios-2,lego-minifigures-series-marvel-studios-2,2023-09-01,Kate Bishop,kate-bishop,kate-bishop,5,colMS2-5,Kate Bishop,"Kate Bishop, genç ama kararlı bir kahramandır. Yeteneği, cesareti ve mizah anlayışıyla yeni neslin umut dolu temsilcisidir.",,Genç Kahraman,Cesur / Mizahi,9,9,9,,Yaygın,,,,,0,0,0,0,6,,,,,FALSE,TRUE,TRUE
LEGO® Minifigürler Serisi Marvel Studios 2,lego-minifigurler-serisi-marvel-studios-2,lego-minifigures-series-marvel-studios-2,2023-09-01,Ms. Marvel (Kamala Khan),ms-marvel-kamala-khan,ms-marvel-kamala-khan,6,colMS2-6,Ms. Marvel (Kamala Khan),"Ms. Marvel (Kamala Khan), inancını güce dönüştüren bir hayalperesttir. Cesur, idealist ve enerjik yapısıyla her engeli aşar. Gençliğin umudunu temsil eder.",,Umut Kahramanı,Enerjik / Hayalperest,10,10,10,,Nadir,,,,,0,0,0,0,6,,,,,FALSE,TRUE,TRUE
LEGO® Minifigürler Serisi Marvel Studios 2,lego-minifigurler-serisi-marvel-studios-2,lego-minifigures-series-marvel-studios-2,2023-09-01,The Mighty Thor (Jane Foster),the-mighty-thor-jane-foster,the-mighty-thor-jane-foster,7,colMS2-7,The Mighty Thor (Jane Foster),"The Mighty Thor (Jane Foster), hem bilimin hem mitolojinin gücünü birleştirir. Cesur, kararlı ve ilham vericidir. Kaderini kendi elleriyle yazar.",,Efsanevi Kahraman,İlham Verici / Kararlı,12,12,12,,Çok Nadir,,,,,0,0,0,0,6,,,,,FALSE,TRUE,TRUE
LEGO® Minifigürler Serisi Marvel Studios 2,lego-minifigurler-serisi-marvel-studios-2,lego-minifigures-series-marvel-studios-2,2023-09-01,Goliath (Ant-Man Version),goliath-ant-man-version,goliath-ant-man-version,8,colMS2-8,Goliath (Ant-Man Version),"Goliath (Ant-Man Version), devasa gücüyle dengeyi korur. Mizahıyla ciddiyeti, gücüyle zarafeti birleştirir. Her durumda ekibin moral kaynağıdır.",,Dev Güç,Komik / Koruyucu,8,8,8,,Yaygın,,,,,0,0,0,0,5,,,,,FALSE,TRUE,TRUE
LEGO® Minifigürler Serisi Marvel Studios 2,lego-minifigurler-serisi-marvel-studios-2,lego-minifigures-series-marvel-studios-2,2023-09-01,Werewolf by Night,werewolf-by-night,werewolf-by-night,9,colMS2-9,Werewolf by Night,"Werewolf by Night, içindeki canavarı kontrol etmeye çalışan trajik bir figürdür. Karanlıkla iyiliğin sınırında yürür, doğasıyla mücadelesi bitmez.",,Trajik Kahraman,Karanlık / Çatışmalı,10,10,10,,Nadir,,,,,0,0,0,0,6,,,,,FALSE,TRUE,TRUE
LEGO® Minifigürler Serisi Marvel Studios 2,lego-minifigurler-serisi-marvel-studios-2,lego-minifigures-series-marvel-studios-2,2023-09-01,Echo,echo,echo,10,colMS2-10,Echo,"Echo, sessiz ama güçlü bir savaşçıdır. Adalet ve intikam arasında sıkışmıştır. Duruşu, bağımsızlığı ve zekâsıyla fark yaratır.",,Sessiz Savaşçı,Adaletli / Zeki,9,9,9,,Nadir,,,,,0,0,0,0,6,,,,,FALSE,TRUE,TRUE
LEGO® Minifigürler Serisi Marvel Studios 2,lego-minifigurler-serisi-marvel-studios-2,lego-minifigures-series-marvel-studios-2,2023-09-01,Agatha Harkness,agatha-harkness,agatha-harkness,11,colMS2-11,Agatha Harkness,"Agatha Harkness, büyü ve entrikanın ustasıdır. Karanlık sırları ve güçlü büyüleriyle tehditkâr ama büyüleyicidir. Her şeyde bir planı vardır.",,Büyücü Karakter,Karanlık / Kurnaz,11,11,11,,Nadir,,,,,0,0,0,0,6,,,,,FALSE,TRUE,TRUE
LEGO® Minifigürler Serisi Marvel Studios 2,lego-minifigurler-serisi-marvel-studios-2,lego-minifigures-series-marvel-studios-2,2023-09-01,Beast,beast,beast,12,colMS2-12,Beast,"Beast, bilgelik ve gücün birleşimidir. Bilimsel zekâsı kadar kalbiyle de hareket eder. X-Men evreninin entelektüel simgesidir.",,Bilge Savaşçı,Entelektüel / Güçlü,12,12,12,,Çok Nadir,,,,,0,0,0,0,6,,,,,FALSE,TRUE,TRUE
LEGO® Minifigürler Serisi 25,lego-minifigurler-serisi-25,lego-minifigures-series-25,2024-01-01,Train Kid,train-kid,train-kid,1,col25-1,Train Kid,"Train Kid, trenlere olan hayranlığıyla tanınır. Sevecen, meraklı ve enerjiktir. Oyuncak trenleriyle hayal gücünü çalıştırır; geçmişin nostaljisini geleceğe taşır.",,Çocuk Karakter,Meraklı / Sevecen,8,8,8,,Yaygın,,,,,0,0,0,0,5,,,,,FALSE,TRUE,TRUE
LEGO® Minifigürler Serisi 25,lego-minifigurler-serisi-25,lego-minifigures-series-25,2024-01-01,Pet Groomer,pet-groomer,pet-groomer,2,col25-2,Pet Groomer,"Pet Groomer, hayvan dostlarının bakımını sevgiyle yapar. Sabırlı, şefkatli ve çalışkandır. Her pati onun için kıymetlidir; neşe ve huzur saçar.",,Hayvan Dostu,Şefkatli / Sabırlı,9,9,9,,Nadir,,,,,0,0,0,0,6,,,,,FALSE,TRUE,TRUE
LEGO® Minifigürler Serisi 25,lego-minifigurler-serisi-25,lego-minifigures-series-25,2024-01-01,Film Noir Detective,film-noir-detective,film-noir-detective,3,col25-3,Film Noir Detective,"Film Noir Detective, gizemlerin ustasıdır. Soğukkanlı, zeki ve kararlıdır. Siyah beyaz dünyasında adaletin izini sürer.",,Dedektif,Zeki / Kararlı,9,9,9,,Nadir,,,,,0,0,0,0,5,,,,,FALSE,TRUE,TRUE
LEGO® Minifigürler Serisi 25,lego-minifigurler-serisi-25,lego-minifigures-series-25,2024-01-01,Fitness Instructor,fitness-instructor,fitness-instructor,4,col25-4,Fitness Instructor,"Fitness Instructor, sağlıklı yaşamın neşeli temsilcisidir. Enerjik, motive edici ve kararlıdır. İnsanları pozitif bir şekilde yönlendirir; her adımda moral verir.",,Sporcu,Enerjik / Motive Edici,8,8,8,,Yaygın,,,,,0,0,0,0,5,,,,,FALSE,TRUE,TRUE
LEGO® Minifigürler Serisi 25,lego-minifigurler-serisi-25,lego-minifigures-series-25,2024-01-01,Triceratops Costume Fan,triceratops-costume-fan,triceratops-costume-fan,5,col25-5,Triceratops Costume Fan,"Triceratops Costume Fan, dinozor sevgisini eğlenceli bir şekilde gösterir. Komik, çocuk ruhlu ve pozitif bir karakterdir. Kostümüyle ortamı şenlendirir.",,Kostüm Karakteri,Komik / Pozitif,7,7,7,,Yaygın,,,,,0,0,0,0,4,,,,,FALSE,TRUE,TRUE
LEGO® Minifigürler Serisi 25,lego-minifigurler-serisi-25,lego-minifigures-series-25,2024-01-01,Sprinter,sprinter,sprinter,6,col25-6,Sprinter,"Sprinter, hızın ve azmin simgesidir. Güçlü, odaklı ve kararlıdır. Her koşuda sınırlarını zorlar; başarıya tutkuyla ulaşır.",,Atlet,Hırslı / Güçlü,8,8,8,,Yaygın,,,,,0,0,0,0,4,,,,,FALSE,TRUE,TRUE
LEGO® Minifigürler Serisi 25,lego-minifigurler-serisi-25,lego-minifigures-series-25,2024-01-01,Harpy,harpy,harpy,7,col25-7,Harpy,"Harpy, mitolojik dünyanın kanatlı koruyucusudur. Cesur, bilge ve özgür ruhludur. Gökyüzünde adaletin sesidir.",,Mitolojik Karakter,Cesur / Özgür,9,9,9,,Nadir,,,,,0,0,0,0,6,,,,,FALSE,TRUE,TRUE
LEGO® Minifigürler Serisi 25,lego-minifigurler-serisi-25,lego-minifigures-series-25,2024-01-01,Fencer,fencer,fencer,8,col25-8,Fencer,"Fencer, zarafetin ve disiplini temsil eder. Soğukkanlı, dikkatli ve kararlıdır. Kılıcıyla sadece bedenini değil, zihnini de eğitir.",,Savaşçı,Zarif / Disiplinli,9,9,9,,Nadir,,,,,0,0,0,0,5,,,,,FALSE,TRUE,TRUE
LEGO® Minifigürler Serisi 25,lego-minifigurler-serisi-25,lego-minifigures-series-25,2024-01-01,E-Sports Gamer,e-sports-gamer,e-sports-gamer,9,col25-9,E-Sports Gamer,"E-Sports Gamer, dijital arenaların stratejik ustasıdır. Zeki, hızlı ve rekabetçidir. Takım ruhuna inanır; oyunun içinde liderliğiyle fark yaratır.",,Oyuncu,Stratejik / Rekabetçi,8,8,8,,Yaygın,,,,,0,0,0,0,5,,,,,FALSE,TRUE,TRUE
LEGO® Minifigürler Serisi 25,lego-minifigurler-serisi-25,lego-minifigures-series-25,2024-01-01,Mushroom Sprite,mushroom-sprite,mushroom-sprite,10,col25-10,Mushroom Sprite,"Mushroom Sprite, doğanın büyülü yüzünü temsil eder. Sakin, neşeli ve bilge bir karakterdir. Her mantarın altında bir hikâye saklar.",,Doğa Karakteri,Sakin / Bilge,8,8,8,,Nadir,,,,,0,0,0,0,4,,,,,FALSE,TRUE,TRUE
LEGO® Minifigürler Serisi 25,lego-minifigurler-serisi-25,lego-minifigures-series-25,2024-01-01,Dog Costume Guy,dog-costume-guy,dog-costume-guy,11,col25-11,Dog Costume Guy,"Dog Costume Guy, dostluğun ve eğlencenin sembolüdür. Komik, sevecen ve pozitif bir karakterdir. Kostümüyle her ortama mutluluk getirir.",,Kostüm Karakteri,Komik / Sevecen,7,7,7,,Yaygın,,,,,0,0,0,0,4,,,,,FALSE,TRUE,TRUE
LEGO® Minifigürler Serisi 25,lego-minifigurler-serisi-25,lego-minifigures-series-25,2024-01-01,Retro Space Hero,retro-space-hero,retro-space-hero,12,col25-12,Retro Space Hero,"Retro Space Hero, klasik uzay maceralarının kahramanıdır. Cesur, kararlı ve nostaljiktir. Galaksiler arası barış için mücadele eder.",,Kahraman,Cesur / Nostaljik,10,10,10,,Çok Nadir,,,,,0,0,0,0,6,,,,,FALSE,TRUE,TRUE
LEGO® Minifigürler Serisi 26,lego-minifigurler-serisi-26,lego-minifigures-series-26,2024-05-01,Alien Beetlezoid,alien-beetlezoid,alien-beetlezoid,1,col26-1,Alien Beetlezoid,"Alien Beetlezoid, uzayın derinliklerinden gelen böcek benzeri bir canlıdır. Güçlü, meraklı ve eğlencelidir. Renkli kabuğuyla dikkat çeker; dost canlısı yapısıyla tanınır.",,Uzaylı,Dost Canlısı / Meraklı,8,8,8,,Nadir,,,,,0,0,0,0,5,,,,,FALSE,TRUE,TRUE
LEGO® Minifigürler Serisi 26,lego-minifigurler-serisi-26,lego-minifigures-series-26,2024-05-01,Retro Spacewoman,retro-spacewoman,retro-spacewoman,2,col26-2,Retro Spacewoman,"Retro Spacewoman, klasik uzay çağının cesur kâşifidir. Kararlı, bilge ve nostaljiktir. Geçmişle geleceği birleştirir; her adımı ilham verir.",,Kaşif,Cesur / Nostaljik,9,9,9,,Nadir,,,,,0,0,0,0,6,,,,,FALSE,TRUE,TRUE
LEGO® Minifigürler Serisi 26,lego-minifigurler-serisi-26,lego-minifigures-series-26,2024-05-01,Ice Planet Explorer,ice-planet-explorer,ice-planet-explorer,3,col26-3,Ice Planet Explorer,"Ice Planet Explorer, buzlu gezegenlerin kararlı araştırmacısıdır. Cesur, dayanıklı ve azimlidir. Soğuk ortamlarda bile merakla keşfe devam eder.",,Araştırmacı,Dayanıklı / Azimli,9,9,9,,Nadir,,,,,0,0,0,0,6,,,,,FALSE,TRUE,TRUE
LEGO® Minifigürler Serisi 26,lego-minifigurler-serisi-26,lego-minifigures-series-26,2024-05-01,M-Tron Powerlifter,m-tron-powerlifter,m-tron-powerlifter,4,col26-4,M-Tron Powerlifter,"M-Tron Powerlifter, galaktik taşımacılığın gücüdür. Güçlü, çalışkan ve yardımseverdir. Dev mıknatısı ile evrenin yükünü kaldırır.",,İşçi,Güçlü / Yardımsever,8,8,8,,Yaygın,,,,,0,0,0,0,5,,,,,FALSE,TRUE,TRUE
LEGO® Minifigürler Serisi 26,lego-minifigurler-serisi-26,lego-minifigures-series-26,2024-05-01,Blacktron Mutant,blacktron-mutant,blacktron-mutant,5,col26-5,Blacktron Mutant,"Blacktron Mutant, gizemli ve asi bir karakterdir. Zeki, sinsi ve özgür ruhtur. Galaksiler arası düzenin dışında yaşamayı sever.",,Asi,Zeki / Özgür Ruhlu,10,10,10,,Çok Nadir,,,,,0,0,0,0,6,,,,,FALSE,TRUE,TRUE
LEGO® Minifigürler Serisi 26,lego-minifigurler-serisi-26,lego-minifigures-series-26,2024-05-01,Alien Tourist,alien-tourist,alien-tourist,6,col26-6,Alien Tourist,"Alien Tourist, evrenin en komik gezginidir. Neşeli, enerjik ve saf bir karakterdir. Fotoğraf makinesiyle her gezegende anılar biriktirir.",,Gezgin,Neşeli / Saf,7,7,7,,Yaygın,,,,,0,0,0,0,5,,,,,FALSE,TRUE,TRUE
LEGO® Minifigürler Serisi 26,lego-minifigurler-serisi-26,lego-minifigures-series-26,2024-05-01,Space Nurse,space-nurse,space-nurse,7,col26-7,Space Nurse,"Space Nurse, galaktik sağlık kahramanıdır. Şefkatli, dikkatli ve bilgedir. Her yarayı sarar, her canlıya yardım eli uzatır.",,Sağlık Görevlisi,Şefkatli / Bilge,8,8,8,,Nadir,,,,,0,0,0,0,5,,,,,FALSE,TRUE,TRUE
LEGO® Minifigürler Serisi 26,lego-minifigurler-serisi-26,lego-minifigures-series-26,2024-05-01,Orion,orion,orion,8,col26-8,Orion,"Orion, efsanevi yıldız savaşçısıdır. Cesur, kararlı ve asil bir karakterdir. Adalet için evrenin dört bir yanında mücadele eder.",,Kahraman,Asil / Kararlı,10,10,10,,Çok Nadir,,,,,0,0,0,0,6,,,,,FALSE,TRUE,TRUE
LEGO® Minifigürler Serisi 26,lego-minifigurler-serisi-26,lego-minifigures-series-26,2024-05-01,Robot Butler,robot-butler,robot-butler,9,col26-9,Robot Butler,"Robot Butler, uzayın zarif hizmetkârıdır. Nazik, zeki ve sistematik bir karakterdir. Her durumda düzeni ve disiplini temsil eder.",,Robot,Nazik / Sistematik,8,8,8,,Yaygın,,,,,0,0,0,0,5,,,,,FALSE,TRUE,TRUE
LEGO® Minifigürler Serisi 26,lego-minifigurler-serisi-26,lego-minifigures-series-26,2024-05-01,Alien Robot,alien-robot,alien-robot,10,col26-10,Alien Robot,"Alien Robot, yapay zekâ ile doğayı birleştiren eşsiz bir varlıktır. Yaratıcı, enerjik ve pozitif bir ruha sahiptir. Galakside barış için programlanmıştır.",,Yapay Zekâ,Yaratıcı / Pozitif,9,9,9,,Nadir,,,,,0,0,0,0,6,,,,,FALSE,TRUE,TRUE
LEGO® Minifigürler Serisi 26,lego-minifigurler-serisi-26,lego-minifigures-series-26,2024-05-01,Asteroid Miner,asteroid-miner,asteroid-miner,11,col26-11,Asteroid Miner,"Asteroid Miner, sert ortamlarda çalışan cesur bir işçidir. Güçlü, sabırlı ve kararlıdır. Uzayın derinliklerinde değerli kaynaklar arar.",,Madenci,Güçlü / Sabırlı,9,9,9,,Nadir,,,,,0,0,0,0,6,,,,,FALSE,TRUE,TRUE
LEGO® Minifigürler Serisi 26,lego-minifigurler-serisi-26,lego-minifigures-series-26,2024-05-01,Space Fan,space-fan,space-fan,12,col26-12,Space Fan,"Space Fan, LEGO’nun uzay tarihine hayran bir karakterdir. Meraklı, sevecen ve tutkuludur. Her parçada geçmişin izini taşır.",,Hayran,Meraklı / Tutkulu,7,7,7,,Yaygın,,,,,0,0,0,0,4,,,,,FALSE,TRUE,TRUE
LEGO® Minifigürler Serisi Dungeons and Dragons,lego-minifigurler-serisi-dungeons-and-dragons,lego-minifigures-series-dungeons-and-dragons,2024-09-01,Dwarf Barbarian,dwarf-barbarian,dwarf-barbarian,1,colDND-1,Dwarf Barbarian,"Dwarf Barbarian, öfkesini silahı gibi kullanan güçlü bir savaşçıdır. Cesur, inatçı ve korkusuzdur. Her darbesi yer sarsar.",,Savaşçı,Güçlü / Korkusuz,10,10,10,,Nadir,,,,,0,0,0,0,6,,,,,FALSE,TRUE,TRUE
LEGO® Minifigürler Serisi Dungeons and Dragons,lego-minifigurler-serisi-dungeons-and-dragons,lego-minifigures-series-dungeons-and-dragons,2024-09-01,Orc Rogue,orc-rogue,orc-rogue,2,colDND-2,Orc Rogue,"Orc Rogue, gölgelerin içinden sinsice süzülen bir suikastçıdır. Hızlı, sessiz ve ölümcüldür. Her adımı planlıdır.",,Suikastçı,Sessiz / Ölümcül,9,9,9,,Nadir,,,,,0,0,0,0,6,,,,,FALSE,TRUE,TRUE
LEGO® Minifigürler Serisi Dungeons and Dragons,lego-minifigurler-serisi-dungeons-and-dragons,lego-minifigures-series-dungeons-and-dragons,2024-09-01,Tiefling Sorcerer,tiefling-sorcerer,tiefling-sorcerer,3,colDND-3,Tiefling Sorcerer,"Tiefling Sorcerer, içindeki cehennem ateşiyle büyü yapar. Gizemli, tutkulu ve güçlüdür. Her büyüsü bir kaderi değiştirir.",,Büyücü,Gizemli / Tutkulu,10,10,10,,Nadir,,,,,0,0,0,0,6,,,,,FALSE,TRUE,TRUE
LEGO® Minifigürler Serisi Dungeons and Dragons,lego-minifigurler-serisi-dungeons-and-dragons,lego-minifigures-series-dungeons-and-dragons,2024-09-01,Dragonborn Paladin,dragonborn-paladin,dragonborn-paladin,4,colDND-4,Dragonborn Paladin,"Dragonborn Paladin, ejder soylu bir adalet savaşçısıdır. Onurlu, kararlı ve asil bir ruha sahiptir. İnancı kılıcı kadar keskindir.",,Paladin,Onurlu / Asil,11,11,11,,Çok Nadir,,,,,0,0,0,0,6,,,,,FALSE,TRUE,TRUE
LEGO® Minifigürler Serisi Dungeons and Dragons,lego-minifigurler-serisi-dungeons-and-dragons,lego-minifigures-series-dungeons-and-dragons,2024-09-01,Aarakocra Ranger,aarakocra-ranger,aarakocra-ranger,5,colDND-5,Aarakocra Ranger,"Aarakocra Ranger, gökyüzünün gözüdür. Hızlı, çevik ve bilgedir. Her rüzgâr onunla konuşur.",,İzci,Hızlı / Bilge,9,9,9,,Nadir,,,,,0,0,0,0,6,,,,,FALSE,TRUE,TRUE
LEGO® Minifigürler Serisi Dungeons and Dragons,lego-minifigurler-serisi-dungeons-and-dragons,lego-minifigures-series-dungeons-and-dragons,2024-09-01,Human Fighter,human-fighter,human-fighter,6,colDND-6,Human Fighter,"Human Fighter, her savaşın ön saflarında yer alır. Disiplinli, cesur ve stratejiktir. Kılıcıyla kader çizer.",,Savaşçı,Disiplinli / Stratejik,9,9,9,,Yaygın,,,,,0,0,0,0,6,,,,,FALSE,TRUE,TRUE
LEGO® Minifigürler Serisi Dungeons and Dragons,lego-minifigurler-serisi-dungeons-and-dragons,lego-minifigures-series-dungeons-and-dragons,2024-09-01,Elf Wizard,elf-wizard,elf-wizard,7,colDND-7,Elf Wizard,"Elf Wizard, kadim bilgeliğiyle büyünün efendisidir. Sakin, bilge ve sabırlıdır. Her sözü bir formül gibidir.",,Büyücü,Bilge / Sabırlı,10,10,10,,Nadir,,,,,0,0,0,0,6,,,,,FALSE,TRUE,TRUE
LEGO® Minifigürler Serisi Dungeons and Dragons,lego-minifigurler-serisi-dungeons-and-dragons,lego-minifigures-series-dungeons-and-dragons,2024-09-01,Gnome Artificer,gnome-artificer,gnome-artificer,8,colDND-8,Gnome Artificer,"Gnome Artificer, bilimin ve büyünün kesiştiği yerdedir. Zeki, yaratıcı ve tuhaf bir karakterdir. Her icadı mucizeye dönüşür.",,Mühendis,Zeki / Yaratıcı,10,10,10,,Nadir,,,,,0,0,0,0,6,,,,,FALSE,TRUE,TRUE
LEGO® Minifigürler Serisi Dungeons and Dragons,lego-minifigurler-serisi-dungeons-and-dragons,lego-minifigures-series-dungeons-and-dragons,2024-09-01,Halfling Druid,halfling-druid,halfling-druid,9,colDND-9,Halfling Druid,"Halfling Druid, doğanın dostu ve denge koruyucusudur. Nazik, merhametli ve kararlıdır. Her adımı toprağa umut saçar.",,Druid,Nazik / Kararlı,9,9,9,,Yaygın,,,,,0,0,0,0,5,,,,,FALSE,TRUE,TRUE
LEGO® Minifigürler Serisi Dungeons and Dragons,lego-minifigurler-serisi-dungeons-and-dragons,lego-minifigures-series-dungeons-and-dragons,2024-09-01,Mind Flayer,mind-flayer,mind-flayer,10,colDND-10,Mind Flayer,"Mind Flayer, zihinlerin efendisidir. Sinsi, ürkütücü ve zeki bir varlıktır. Her bakışı korku salar.",,Kötü Karakter,Zeki / Ürkütücü,12,12,12,,Çok Nadir,,,,,0,0,0,0,6,,,,,FALSE,TRUE,TRUE
LEGO® Minifigürler Serisi Dungeons and Dragons,lego-minifigurler-serisi-dungeons-and-dragons,lego-minifigures-series-dungeons-and-dragons,2024-09-01,Beholder,beholder,beholder,11,colDND-11,Beholder,"Beholder, kaosun gözü ve kontrolsüz gücün sembolüdür. Kibirli, güçlü ve paranoyaktır. Her göz ışını bir tehdittir.",,Canavar,Kibirli / Güçlü,13,13,13,,Çok Nadir,,,,,0,0,0,0,7,,,,,FALSE,TRUE,TRUE
LEGO® Minifigürler Serisi Dungeons and Dragons,lego-minifigurler-serisi-dungeons-and-dragons,lego-minifigures-series-dungeons-and-dragons,2024-09-01,Skeleton Warrior,skeleton-warrior,skeleton-warrior,12,colDND-12,Skeleton Warrior,"Skeleton Warrior, ölümün ardından bile savaşan bir ruhtur. Sessiz, sadık ve karanlıktır. Kılıcı sonsuzluğa hizmet eder.",,Ölü Savaşçı,Sessiz / Sadık,9,9,9,,Yaygın,,,,,0,0,0,0,5,,,,,FALSE,TRUE,TRUE
LEGO® Minifigürler Serisi 27,lego-minifigurler-serisi-27,lego-minifigures-series-27,2025-01-01,Tavern Bard,tavern-bard,tavern-bard,1,colDND-13,Tavern Bard,"Tavern Bard, hikâyelerin ve şarkıların taşıyıcısıdır. Neşeli, kurnaz ve ilham vericidir. Her melodisi dostluğun büyüsüdür.",,Bard,Neşeli / İlham Verici,10,10,10,,Nadir,,,,,0,0,0,0,6,,,,,FALSE,TRUE,TRUE
LEGO® Minifigürler Serisi 27,lego-minifigurler-serisi-27,lego-minifigures-series-27,2025-01-01,Dungeon Master,dungeon-master,dungeon-master,2,colDND-14,Dungeon Master,"Dungeon Master, evrenin anlatıcısı ve kaderin mimarıdır. Bilge, gizemli ve her şeyi gören bir varlıktır. Her oyun onun sözleriyle başlar.",,Anlatıcı,Bilge / Gizemli,12,12,12,,Çok Nadir,,,,,0,0,0,0,6,,,,,FALSE,TRUE,TRUE
LEGO® Minifigürler Serisi 27,lego-minifigurler-serisi-27,lego-minifigures-series-27,2025-01-01,Orc Rogue,orc-rogue,orc-rogue,3,col27-3,Orc Rogue,"Orc Rogue, karanlıkta sessizce ilerleyen ölümcül bir gölgedir. Hızlı, çevik ve sinsi bir karakterdir. Düşmanlarını fark ettirmeden alt eder.",,Suikastçı,Hızlı / Sinsi,9,9,9,,Yaygın,,,,,0,0,0,0,5,,,,,FALSE,TRUE,TRUE
LEGO® Minifigürler Serisi 27,lego-minifigurler-serisi-27,lego-minifigures-series-27,2025-01-01,Cleric,cleric,cleric,4,col27-4,Cleric,"Cleric, inancın ve şifanın temsilcisidir. Merhametli, kararlı ve bilge bir karakterdir. Işığın gücüyle yaraları sarar, kötülüğü uzaklaştırır.",,Şifacı,Merhametli / Kararlı,9,9,9,,Nadir,,,,,0,0,0,0,5,,,,,FALSE,TRUE,TRUE
LEGO® Minifigürler Serisi 27,lego-minifigurler-serisi-27,lego-minifigures-series-27,2025-01-01,Druid,druid,druid,5,col27-5,Druid,"Druid, doğanın ruhuyla bütünleşmiştir. Sakin, bilge ve koruyucudur. Hayvanlarla konuşur, bitkileri yönlendirir; dengenin bekçisidir.",,Doğa Koruyucusu,Sakin / Bilge,10,10,10,,Nadir,,,,,0,0,0,0,6,,,,,FALSE,TRUE,TRUE
LEGO® Minifigürler Serisi 27,lego-minifigurler-serisi-27,lego-minifigures-series-27,2025-01-01,Bard,bard,bard,6,col27-6,Bard,"Bard, müziğiyle ruhları büyüler. Neşeli, yaratıcı ve karizmatiktir. Şarkılarıyla dostlarına ilham verir, düşmanlarını şaşırtır.",,Sanatçı,Neşeli / Karizmatik,9,9,9,,Yaygın,,,,,0,0,0,0,5,,,,,FALSE,TRUE,TRUE
LEGO® Minifigürler Serisi 27,lego-minifigurler-serisi-27,lego-minifigures-series-27,2025-01-01,Dragonborn Fighter,dragonborn-fighter,dragonborn-fighter,7,col27-7,Dragonborn Fighter,"Dragonborn Fighter, ejderha soyundan gelen onurlu bir savaşçıdır. Güçlü, kararlı ve cesurdur. Alevle dövülmüş kılıcıyla adaletin peşindedir.",,Savaşçı,Onurlu / Cesur,11,11,11,,Çok Nadir,,,,,0,0,0,0,6,,,,,FALSE,TRUE,TRUE
LEGO® Minifigürler Serisi 27,lego-minifigurler-serisi-27,lego-minifigures-series-27,2025-01-01,Paladin,paladin,paladin,8,col27-8,Paladin,"Paladin, kutsal gücün zırhlı koruyucusudur. Onurlu, asil ve kararlıdır. Işığın rehberliğinde kötülüğe karşı savaşır.",,Kutsal Savaşçı,Asil / Kararlı,10,10,10,,Nadir,,,,,0,0,0,0,6,,,,,FALSE,TRUE,TRUE
LEGO® Minifigürler Serisi 27,lego-minifigurler-serisi-27,lego-minifigures-series-27,2025-01-01,Ranger,ranger,ranger,9,col27-9,Ranger,"Ranger, vahşi doğanın sessiz avcısıdır. Dikkatli, sabırlı ve özgürdür. Yayını ve oklarını ustalıkla kullanır; gölgelerde iz sürer.",,Avcı,Dikkatli / Özgür,9,9,9,,Yaygın,,,,,0,0,0,0,5,,,,,FALSE,TRUE,TRUE
LEGO® Minifigürler Serisi 27,lego-minifigurler-serisi-27,lego-minifigures-series-27,2025-01-01,Tiefling Warlock,tiefling-warlock,tiefling-warlock,10,col27-10,Tiefling Warlock,"Tiefling Warlock, karanlık güçlerle anlaşma yapmış bir büyücüdür. Gizemli, tutkulu ve güçlüdür. İblislerle olan bağı hem lanet hem güçtür.",,Kara Büyücü,Gizemli / Tutkulu,10,10,10,,Nadir,,,,,0,0,0,0,6,,,,,FALSE,TRUE,TRUE
LEGO® Minifigürler Serisi 27,lego-minifigurler-serisi-27,lego-minifigures-series-27,2025-01-01,Halfling Thief,halfling-thief,halfling-thief,11,col27-11,Halfling Thief,"Halfling Thief, küçük ama çevik bir hırsızdır. Zeki, esprili ve kurnazdır. Kilitleri açar, tuzakları fark eder; maceraların gizli kahramanıdır.",,Hırsız,Zeki / Kurnaz,9,9,9,,Yaygın,,,,,0,0,0,0,5,,,,,FALSE,TRUE,TRUE
LEGO® Minifigürler Serisi 27,lego-minifigurler-serisi-27,lego-minifigures-series-27,2025-01-01,Red Dragon,red-dragon,red-dragon,12,col27-12,Red Dragon,"Red Dragon, efsanelerin korkulan varlığıdır. Kudretli, bilge ve acımasızdır. Alev nefesiyle dünyaları yakar; hazine koleksiyonunun efendisidir.",,Ejderha,Kudretli / Bilge,15,15,15,,Çok Nadir,,,,,0,0,0,0,7,,,,,FALSE,TRUE,TRUE
LEGO® Minifigürler Serisi F1 Race Cars,lego-minifigurler-serisi-f1-race-cars,lego-minifigures-series-f1-race-cars,2025-05-01,Red Racer (Team Scuderia),red-racer-team-scuderia,red-racer-team-scuderia,1,colF1-1,Red Racer (Team Scuderia),"Red Racer, hızın kırmızı simgesidir. Cesur, agresif ve rekabetçidir. Her virajda adrenalinle dans eder.",,Yarış Pilotu,Cesur / Agresif,9,9,9,,Nadir,,,,,0,0,0,0,6,,,,,FALSE,TRUE,TRUE
LEGO® Minifigürler Serisi F1 Race Cars,lego-minifigurler-serisi-f1-race-cars,lego-minifigures-series-f1-race-cars,2025-05-01,Blue Comet (Team Velocity),blue-comet-team-velocity,blue-comet-team-velocity,2,colF1-2,Blue Comet (Team Velocity),"Blue Comet, stratejinin ve sakinliğin ustasıdır. Soğukkanlı, akıllı ve dengelidir. Her yarışta planını kusursuz uygular.",,Yarış Pilotu,Sakin / Stratejik,9,9,9,,Nadir,,,,,0,0,0,0,6,,,,,FALSE,TRUE,TRUE
LEGO® Minifigürler Serisi F1 Race Cars,lego-minifigurler-serisi-f1-race-cars,lego-minifigures-series-f1-race-cars,2025-05-01,Green Falcon (Eco Racing Team),green-falcon-eco-racing-team,green-falcon-eco-racing-team,3,colF1-3,Green Falcon (Eco Racing Team),"Green Falcon, çevre dostu hızın temsilcisidir. Yenilikçi, duyarlı ve cesurdur. Doğayla uyum içinde yarışır.",,Yarış Pilotu,Yenilikçi / Duyarlı,10,10,10,,Nadir,,,,,0,0,0,0,6,,,,,FALSE,TRUE,TRUE
LEGO® Minifigürler Serisi F1 Race Cars,lego-minifigurler-serisi-f1-race-cars,lego-minifigures-series-f1-race-cars,2025-05-01,Black Vortex (Midnight Motors),black-vortex-midnight-motors,black-vortex-midnight-motors,4,colF1-4,Black Vortex (Midnight Motors),"Black Vortex, gecenin sessiz hız ustasıdır. Gizemli, kararlı ve teknik bir sürücüdür. Her hamlesi hesaplıdır.",,Yarış Pilotu,Gizemli / Teknik,10,10,10,,Nadir,,,,,0,0,0,0,6,,,,,FALSE,TRUE,TRUE
LEGO® Minifigürler Serisi F1 Race Cars,lego-minifigurler-serisi-f1-race-cars,lego-minifigures-series-f1-race-cars,2025-05-01,Silver Arrow (Precision Team),silver-arrow-precision-team,silver-arrow-precision-team,5,colF1-5,Silver Arrow (Precision Team),"Silver Arrow, mühendislik harikası refleksleriyle öne çıkar. Disiplinli, hızlı ve stratejik bir karakterdir.",,Yarış Pilotu,Disiplinli / Stratejik,10,10,10,,Nadir,,,,,0,0,0,0,6,,,,,FALSE,TRUE,TRUE
LEGO® Minifigürler Serisi F1 Race Cars,lego-minifigurler-serisi-f1-race-cars,lego-minifigures-series-f1-race-cars,2025-05-01,Crimson Blaze (Inferno Crew),crimson-blaze-inferno-crew,crimson-blaze-inferno-crew,6,colF1-6,Crimson Blaze (Inferno Crew),"Crimson Blaze, ateşli rekabetin yüzüdür. Tutkulu, korkusuz ve enerjiktir. Her yarış onun için bir meydan okumadır.",,Yarış Pilotu,Tutkulu / Enerjik,9,9,9,,Nadir,,,,,0,0,0,0,6,,,,,FALSE,TRUE,TRUE
LEGO® Minifigürler Serisi F1 Race Cars,lego-minifigurler-serisi-f1-race-cars,lego-minifigures-series-f1-race-cars,2025-05-01,Golden Typhoon (Legacy Racing),golden-typhoon-legacy-racing,golden-typhoon-legacy-racing,7,colF1-7,Golden Typhoon (Legacy Racing),"Golden Typhoon, deneyimle parlayan bir efsanedir. Bilge, sabırlı ve karizmatiktir. Her turda geçmişin izleri vardır.",,Yarış Pilotu,Bilge / Karizmatik,11,11,11,,Çok Nadir,,,,,0,0,0,0,6,,,,,FALSE,TRUE,TRUE
LEGO® Minifigürler Serisi F1 Race Cars,lego-minifigurler-serisi-f1-race-cars,lego-minifigures-series-f1-race-cars,2025-05-01,Purple Nova (Galaxy Motors),purple-nova-galaxy-motors,purple-nova-galaxy-motors,8,colF1-8,Purple Nova (Galaxy Motors),"Purple Nova, uzay çağının sürücüsüdür. Modern, ileri görüşlü ve özgür ruhludur. Hızın sınırlarını yeniden çizer.",,Yarış Pilotu,Modern / Özgür Ruhlu,10,10,10,,Nadir,,,,,0,0,0,0,6,,,,,FALSE,TRUE,TRUE
LEGO® Minifigürler Serisi F1 Race Cars,lego-minifigurler-serisi-f1-race-cars,lego-minifigures-series-f1-race-cars,2025-05-01,Orange Drift (Desert Racers),orange-drift-desert-racers,orange-drift-desert-racers,9,colF1-9,Orange Drift (Desert Racers),"Orange Drift, çöl kumlarının ustasıdır. Serbest, eğlenceli ve çeviktir. Her viraj onun için bir dans pistidir.",,Yarış Pilotu,Eğlenceli / Çevik,9,9,9,,Yaygın,,,,,0,0,0,0,6,,,,,FALSE,TRUE,TRUE
LEGO® Minifigürler Serisi F1 Race Cars,lego-minifigurler-serisi-f1-race-cars,lego-minifigures-series-f1-race-cars,2025-05-01,White Lightning (Storm Squad),white-lightning-storm-squad,white-lightning-storm-squad,10,colF1-10,White Lightning (Storm Squad),"White Lightning, fırtına gibi yarışır. Neşeli, cesur ve kararlı bir karakterdir. Hızla özgürlüğü birleştirir.",,Yarış Pilotu,Neşeli / Kararlı,9,9,9,,Yaygın,,,,,0,0,0,0,6,,,,,FALSE,TRUE,TRUE
LEGO® Minifigürler Serisi F1 Race Cars,lego-minifigurler-serisi-f1-race-cars,lego-minifigures-series-f1-race-cars,2025-05-01,Pit Crew Engineer,pit-crew-engineer,pit-crew-engineer,11,colF1-11,Pit Crew Engineer,"Pit Crew Engineer, takımın görünmeyen kahramanıdır. Zeki, sabırlı ve detaycıdır. Her saniye yarışın kaderini belirler.",,Mühendis,Zeki / Sabırlı,8,8,8,,Yaygın,,,,,0,0,0,0,5,,,,,FALSE,TRUE,TRUE
LEGO® Minifigürler Serisi F1 Race Cars,lego-minifigurler-serisi-f1-race-cars,lego-minifigures-series-f1-race-cars,2025-05-01,Race Trophy Presenter,race-trophy-presenter,race-trophy-presenter,12,colF1-12,Race Trophy Presenter,"Race Trophy Presenter, zaferin simgesidir. Zarif, pozitif ve enerjiktir. Her ödül anı bir hikâyeye dönüşür.",,Sunucu,Zarif / Pozitif,8,8,8,,Çok Nadir,,,,,0,0,0,0,5,,,,,FALSE,TRUE,TRUE
LEGO® Minifigürler Serisi Spider Man Across the Spider Verse,lego-minifigurler-serisi-spider-man-across-the-spider-verse,lego-minifigures-series-spider-man-across-the-spider-verse,2025-09-01,Spider-Man (Miles Morales),spider-man-miles-morales,spider-man-miles-morales,1,colSV-1,Spider-Man (Miles Morales),"Spider-Man (Miles Morales), farklı bir evrenden gelen genç ve idealist bir kahramandır. Cesur, zeki ve empati doludur. Kendi yolunu çizmek için her zorluğa meydan okur.",,Genç Kahraman,Cesur / Empatik,12,12,12,,Çok Nadir,,,,,0,0,0,0,6,,,,,FALSE,TRUE,TRUE
LEGO® Minifigürler Serisi Spider Man Across the Spider Verse,lego-minifigurler-serisi-spider-man-across-the-spider-verse,lego-minifigures-series-spider-man-across-the-spider-verse,2025-09-01,Spider-Gwen (Gwen Stacy),spider-gwen-gwen-stacy,spider-gwen-gwen-stacy,2,colSV-2,Spider-Gwen (Gwen Stacy),"Spider-Gwen (Gwen Stacy), özgür ruhlu ve duygusal bir kahramandır. Müziğe tutkusu, adalet duygusuyla birleşir. Geçmişindeki kayıplara rağmen umutla savaşır.",,Duygusal Kahraman,Sanatsal / Umutlu,11,11,11,,Nadir,,,,,0,0,0,0,6,,,,,FALSE,TRUE,TRUE
LEGO® Minifigürler Serisi Spider Man Across the Spider Verse,lego-minifigurler-serisi-spider-man-across-the-spider-verse,lego-minifigures-series-spider-man-across-the-spider-verse,2025-09-01,Spider-Man 2099 (Miguel O’Hara),spider-man-2099-miguel-o-hara,spider-man-2099-miguel-o-hara,3,colSV-3,Spider-Man 2099 (Miguel O’Hara),"Spider-Man 2099 (Miguel O’Hara), karanlık bir geleceğin sert kahramanıdır. Bilim ve güç arasında sıkışmıştır. Disiplinli, otoriter ama içten içe vicdan sahibidir.",,Karanlık Lider,Disiplinli / Vicdanlı,12,12,12,,Çok Nadir,,,,,0,0,0,0,6,,,,,FALSE,TRUE,TRUE
LEGO® Minifigürler Serisi Spider Man Across the Spider Verse,lego-minifigurler-serisi-spider-man-across-the-spider-verse,lego-minifigures-series-spider-man-across-the-spider-verse,2025-09-01,Spider-Woman (Jessica Drew),spider-woman-jessica-drew,spider-woman-jessica-drew,4,colSV-4,Spider-Woman (Jessica Drew),"Spider-Woman (Jessica Drew), güçlü, bağımsız ve sezgileri kuvvetli bir liderdir. Hem anne hem kahraman kimliğiyle ilham verir. Cesaretiyle çevresine güven aşılar.",,Güçlü Kahraman,İlham Verici / Koruyucu,10,10,10,,Nadir,,,,,0,0,0,0,6,,,,,FALSE,TRUE,TRUE
LEGO® Minifigürler Serisi Spider Man Across the Spider Verse,lego-minifigurler-serisi-spider-man-across-the-spider-verse,lego-minifigures-series-spider-man-across-the-spider-verse,2025-09-01,The Spot,the-spot,the-spot,5,colSV-5,The Spot,"The Spot, bilimsel bir kazanın ürünü olan karmaşık bir karakterdir. Mizahi tavırlarının ardında trajik bir hikâye yatar. Karanlıkla mizahı ustalıkla harmanlar.",,Trajik Anti Kahraman,Mizahi / Karanlık,9,9,9,,Yaygın,,,,,0,0,0,0,6,,,,,FALSE,TRUE,TRUE
LEGO® Minifigürler Serisi Spider Man Across the Spider Verse,lego-minifigurler-serisi-spider-man-across-the-spider-verse,lego-minifigures-series-spider-man-across-the-spider-verse,2025-09-01,Spider-Punk (Hobart Brown),spider-punk-hobart-brown,spider-punk-hobart-brown,6,colSV-6,Spider-Punk (Hobart Brown),"Spider-Punk (Hobart Brown), isyankâr, özgür ve enerjik bir figürdür. Sisteme başkaldırır, adaleti kendi yöntemleriyle sağlar. Tarzı kadar tavrı da sıra dışıdır.",,Asi Kahraman,Özgür Ruhlu / Enerjik,11,11,11,,Nadir,,,,,0,0,0,0,6,,,,,FALSE,TRUE,TRUE
LEGO® Minifigürler Serisi Spider Man Across the Spider Verse,lego-minifigurler-serisi-spider-man-across-the-spider-verse,lego-minifigures-series-spider-man-across-the-spider-verse,2025-09-01,Spider-Man India (Pavitr Prabhakar),spider-man-india-pavitr-prabhakar,spider-man-india-pavitr-prabhakar,7,colSV-7,Spider-Man India (Pavitr Prabhakar),"Spider-Man India (Pavitr Prabhakar), umut, cesaret ve maneviyatın birleşimidir. Geleneksel değerleriyle modern kahramanlığın uyumunu taşır. Neşesi bulaşıcıdır.",,Kültürel Kahraman,Neşeli / Maneviyatlı,10,10,10,,Nadir,,,,,0,0,0,0,6,,,,,FALSE,TRUE,TRUE
LEGO® Minifigürler Serisi Spider Man Across the Spider Verse,lego-minifigurler-serisi-spider-man-across-the-spider-verse,lego-minifigures-series-spider-man-across-the-spider-verse,2025-09-01,Spider-Byte,spider-byte,spider-byte,8,colSV-8,Spider-Byte,"Spider-Byte, dijital dünyanın koruyucusudur. Sanal evrenlerde savaşır, zekâsı ve özgüveniyle dikkat çeker. Teknolojiyi iyilik için kullanan bir simgedir.",,Dijital Kahraman,Zeki / Yenilikçi,9,9,9,,Yaygın,,,,,0,0,0,0,6,,,,,FALSE,TRUE,TRUE
LEGO® Minifigürler Serisi Spider Man Across the Spider Verse,lego-minifigurler-serisi-spider-man-across-the-spider-verse,lego-minifigures-series-spider-man-across-the-spider-verse,2025-09-01,Ben Reilly (Scarlet Spider),ben-reilly-scarlet-spider,ben-reilly-scarlet-spider,9,colSV-9,Ben Reilly (Scarlet Spider),"Ben Reilly (Scarlet Spider), kimlik arayışındaki bir kopyadır. Öfke ve adalet arasında sıkışmıştır. Acısını iyiliğe dönüştürür, sadık ve duygusaldır.",,Kopya Kahraman,Çatışmalı / Sadık,11,11,11,,Nadir,,,,,0,0,0,0,6,,,,,FALSE,TRUE,TRUE
LEGO® Minifigürler Serisi Spider Man Across the Spider Verse,lego-minifigurler-serisi-spider-man-across-the-spider-verse,lego-minifigures-series-spider-man-across-the-spider-verse,2025-09-01,Peter B. Parker,peter-b-parker,peter-b-parker,10,colSV-10,Peter B. Parker,"Peter B. Parker, deneyimli ama yorgun bir kahramandır. Mizahı ve babacan tavrıyla genç nesle rehberlik eder. Tecrübesiyle bilgelik katar.",,Bilge Kahraman,Deneyimli / Mizahi,10,10,10,,Nadir,,,,,0,0,0,0,6,,,,,FALSE,TRUE,TRUE
LEGO® Minifigürler Serisi Spider Man Across the Spider Verse,lego-minifigurler-serisi-spider-man-across-the-spider-verse,lego-minifigures-series-spider-man-across-the-spider-verse,2025-09-01,Spider-Cat,spider-cat,spider-cat,11,colSV-11,Spider-Cat,"Spider-Cat, eğlenceli, şapşal ama cesur bir minik kahramandır. Her zorlukta içgüdüleriyle hareket eder, neşesiyle fark yaratır.",,Komik Yardımcı,Eğlenceli / Cesur,8,8,8,,Yaygın,,,,,0,0,0,0,4,,,,,FALSE,TRUE,TRUE
LEGO® Minifigürler Serisi Spider Man Across the Spider Verse,lego-minifigurler-serisi-spider-man-across-the-spider-verse,lego-minifigures-series-spider-man-across-the-spider-verse,2025-09-01,Spider-Rex,spider-rex,spider-rex,12,colSV-12,Spider-Rex,"Spider-Rex, evrimin en çılgın kahramanıdır. Gücüyle olduğu kadar absürtlüğüyle de unutulmazdır. Kaosu mizahla dengeleyen efsanevi bir figürdür.",,Absürt Kahraman,Güçlü / Mizahi,12,12,12,,Çok Nadir,,,,,0,0,0,0,6,,,,,FALSE,TRUE,TRUE
